Date,Myitkyina_WL,Myitkyina_RF,Mandalay_WL,Mandalay_RF,Sagaing_WL,Sagaing_RF,Myinmu_WL,Myinmu_RF,Pakokku_WL,Pakokku_RF,NyaungOo_WL,NyaungOo_RF,Chauk_WL,Chauk_RF,Minbu_WL,Minbu_RF,Magway_WL,Magway_RF,Aunglan_WL,Aunglan_RF,Pyay_WL,Pyay_RF,Seiktha_WL,Seiktha_RF,Hinthada_WL,Hinthada_RF,Zalun_WL,Zalun_RF
1/1/2018,186,0,430,2,307,3,242,2,1247,0,1225,2,525,2,564,11,565,22,1409,0,1856,0,272,0,545,0,349,0
1/2/2018,185,0,429,14,302,15,240,12,1245,20,1224,11,525,15,561,6,564,13,1408,2,1854,0,269,0,542,0,346,0
1/3/2018,188,21,427,25,304,24,239,65,1244,42,1222,29,524,25,558,39,565,50,1407,18,1852,4,268,3,540,1,343,0
1/4/2018,204,7,426,10,309,9,241,4,1244,3,1220,1,521,0,557,5,563,7,1406,11,1851,21,269,0,539,0,342,0
1/5/2018,233,0,423,0,304,0,240,0,1244,0,1219,0,520,0,555,0,561,0,1406,0,1851,0,269,0,538,0,342,0
1/6/2018,213,0,422,0,308,0,238,0,1243,0,1219,0,517,0,555,0,559,0,1405,0,1851,0,268,0,538,0,342,0
1/7/2018,197,0,422,0,309,0,240,0,1242,0,1218,0,514,0,554,0,558,0,1405,0,1851,0,266,0,538,0,342,0
1/8/2018,186,0,425,0,305,0,243,0,1242,0,1217,0,509,0,554,0,556,0,1404,0,1851,0,265,0,538,0,342,0
1/9/2018,183,0,438,0,320,0,247,0,1243,0,1216,0,507,0,553,0,555,0,1404,0,1850,0,263,0,538,0,342,0
1/10/2018,180,0,444,0,328,0,261,0,1245,0,1215,0,506,0,553,0,555,0,1403,0,1850,0,262,0,537,0,342,0
1/11/2018,180,0,435,0,326,0,264,0,1255,0,1216,0,506,0,553,0,555,0,1402,0,1849,0,261,0,536,0,341,0
1/12/2018,179,0,423,0,312,0,254,0,1256,0,1228,0,510,0,567,0,566,0,1405,0,1847,0,259,0,534,0,340,0
1/13/2018,178,0,413,0,302,0,241,0,1248,0,1232,0,516,0,573,0,574,0,1413,0,1845,0,258,0,534,0,339,0
1/14/2018,176,0,408,0,295,0,232,0,1239,0,1233,0,514,0,567,0,569,0,1412,0,1851,0,263,0,534,0,338,0
1/15/2018,175,0,405,0,287,0,226,0,1234,0,1229,0,511,0,559,0,559,0,1406,0,1858,0,264,0,539,0,341,0
1/16/2018,175,0,403,0,284,0,219,0,1230,0,1221,0,508,0,547,0,550,0,1396,0,1856,0,260,0,541,0,343,0
1/17/2018,174,0,400,0,279,0,214,0,1226,0,1217,0,505,0,540,0,543,0,1388,0,1846,0,256,0,538,0,341,0
1/18/2018,173,0,397,0,277,0,212,0,1221,0,1212,0,505,0,535,0,537,0,1378,0,1833,0,248,0,534,0,338,0
1/19/2018,173,0,396,0,276,0,210,0,1217,0,1210,0,500,0,533,0,533,0,1373,0,1826,0,241,0,530,0,334,0
1/20/2018,172,0,394,0,277,0,211,0,1215,0,1208,0,496,0,529,0,529,0,1368,0,1823,0,236,0,527,0,331,0
1/21/2018,171,0,393,0,270,0,211,0,1214,0,1203,0,492,0,525,0,525,0,1364,0,1819,0,232,0,525,0,328,0
1/22/2018,170,0,392,0,264,0,210,0,1211,0,1200,0,489,0,522,0,522,0,1360,0,1815,0,228,0,523,0,326,0
1/23/2018,168,0,391,0,268,0,207,0,1208,0,1199,0,488,0,521,0,520,0,1355,0,1811,0,224,0,521,0,324,0
1/24/2018,167,0,390,0,267,0,203,0,1206,0,1197,0,487,0,519,0,519,0,1353,0,1807,0,220,0,520,0,322,0
1/25/2018,166,0,388,0,268,0,201,0,1204,0,1194,0,484,0,518,0,518,0,1351,0,1807,0,220,0,519,0,321,0
1/26/2018,165,0,387,0,266,0,200,0,1202,0,1189,0,482,0,517,0,516,0,1347,0,1806,0,216,0,518,0,320,0
1/27/2018,165,0,390,0,269,0,195,0,1200,0,1187,0,479,0,516,0,514,0,1343,0,1804,0,212,0,517,0,319,0
1/28/2018,166,0,387,0,267,0,191,0,1197,0,1185,0,478,0,515,0,512,0,1342,0,1801,0,211,0,515,0,317,0
1/29/2018,166,0,384,0,259,0,188,0,1194,0,1183,0,478,0,512,0,508,0,1341,0,1799,0,212,0,514,0,315,0
1/30/2018,165,0,381,0,256,0,186,0,1192,0,1181,0,476,0,510,0,506,0,1340,0,1798,0,209,0,513,0,314,0
1/31/2018,163,0,378,0,258,0,185,0,1190,0,1178,0,475,0,510,0,505,0,1339,0,1797,0,208,0,512,0,313,0
2/1/2018,160,0,376,0,256,0,183,0,1188,0,1173,0,472,0,509,0,504,0,1334,0,1796,0,207,0,511,0,312,0
2/2/2018,158,0,375,0,254,0,182,0,1186,0,1171,0,470,0,509,0,502,0,1330,0,1792,0,207,0,511,0,311,0
2/3/2018,155,0,374,0,253,0,180,0,1184,0,1170,0,468,0,508,0,499,0,1327,0,1790,0,206,0,510,0,310,0
2/4/2018,157,0,373,0,252,0,179,0,1182,0,1168,0,468,0,508,0,497,0,1326,0,1789,0,205,0,508,0,309,0
2/5/2018,164,0,372,0,246,0,174,0,1181,0,1167,0,467,0,507,0,495,0,1324,0,1787,0,204,0,506,0,308,0
2/6/2018,176,0,370,0,255,0,170,0,1179,0,1166,0,465,0,506,0,493,0,1322,0,1786,0,202,0,505,0,306,0
2/7/2018,184,0,369,0,251,0,175,0,1180,0,1164,0,462,0,505,0,492,0,1317,0,1785,0,202,0,503,0,305,0
2/8/2018,177,0,369,0,252,0,170,0,1180,0,1161,0,457,0,505,0,490,0,1314,0,1782,0,201,0,501,0,304,0
2/9/2018,177,0,371,0,257,0,175,0,1179,0,1160,0,455,0,504,0,488,0,1312,0,1779,0,200,0,500,0,302,0
2/10/2018,237,0,373,0,262,0,183,0,1180,0,1159,0,453,0,504,0,488,0,1312,0,1777,0,198,0,498,0,301,0
2/11/2018,205,0,389,0,262,0,187,0,1184,0,1157,0,451,0,503,0,487,0,1311,0,1777,0,198,0,497,0,300,0
2/12/2018,190,0,397,0,263,0,191,0,1185,0,1154,0,450,0,503,0,487,0,1310,0,1777,0,198,0,497,0,299,0
2/13/2018,177,0,388,0,262,0,192,0,1187,0,1152,0,448,0,503,0,488,0,1310,0,1777,0,196,0,497,0,299,0
2/14/2018,171,0,385,0,270,0,193,0,1187,0,1154,0,450,0,503,0,487,0,1313,0,17776,0,196,0,497,0,299,0
2/15/2018,168,0,398,0,278,0,194,0,1189,0,1158,0,452,0,505,0,492,0,1317,0,1777,0,197,0,497,0,299,0
2/16/2018,176,4,404,0,284,0,199,0,1193,0,1159,0,453,0,507,0,494,0,1320,0,1781,0,198,0,497,0,299,0
2/17/2018,185,0,394,0,274,0,200,0,1194,0,1164,0,456,0,508,0,497,0,1321,0,1785,0,201,0,500,0,300,0
2/18/2018,174,0,382,0,265,0,196,0,1191,0,1166,0,457,0,509,0,499,0,1325,0,1788,0,201,0,502,0,303,0
2/19/2018,170,0,375,0,256,0,187,0,1185,0,1166,0,457,0,509,0,500,0,1329,0,1788,0,203,0,504,0,304,0
2/20/2018,167,0,371,0,256,0,179,0,1179,0,1162,0,454,0,509,0,498,0,1329,0,1790,0,204,0,505,0,305,0
2/21/2018,163,0,369,0,256,0,179,0,1174,0,1159,0,449,0,507,0,493,0,1325,0,1792,0,206,0,506,0,306,0
2/22/2018,162,0,373,0,261,0,182,0,1172,0,1156,0,447,0,507,0,490,0,1320,0,1786,0,204,0,506,0,307,0
2/23/2018,166,0,370,0,258,0,182,0,1175,0,1154,0,443,0,506,0,488,0,1314,0,1776,0,201,0,505,0,306,0
2/24/2018,163,0,367,0,250,0,180,0,1174,0,1153,0,440,0,505,0,486,0,1313,0,1771,0,196,0,502,0,305,0
2/25/2018,158,0,362,0,244,0,175,0,1172,0,1155,0,438,0,504,0,484,0,1312,0,1770,0,193,0,499,0,303,0
2/26/2018,178,0,359,0,237,0,171,0,1170,0,1157,0,440,0,504,0,482,0,1311,0,1769,0,192,0,496,0,301,0
2/27/2018,172,0,358,0,237,0,166,0,1168,0,1161,0,442,0,503,0,481,0,1308,0,1768,0,192,0,494,0,299,0
2/28/2018,188,0,357,0,240,0,162,0,1165,0,1156,0,438,0,503,0,481,0,1304,0,1767,0,190,0,494,0,298,0
3/1/2018,213,0,357,0,238,0,166,0,1164,0,1151,0,436,0,502,0,480,0,1302,0,1764,0,187,0,493,0,297,0
3/2/2018,190,0,358,0,223,0,161,0,1162,0,1148,0,432,0,502,0,480,0,1298,0,1760,0,185,0,492,0,296,0
3/3/2018,178,0,364,0,221,0,159,0,1159,0,1146,0,431,0,501,0,479,0,1294,0,1756,0,182,0,490,0,295,0
3/4/2018,176,0,365,0,229,0,162,0,1158,0,1144,0,431,0,501,0,477,0,1292,0,1752,0,178,0,487,0,293,0
3/5/2018,272,0,374,0,234,0,165,0,1158,0,1141,0,428,0,500,0,476,0,1289,0,1749,0,177,0,484,0,290,0
3/6/2018,261,0,384,0,257,0,176,0,1159,0,1143,0,427,0,500,0,474,0,1285,0,1748,0,174,0,481,0,287,0
3/7/2018,261,0,382,0,260,0,181,0,1166,0,1149,0,430,0,499,0,472,0,1282,0,1745,0,172,0,478,0,284,0
3/8/2018,296,0,378,0,258,0,180,0,1172,0,1163,0,435,0,498,0,473,0,1284,0,1742,0,170,0,475,0,281,0
3/9/2018,244,0,387,0,263,0,181,0,1171,0,1176,0,440,0,504,0,479,0,1290,0,1739,0,169,0,474,0,279,0
3/10/2018,215,0,421,0,289,0,199,0,1173,0,1181,0,443,0,508,0,485,0,1299,0,1752,0,173,0,474,0,279,0
3/11/2018,201,0,442,0,312,0,237,0,1184,0,1183,0,443,0,510,0,487,0,1304,0,1764,0,178,0,477,0,280,0
3/12/2018,197,0,455,0,321,0,252,0,1199,0,1192,0,449,0,514,0,492,0,1307,0,1768,0,182,0,481,0,283,0
3/13/2018,188,0,466,0,337,0,262,0,1207,0,1212,0,453,0,520,0,500,0,1314,0,1770,0,184,0,484,0,286,0
3/14/2018,183,0,453,0,331,0,264,0,1217,0,1228,0,474,0,526,0,510,0,1324,0,1776,0,187,0,488,0,289,0
3/15/2018,179,0,428,0,307,0,255,0,1218,0,1238,0,489,0,536,0,524,0,1337,0,1785,0,195,0,493,0,293,0
3/16/2018,177,0,409,0,295,0,233,0,1208,0,1239,0,491,0,545,0,532,0,1349,0,1800,0,206,0,498,0,297,0
3/17/2018,180,0,398,0,271,0,216,0,1196,0,1228,0,486,0,550,0,538,0,1357,0,1810,0,217,0,507,0,303,0
3/18/2018,343,0,391,0,263,0,202,0,1187,0,1208,0,478,0,552,0,535,0,1356,0,1817,0,224,0,516,0,311,0
3/19/2018,303,0,384,0,252,0,195,0,1179,0,1189,0,470,0,547,0,525,0,1343,0,1813,0,225,0,523,0,318,0
3/20/2018,276,0,378,0,251,0,188,0,1172,0,1166,0,464,0,541,0,517,0,1329,0,1804,0,216,0,525,0,320,0
3/21/2018,234,0,376,0,254,0,186,0,1168,0,1160,0,460,0,531,0,508,0,1317,0,1793,0,207,0,517,0,313,0
3/22/2018,219,0,405,0,269,0,191,0,1168,0,1159,0,458,0,524,0,500,0,1309,0,1782,0,201,0,508,0,305,0
3/23/2018,209,0,464,0,322,0,237,0,1175,0,1158,0,453,0,520,0,497,0,1301,0,1771,0,195,0,500,0,297,0
3/24/2018,201,0,483,0,352,0,275,0,1199,0,1168,0,451,0,516,0,494,0,1297,0,1763,0,189,0,492,0,289,0
3/25/2018,235,0,462,0,332,0,276,0,1224,0,1191,0,447,0,512,0,492,0,1297,0,1759,0,185,0,484,0,282,0
3/26/2018,211,0,437,0,312,0,257,0,1233,0,1205,0,453,0,515,0,497,0,1304,0,1759,0,183,0,480,0,278,0
3/27/2018,200,2,418,0,298,0,239,0,1213,0,1201,0,466,0,532,0,514,0,1338,0,1779,0,188,0,480,0,277,0
3/28/2018,199,2,413,0,280,0,225,0,1201,0,1185,0,472,0,525,0,521,0,1354,0,1802,0,215,0,489,0,283,0
3/29/2018,198,0,407,0,280,0,212,0,1193,0,1165,0,461,0,513,0,511,0,1348,0,1821,0,235,0,508,0,300,0
3/30/2018,194,0,412,0,288,0,218,0,1191,0,1159,0,444,0,504,0,500,0,1336,0,1813,0,240,0,526,0,318,0
3/31/2018,191,0,406,0,291,0,222,0,1192,0,1158,0,432,0,499,0,493,0,1326,0,1802,0,230,0,528,0,322,0
4/1/2018,206,0,394,0,273,0,215,0,1192,0,1160,0,429,0,498,0,491,0,1320,0,1798,0,224,0,521,0,319,0
4/2/2018,191,0,388,0,248,0,190,0,1186,0,1162,0,431,0,500,0,494,0,1318,0,1780,0,220,0,510,0,311,0
4/3/2018,182,0,390,0,260,0,185,0,1175,0,1158,0,429,0,495,0,494,0,1319,4,1783,0,220,0,500,0,302,0
4/4/2018,181,2,389,5,262,9,198,3,1171,0,1143,2,424,0,486,0,486,0,1316,0,1787,0,218,0,497,0,300,0
4/5/2018,189,0,388,1,260,1,195,0,1175,0,1136,0,417,0,478,0,478,0,1306,0,1784,0,216,0,497,0,300,0
4/6/2018,193,0,388,0,265,0,201,0,1174,0,1135,0,415,0,477,0,476,0,1299,0,1777,0,208,0,497,0,300,0
4/7/2018,184,0,381,0,257,0,200,0,1175,0,1134,0,413,0,474,0,475,0,1299,0,1769,0,200,0,497,0,300,0
4/8/2018,186,0,378,5,245,2,196,0,1172,0,1133,0,412,2,473,5,475,6,1310,51,1768,0,198,0,496,0,299,0
4/9/2018,194,0,373,0,235,0,190,0,1167,7,1129,0,409,0,470,0,473,0,1290,0,1773,0,206,0,495,0,298,0
4/10/2018,190,0,379,0,248,0,191,0,1163,7,1126,0,407,0,468,0,468,0,1289,0,1768,0,202,0,498,0,299,0
4/11/2018,193,0,379,0,252,0,192,0,1163,0,1121,0,405,0,462,0,465,0,1285,0,1761,0,196,0,498,0,300,0
4/12/2018,209,0,377,0,248,0,191,0,1163,0,1119,0,404,0,454,0,460,0,1279,0,1757,0,192,0,495,0,297,0
4/13/2018,271,0,375,0,246,0,188,0,1162,0,1118,0,402,0,450,0,459,0,1272,0,1753,0,186,0,491,0,293,0
4/14/2018,256,0,377,0,243,0,182,0,1160,0,1116,0,401,0,450,0,458,0,1271,0,1750,0,182,0,488,0,292,0
4/15/2018,309,0,375,0,237,1,179,0,1157,0,1115,0,399,0,450,0,458,0,1271,0,1748,0,182,0,486,0,290,0
4/16/2018,279,0,382,0,236,0,179,0,1155,0,1114,0,397,0,446,0,458,0,1269,0,1746,0,183,0,485,0,288,0
4/17/2018,293,0,390,0,247,0,182,0,1155,0,1113,0,397,0,438,0,454,0,1265,0,1746,0,182,5,485,0,287,0
4/18/2018,250,0,413,0,264,0,195,15,1158,3,1114,2,396,0,435,0,450,0,1259,0,1744,0,177,0,485,0,287,0
4/19/2018,220,4,440,0,299,1,214,5,1168,0,1122,0,401,0,435,0,447,0,1256,0,1739,0,174,3,484,0,286,0
4/20/2018,228,0,459,0,322,0,243,0,1186,0,1134,0,407,0,439,0,453,0,1257,0,1736,0,170,0,481,0,285,0
4/21/2018,237,0,464,0,334,0,262,0,1211,0,1169,0,413,0,450,0,465,0,1266,0,1740,15,170,0,477,0,282,0
4/22/2018,257,0,459,0,334,0,268,0,1230,0,1187,0,439,0,473,0,490,0,1282,0,1748,0,176,0,477,0,282,0
4/23/2018,334,0,437,0,319,0,261,0,1235,0,1191,0,445,0,489,0,510,0,1306,0,1761,0,187,0,482,0,286,0
4/24/2018,319,0,424,0,316,0,247,0,1229,0,1191,0,445,0,499,0,522,0,1327,0,1778,0,206,5,493,0,293,0
4/25/2018,257,0,418,0,310,0,246,0,1222,0,1184,0,441,0,504,0,527,0,1341,0,1797,0,224,0,511,0,307,1
4/26/2018,234,0,426,0,312,0,241,0,1220,0,1173,0,434,0,499,0,520,0,1342,2,1808,0,238,0,528,0,325,3
4/27/2018,225,0,469,14,340,5,257,0,1219,0,1163,0,429,0,498,0,514,0,1336,0,1812,0,249,0,540,0,338,0
4/28/2018,223,0,499,1,378,8,298,0,1231,0,1162,0,426,0,496,0,511,0,1333,1,1809,8,250,0,548,0,345,0
4/29/2018,218,0,483,9,366,9,310,0,1260,0,1191,0,448,0,500,8,510,0,1331,0,1805,0,245,0,546,43,346,0
4/30/2018,212,14,456,39,334,48,280,5,1278,0,1227,0,483,0,519,0,520,0,1339,1,1804,0,244,0,540,0,341,0
5/1/2018,221,0,434,0,320,0,255,0,1278,0,1223,0,487,0,533,0,537,0,1361,0,1814,0,248,12,538,0,339,0
5/2/2018,271,6,422,0,304,0,245,0,1265,0,1193,0,478,0,533,0,538,0,1379,0,1830,0,262,0,544,0,342,0
5/3/2018,244,0,416,0,300,0,228,0,1248,16,1178,57,467,20,521,10,527,4,1377,0,1844,0,274,10,559,0,352,15
5/4/2018,232,0,407,0,294,0,223,0,1238,0,1167,0,455,0,509,0,514,0,1366,0,1838,0,275,0,570,0,362,0
5/5/2018,220,3,405,10,291,19,222,0,1233,0,1158,0,446,16,498,2,502,0,1350,6,1826,0,269,15,571,14,365,3
5/6/2018,345,3,418,0,295,0,220,0,1230,0,1152,0,440,0,489,0,493,0,1342,0,1818,0,266,0,567,0,362,0
5/7/2018,387,4,433,0,308,0,245,0,1230,0,1149,0,438,0,484,0,488,0,1333,0,1813,1,258,0,558,0,358,0
5/8/2018,338,8,432,0,313,0,251,0,1243,0,1155,0,442,0,481,8,486,4,1330,0,1809,6,250,5,551,0,351,0
5/9/2018,432,0,425,0,318,0,254,0,1255,19,1171,1,460,0,487,0,494,0,1324,0,1805,0,246,20,543,0,343,0
5/10/2018,430,1,439,1,322,0,258,0,1263,0,1180,0,467,0,498,0,506,0,1331,0,1806,0,242,0,539,0,337,0
5/11/2018,355,0,512,0,378,0,292,0,1270,0,1188,0,474,0,505,0,511,0,1343,0,1813,56,244,0,537,11,334,0
5/12/2018,310,0,547,10,429,17,361,12,1296,2,1198,4,483,0,508,0,514,0,1349,0,1820,0,250,0,540,0,335,0
5/13/2018,291,0,573,1,446,0,382,0,1332,0,1256,0,495,0,524,0,531,0,1353,0,1825,3,256,0,546,25,340,18
5/14/2018,279,0,596,0,477,0,413,1,1360,0,1292,0,514,0,577,56,570,64,1381,0,1829,0,265,5,552,0,345,0
5/15/2018,321,8,582,0,480,0,427,0,1386,0,1314,0,533,0,605,0,605,0,1425,3,1837,0,280,0,562,0,352,0
5/16/2018,271,6,545,0,445,0,405,0,1397,0,1335,0,557,0,639,0,630,0,1461,0,1864,0,312,0,581,0,363,0
5/17/2018,260,0,512,0,412,1,371,0,1388,0,1337,0,564,0,659,0,656,0,1493,0,1897,2,342,0,612,11,385,5
5/18/2018,257,0,492,0,388,0,342,3,1370,0,1319,0,561,0,659,0,652,0,1509,0,1925,0,368,0,645,0,411,0
5/19/2018,270,15,487,3,384,9,330,0,1346,0,1288,0,541,0,645,0,644,0,1504,0,1945,0,380,0,672,0,431,0
5/20/2018,273,0,484,0,372,0,321,0,1328,0,1280,0,520,0,635,0,633,2,1492,0,1938,3,378,0,688,0,443,0
5/21/2018,259,0,469,0,353,0,309,0,1316,0,1272,0,509,0,624,4,625,0,1476,0,1925,0,368,40,687,0,444,4
5/22/2018,272,0,457,0,354,6,297,0,1307,0,1259,0,499,0,614,0,617,0,1463,0,1909,0,356,0,676,0,437,0
5/23/2018,265,0,455,0,351,0,292,3,1298,0,1243,0,492,1,602,0,607,0,1451,0,1895,0,345,0,664,0,425,0
5/24/2018,291,0,461,13,352,3,291,0,1291,0,1237,0,489,0,586,0,589,0,1436,0,1885,0,333,0,650,0,413,0
5/25/2018,426,3,465,0,355,0,297,0,1287,0,1232,0,485,0,581,0,583,0,1423,0,1872,0,321,20,636,1,400,3
5/26/2018,448,3,466,0,358,0,305,0,1286,0,1231,0,483,0,572,0,578,1,1414,0,1864,0,308,0,624,0,386,0
5/27/2018,427,3,466,12,355,0,302,21,1289,3,1238,0,481,0,571,0,576,0,1410,0,1858,0,298,10,614,0,374,0
5/28/2018,437,2,474,1,342,0,295,0,1290,0,1242,0,486,0,580,0,583,0,1410,0,1855,0,295,5,609,56,368,41
5/29/2018,420,84,541,55,396,54,401,56,1288,19,1242,9,495,7,581,24,587,23,1419,57,1860,61,300,44,608,33,367,36
5/30/2018,459,89,608,38,467,41,409,74,1318,96,1262,121,507,94,587,61,593,75,1442,94,1873,76,381,58,616,59,372,80
5/31/2018,532,12,631,6,509,2,459,2,1383,0,1328,0,520,2,646,0,651,0,1455,2,1902,87,396,0,686,18,427,24
6/1/2018,557,0,655,0,545,0,502,0,1455,0,1384,0,572,0,682,0,686,0,1503,0,1939,2,363,0,694,1,439,0
6/2/2018,499,26,680,0,569,0,544,0,1498,36,1438,0,632,0,735,2,722,17,1548,9,1991,3,375,0,678,9,421,23
6/3/2018,413,44,705,1,594,2,567,12,1528,37,1486,31,679,30,790,15,772,22,1604,49,2043,2,409,20,692,1,427,0
6/4/2018,400,36,735,0,626,0,593,3,1555,0,1504,0,693,9,828,0,806,0,1652,0,2099,1,452,10,720,18,451,32
6/5/2018,427,5,767,0,663,0,645,0,1594,0,1551,18,709,5,867,0,842,0,1692,0,2137,10,497,12,751,1,478,0
6/6/2018,390,0,776,25,679,63,673,62,1631,37,1590,67,741,21,908,0,885,0,1739,0,2161,2,533,0,774,21,502,0
6/7/2018,337,0,763,0,669,0,675,10,1661,50,1634,0,781,2,957,0,931,0,1788,0,2202,10,573,0,807,21,536,63
6/8/2018,319,47,738,3,644,11,664,7,1671,2,1653,5,837,0,985,5,959,0,1834,4,2243,1,610,0,845,13,572,85
6/9/2018,364,40,726,2,632,8,652,2,1665,7,1653,6,850,3,1008,3,981,1,1862,28,2278,7,648,7,885,32,618,8
6/10/2018,326,18,706,1,621,1,644,0,1655,7,1643,10,847,11,1021,31,993,38,1872,28,2300,43,688,29,920,61,658,66
6/11/2018,329,8,670,8,574,10,617,8,1633,15,1626,17,845,33,1039,122,1016,124,1905,22,2310,47,729,54,961,37,704,49
6/12/2018,489,28,644,12,530,10,577,1,1607,6,1600,16,836,43,1065,70,1043,109,2023,100,2394,70,887,70,1028,49,773,68
6/13/2018,658,21,644,7,527,3,556,5,1601,5,1589,8,816,15,1050,34,1017,43,1999,26,2494,17,939,7,1134,43,882,23
6/14/2018,822,14,650,11,534,6,558,14,1645,1,1599,0,808,5,1057,29,1033,29,1974,12,2461,18,873,9,1136,64,926,79
6/15/2018,899,0,671,0,567,0,581,0,1721,0,1677,5,828,14,1130,59,1103,68,2035,20,2494,30,883,12,1117,61,910,13
6/16/2018,874,1,752,0,646,0,641,0,1792,2,1765,0,871,6,1179,0,1156,0,2066,0,2478,0,885,0,1137,1,930,2
6/17/2018,771,34,834,0,738,0,736,0,1848,0,1830,0,933,0,1228,0,1197,0,2101,0,2484,0,864,0,1128,0,930,0
6/18/2018,677,2,891,0,798,0,800,0,1887,0,1871,0,989,0,1263,0,1231,0,2134,0,2513,0,890,0,1122,0,921,0
6/19/2018,610,0,934,19,836,0,896,0,1907,0,1895,0,1034,0,1292,0,1259,1,2162,0,2537,1,916,0,1137,0,930,0
6/20/2018,534,76,971,0,878,0,878,0,1915,0,1904,0,1061,0,1307,0,1286,0,2183,0,2564,0,937,17,1155,0,952,0
6/21/2018,530,27,1001,0,908,0,909,0,1919,0,1913,0,1070,0,1319,0,1285,0,2195,5,2571,4,954,0,1172,9,971,5
6/22/2018,614,80,1022,0,932,0,932,0,1919,0,1916,0,1076,0,1319,0,1287,2,2201,2,2577,4,962,16,1183,4,983,4
6/23/2018,652,38,1034,0,940,0,941,0,1912,0,1913,0,1074,0,1323,0,1285,0,2201,0,2584,5,962,0,1189,28,989,8
6/24/2018,627,50,1031,0,941,0,940,0,1898,0,1904,0,1069,0,1314,6,1278,0,2195,5,2588,10,964,45,1193,15,993,25
6/25/2018,633,6,1011,0,917,0,929,0,1881,0,1885,0,1060,0,1296,0,1261,0,2184,0,2567,5,958,3,1193,0,994,9
6/26/2018,682,4,988,0,898,0,906,0,1862,0,1869,0,1047,0,1279,2,1245,2,2165,0,2556,5,949,0,1187,13,989,3
6/27/2018,682,25,974,1,878,0,885,0,1859,0,1860,0,1037,0,1263,19,1225,19,2154,3,2546,12,947,0,1181,8,980,1
6/28/2018,677,16,967,0,873,0,875,0,1870,0,1870,0,1025,0,1253,0,1216,0,2137,2,2534,31,933,9,1180,46,977,8
6/29/2018,663,16,970,0,875,0,878,2,1884,0,1884,0,1032,0,1255,0,1218,10,2136,1,2523,28,923,35,1171,0,972,0
6/30/2018,666,14,975,5,887,2,887,2,1897,0,1899,0,1044,0,1266,17,1230,7,2143,0,2540,0,919,0,1164,5,966,3
7/1/2018,696,49,980,2,884,0,893,1,1910,0,1910,1,1060,0,1281,0,1244,0,2156,23,2546,0,917,25,1163,38,964,8
7/2/2018,793,10,990,0,895,0,903,0,1921,0,1920,0,1070,0,1296,6,1261,0,2170,9,2553,0,925,15,1165,0,964,0
7/3/2018,798,3,999,0,904,0,915,0,1933,0,1935,0,1078,0,1308,0,1275,0,2183,4,2562,0,937,9,1175,1,972,1
7/4/2018,847,1,1005,0,911,0,925,0,1942,0,1943,0,1084,0,1322,0,1286,1,2195,0,2570,0,947,0,1182,18,980,13
7/5/2018,865,0,1017,0,925,0,934,0,1943,0,1948,0,1088,0,1331,0,1296,0,2207,6,2583,2,958,0,1192,30,990,15
7/6/2018,751,0,1027,0,935,0,944,0,1946,3,1951,0,1091,0,1339,53,1305,36,2218,8,2596,0,971,0,1200,0,997,7
7/7/2018,675,10,1042,0,950,0,955,0,1952,0,1953,0,1095,0,1347,0,1311,0,2221,0,2598,0,981,0,1208,6,1006,2
7/8/2018,723,21,1059,0,965,0,970,0,1962,0,1962,0,1099,0,1350,5,1315,3,2226,7,2604,2,987,0,1216,56,1019,38
7/9/2018,677,12,1080,0,984,0,989,1,1974,0,1975,0,1105,0,1359,0,1322,0,2232,0,2608,0,991,3,1221,53,1024,40
7/10/2018,723,7,1102,0,1005,0,1007,0,1985,0,1989,0,1114,0,1369,0,1336,0,2241,0,2615,11,996,5,1225,23,1029,48
7/11/2018,778,4,1116,0,1021,0,1025,0,1998,0,1997,0,1131,0,1389,0,1352,0,2253,22,2624,12,1009,0,1232,5,1033,5
7/12/2018,750,16,1126,0,1034,0,1038,0,2010,0,2013,0,1144,0,1406,0,1367,0,2267,1,2637,1,1025,0,1241,21,1039,2
7/13/2018,739,1,1130,0,1035,0,1041,2,2020,0,2023,0,1156,1,1417,0,1383,0,2285,0,2648,6,1040,17,1251,17,1047,5
7/14/2018,692,4,1123,0,1031,0,1042,0,2026,0,2032,0,1174,1,1431,1,1402,0,2299,0,2666,21,1053,0,1262,10,1056,7
7/15/2018,629,73,1119,0,1027,0,1041,0,2034,0,2038,0,1189,0,1449,0,1410,0,2309,3,2677,1,1068,20,1274,6,1066,28
7/16/2018,596,14,1119,0,1025,0,1039,2,2041,0,2047,0,1204,0,1454,0,1421,0,2317,5,2686,27,1080,25,1287,38,1079,13
7/17/2018,625,5,1122,0,1030,0,1041,8,2048,0,2052,0,1214,0,1463,0,1430,0,2328,31,2700,8,1093,15,1298,27,1091,38
7/18/2018,642,0,1123,0,1032,0,1043,0,2055,0,2061,0,1221,0,1474,0,1442,0,2338,0,2704,0,1101,0,1306,5,1099,18
7/19/2018,585,0,1119,0,1028,0,1044,0,2059,5,2070,57,1225,27,1488,10,1457,5,2351,20,2718,4,1111,18,1315,14,1107,9
7/20/2018,547,71,1107,17,1017,35,1042,5,2057,0,2071,0,1232,0,1499,5,1469,12,2363,0,2730,0,1125,7,1324,10,1117,16
7/21/2018,546,7,1087,0,998,0,1027,1,2041,0,2062,0,1236,1,1503,0,1474,1,2373,18,2750,20,1141,10,1333,7,1128,12
7/22/2018,540,17,1063,0,975,0,1005,4,2012,0,2033,9,1231,1,1496,0,1467,0,2370,2,2749,4,1155,10,1338,7,1139,44
7/23/2018,565,28,1035,0,947,0,978,2,1976,0,1999,0,1214,0,1470,4,1442,0,2351,15,2731,2,1145,0,1340,8,1149,32
7/24/2018,597,43,1008,1,918,0,948,0,1960,0,1982,0,1191,0,1435,0,1404,6,2322,37,2707,4,1129,5,1332,51,1147,52
7/25/2018,638,2,979,0,893,0,925,0,1948,0,1966,0,1170,0,1407,0,1375,0,2291,0,2685,0,1116,9,1318,2,1138,10
7/26/2018,611,0,961,1,868,8,902,0,1923,0,1947,0,1146,2,1389,8,1356,0,2272,3,2659,2,1101,10,1305,13,1127,32
7/27/2018,581,41,945,4,853,12,877,0,1896,0,1917,0,1119,0,1363,0,1334,0,2251,0,2650,6,1090,0,1291,2,1115,7
7/28/2018,603,0,951,0,854,0,871,0,1886,0,1904,0,1095,0,1329,0,1297,0,2219,0,2629,0,1072,0,1280,1,1103,9
7/29/2018,623,10,970,0,873,0,881,0,1894,0,1905,0,1070,0,1308,0,1275,0,2194,0,2595,0,1044,0,1268,15,1092,45
7/30/2018,637,13,989,0,893,0,901,0,1913,0,1923,0,1053,0,1303,13,1272,25,2178,0,2569,1,994,0,1246,12,1078,17
7/31/2018,672,12,1011,0,913,0,922,0,1921,0,1938,0,1062,0,1317,0,1285,10,2185,4,2554,9,979,15,1222,18,1049,31
8/1/2018,665,3,1033,0,937,0,942,3,1939,0,1950,0,1072,3,1331,0,1298,0,2197,2,2566,2,982,9,1208,47,1030,40
8/2/2018,678,4,1054,0,958,0,964,1,1969,0,1978,0,1078,0,1347,12,1315,13,2211,3,2578,4,990,17,1211,3,1031,17
8/3/2018,676,114,1073,0,978,17,989,23,1999,0,2007,0,1095,0,1377,0,1345,1,2234,0,2590,0,1000,0,1217,6,1040,30
8/4/2018,666,25,1086,0,992,0,1006,0,2022,0,2032,0,1110,0,1412,0,1378,0,2266,5,2609,6,1018,8,1228,19,1049,2
8/5/2018,671,4,1096,0,1002,0,1017,0,2042,0,2049,0,1130,0,1443,0,1409,0,2300,0,2640,7,1043,0,1248,15,1063,2
8/6/2018,603,2,1104,26,1012,42,1030,3,2056,0,2067,4,1130,1,1468,12,1438,4,2326,15,2683,0,1076,3,1268,7,1083,25
8/7/2018,576,40,1109,1,1018,9,1038,0,2068,0,2078,0,1154,0,1490,5,1463,2,2349,0,2711,1,1092,0,1287,0,1102,0
8/8/2018,566,0,1111,0,1024,0,1044,3,2081,0,2091,0,1183,0,1512,15,1482,2,2369,5,2727,13,1108,3,1298,37,1117,5
8/9/2018,564,0,1123,1,1036,0,1052,0,2091,0,2096,0,1212,0,1529,0,1501,0,2386,0,2741,0,1124,35,1308,48,1128,16
8/10/2018,551,101,1135,69,1046,23,1062,1,2092,0,2103,0,1243,0,1546,0,1517,0,2399,2,2752,0,1134,0,1319,0,1138,3
8/11/2018,543,0,1140,0,1052,0,1069,5,2086,4,2101,1,1267,0,1554,0,1525,0,2408,0,2759,0,1145,0,1326,0,1149,1
8/12/2018,596,3,1135,0,1047,0,1066,0,2068,0,2089,0,1283,0,1556,0,1527,0,2409,3,2762,0,1149,0,1333,0,1157,3
8/13/2018,615,7,1119,0,1033,0,1054,0,2040,0,2064,0,1290,0,1542,0,1513,1,2405,6,2762,33,1149,28,1339,44,1163,15
8/14/2018,668,0,1098,0,1012,0,1035,4,2010,12,2053,9,1283,8,1513,9,1489,3,2385,0,2746,0,1138,17,1340,2,1166,1
8/15/2018,670,0,1076,0,993,0,1012,0,1990,2,2033,0,1241,6,1483,0,1452,0,2356,1,2725,3,1127,15,1339,29,1165,32
8/16/2018,650,7,1059,0,977,0,998,0,1985,0,2016,0,1217,10,1449,0,1420,1,2325,9,2698,10,1099,20,1330,15,1159,13
8/17/2018,589,0,1059,29,979,27,995,5,1998,0,2016,0,1189,0,1431,0,1400,0,2303,1,2679,26,1072,10,1318,15,1149,19
8/18/2018,535,0,1065,0,983,0,1002,0,2013,0,2028,0,1196,12,1437,5,1404,5,2300,5,2669,23,1057,0,1301,13,1133,11
8/19/2018,500,0,1072,24,989,12,1007,3,2016,41,2036,31,1205,30,1463,29,1434,49,2319,5,2681,7,1060,0,1293,1,1118,3
8/20/2018,500,4,1079,27,994,10,1011,1,2002,1,2040,0,1214,3,1487,0,1460,0,2347,4,2708,18,1080,30,1301,70,1120,66
8/21/2018,482,3,1082,0,997,0,1012,3,1985,0,2027,0,1209,1,1490,0,1463,1,2360,6,2723,1,1097,0,1309,43,1126,32
8/22/2018,503,8,1072,11,989,7,1006,0,1974,0,2008,0,1200,0,1470,0,1440,4,2342,3,2716,0,1113,0,1315,1,1134,3
8/23/2018,559,2,1050,0,967,0,991,0,1968,0,1988,0,1188,0,1445,0,1414,0,2317,0,2686,0,1095,0,1315,1,1138,8
8/24/2018,571,2,1019,2,938,4,965,20,1950,0,1976,0,1173,3,1427,0,1395,1,2298,2,2673,3,1077,0,1306,2,1134,7
8/25/2018,562,8,996,5,914,6,939,6,1934,0,1953,0,1152,3,1407,12,1374,10,2283,3,2663,34,1068,0,1296,16,1124,67
8/26/2018,533,27,980,0,901,0,926,0,1923,0,1945,0,1128,0,1387,0,1351,0,2263,1,2647,20,1059,10,1286,9,1114,17
8/27/2018,548,5,977,0,900,0,923,0,1919,0,1937,0,1106,0,1367,0,1333,0,2243,0,2631,10,1044,0,1279,12,1105,9
8/28/2018,589,0,983,0,903,0,921,16,1922,6,1936,0,1094,0,1354,6,1318,25,2226,33,2616,56,1030,25,1272,29,1098,20
8/29/2018,597,6,986,0,908,0,925,2,1927,0,1947,0,1098,0,1351,31,1315,50,2220,2,2601,4,1018,0,1261,109,1089,22
8/30/2018,579,5,991,0,910,0,927,0,1937,0,1950,0,1105,0,1352,0,1317,0,2217,1,2599,10,1010,0,1249,4,1078,10
8/31/2018,575,17,993,0,914,0,932,0,1947,0,1957,0,1118,0,1361,3,1328,10,2224,1,2594,0,1004,0,1240,14,1066,9
9/1/2018,551,2,995,0,914,0,934,0,1948,23,1964,0,1124,0,1368,0,1336,0,2230,7,2607,21,1009,0,1240,22,1063,27
9/2/2018,549,11,1006,0,928,0,942,0,1946,0,1965,0,1128,0,1374,0,1342,0,2237,2,2616,1,1021,25,1243,11,1063,6
9/3/2018,539,6,1026,0,950,0,952,0,1940,0,1963,0,1125,5,1371,0,1342,1,2240,0,2622,0,1023,0,1244,4,1063,1
9/4/2018,563,3,1047,41,977,10,975,8,1935,4,1956,5,1118,2,1367,0,1336,0,2236,4,2624,0,1023,0,1244,12,1065,9
9/5/2018,515,2,1069,11,990,6,998,17,1941,47,1955,17,1113,5,1362,0,1332,0,2230,1,2617,0,1019,0,1244,21,1068,2
9/6/2018,516,0,1073,0,997,0,1002,0,1951,0,1963,0,1116,2,1367,8,1335,3,2228,29,2608,3,1012,0,1242,5,1067,34
9/7/2018,564,6,1077,0,1002,2,1006,0,1964,0,1977,0,1127,0,1377,0,1341,0,2237,0,2613,17,1015,0,1237,2,1060,0
9/8/2018,607,0,1076,0,998,7,1007,0,1969,0,1984,0,1143,0,1387,0,1353,0,2245,0,2618,0,1021,0,1236,1,1057,0
9/9/2018,637,3,1064,0,987,6,1001,0,1967,7,1985,0,1160,0,1394,0,1362,0,2254,0,2628,0,1027,0,1240,0,1058,0
9/10/2018,698,5,1048,3,965,2,985,3,1952,8,1974,0,1164,0,1396,0,1369,0,2258,3,2637,30,1033,0,1246,0,1064,0
9/11/2018,742,74,1023,0,945,0,965,0,1930,0,1952,0,1156,0,1385,0,1367,0,2254,0,2637,0,1035,0,1251,0,1069,0
9/12/2018,743,79,1008,0,927,0,943,0,1913,0,1932,0,1138,0,1361,0,1350,0,2235,0,2618,0,1024,0,1252,0,1070,0
9/13/2018,777,2,1004,0,923,0,933,0,1901,0,1916,0,1119,0,1337,0,1323,0,2210,0,2594,23,1006,20,1245,0,1067,0
9/14/2018,780,0,1011,0,929,0,933,0,1897,0,1911,0,1107,0,1319,0,1298,0,2190,0,2565,0,988,0,1230,0,1055,0
9/15/2018,655,0,1027,0,944,0,945,0,1906,0,1915,1,1095,0,1309,0,1287,0,2177,0,2532,23,977,0,1213,0,1039,0
9/16/2018,570,0,1051,0,966,0,969,0,1919,0,1932,0,1089,0,1313,27,1283,8,2174,18,2511,6,964,0,1199,16,1027,8
9/17/2018,506,0,1078,0,990,0,988,0,1932,0,1943,0,1099,0,1328,0,1296,0,2183,3,2507,0,965,0,1189,0,1016,0
9/18/2018,473,1,1097,0,1010,0,1004,0,1941,0,1954,0,1108,0,1342,0,1313,0,2199,0,2537,0,973,0,1183,1,1010,0
9/19/2018,471,36,1113,1,1023,0,1019,11,1942,15,1957,30,1119,22,1355,2,1324,0,2213,2,2581,5,981,0,1191,20,1011,16
9/20/2018,461,0,1120,34,1030,78,1033,31,1944,22,1959,45,1131,28,1365,0,1336,0,2222,3,2596,1,993,20,1204,19,1024,17
9/21/2018,474,1,1109,0,1024,1,1032,1,1943,0,1958,0,1140,0,1369,0,1345,0,2231,0,2600,0,1000,0,1212,2,1032,19
9/22/2018,487,0,1083,0,1000,0,1014,0,1933,0,1954,0,1143,0,1366,0,1342,0,2231,0,2607,0,1003,0,1217,2,1037,0
9/23/2018,506,0,1032,0,953,0,980,0,1914,0,1936,0,1134,0,1357,0,1335,0,2224,0,2601,0,1000,0,1218,0,1040,0
9/24/2018,466,1,981,0,900,0,927,3,1878,0,1906,0,1116,0,1335,2,1315,1,2209,0,2593,0,994,0,1215,8,1038,0
9/25/2018,513,8,923,0,848,0,874,0,1835,0,1859,0,1096,0,1300,0,1277,0,2180,0,2549,0,983,0,1209,0,1033,0
9/26/2018,530,0,898,80,818,5,831,3,1795,0,1817,0,1072,0,1243,0,1235,0,2139,0,2518,0,963,8,1199,0,1023,0
9/27/2018,513,17,885,0,802,0,809,0,1766,0,1783,0,1038,0,1199,0,1174,0,2089,0,2490,0,926,0,1174,0,1004,0
9/28/2018,561,1,879,0,797,0,790,0,1749,0,1765,0,1004,0,1158,0,1128,0,2039,0,2439,0,895,0,1145,0,979,0
9/29/2018,579,0,887,0,801,0,792,0,1745,0,1759,0,978,0,1134,0,1103,0,2004,0,2406,0,852,0,1123,0,950,0
9/30/2018,509,18,885,0,798,0,798,0,1746,0,1756,0,966,2,1121,0,1090,2,1985,0,2386,16,817,0,1073,0,907,0
10/1/2018,465,15,883,0,797,0,794,0,1740,0,1752,0,962,0,1116,0,1082,0,1976,0,2367,0,798,0,1032,3,864,0
10/2/2018,532,0,887,2,801,36,791,5,1735,0,1747,0,956,0,1114,15,1080,0,1976,0,2366,0,788,0,1013,0,845,0
10/3/2018,531,0,898,10,812,58,796,3,1731,2,1742,0,952,0,1111,3,1079,27,1971,0,2379,0,785,0,1005,32,838,0
10/4/2018,485,0,899,38,814,3,807,7,1732,4,1742,0,949,0,1104,20,1074,3,1964,0,2374,0,781,0,1003,26,835,17
10/5/2018,422,6,897,10,797,0,800,0,1728,0,1741,0,948,12,1102,0,1071,2,1960,1,2369,81,777,0,1000,36,834,13
10/6/2018,411,0,876,1,799,0,791,0,1713,16,1725,6,944,0,1101,0,1070,0,1959,0,2363,0,771,0,996,0,829,23
10/7/2018,399,2,882,5,810,16,799,0,1715,0,1722,0,937,0,1091,0,1061,0,1953,0,2362,0,770,0,990,0,825,13
10/8/2018,383,2,877,1,803,1,800,0,1723,0,1731,0,935,0,1087,17,1058,18,1945,0,2357,0,764,0,987,1,822,4
10/9/2018,378,0,866,60,795,70,795,9,1724,0,1733,4,938,0,1090,0,1059,0,1943,0,2350,0,759,20,983,5,817,1
10/10/2018,374,0,841,7,775,6,785,15,1725,15,1734,8,942,18,1097,41,1069,28,1950,0,2348,0,758,0,978,27,813,4
10/11/2018,351,0,828,10,763,7,771,7,1722,3,1733,4,939,4,1110,13,1085,10,1969,18,2363,7,767,2,975,19,809,15
10/12/2018,353,6,822,5,758,5,764,11,1715,12,1725,21,935,15,1120,21,1093,21,1981,9,2374,4,783,0,975,0,809,0
10/13/2018,403,39,814,16,754,7,763,8,1717,3,1722,4,929,0,1124,0,1094,0,1981,0,2398,0,797,0,986,0,819,0
10/14/2018,559,23,799,5,738,3,757,2,1719,4,1729,7,926,2,1127,10,1096,5,1982,24,2391,0,797,0,998,0,831,0
10/15/2018,725,34,792,0,733,0,750,0,1726,0,1734,0,929,0,1129,0,1105,0,1987,1,2392,8,794,0,999,0,833,0
10/16/2018,513,0,815,0,754,0,755,0,1731,0,1737,0,934,0,1129,0,1109,0,1991,0,2396,0,798,0,999,0,833,0
10/17/2018,434,0,858,0,788,0,784,0,1740,0,1744,0,939,0,1132,0,1106,0,1988,0,2403,0,798,0,1000,0,834,0
10/18/2018,408,0,895,0,823,0,816,0,1752,0,1756,0,944,0,1134,0,1106,0,1987,0,2391,0,795,0,1000,0,834,0
10/19/2018,385,0,923,0,848,0,842,0,1764,0,1769,0,954,0,1134,0,1112,0,1992,0,2391,0,793,0,1000,0,834,0
10/20/2018,381,0,942,0,863,0,860,0,1774,0,1781,0,963,0,1145,0,1121,0,1999,0,2399,0,797,0,1000,0,834,0
10/21/2018,373,0,920,0,843,0,854,0,1776,0,1786,0,971,0,1153,0,1129,0,2007,0,2408,0,802,0,1001,0,834,0
10/22/2018,354,0,867,0,793,0,811,0,1758,0,1771,0,977,0,1156,0,1132,0,2015,0,2414,3,810,2,1007,57,840,80
10/23/2018,339,0,809,0,735,0,748,0,1716,0,1736,0,970,0,1144,1,1125,2,2009,0,2422,0,818,25,1013,127,848,50
10/24/2018,330,0,762,0,691,0,698,0,1671,0,1690,0,938,0,1106,0,1097,0,1979,7,2410,38,825,10,1017,10,852,0
10/25/2018,326,0,722,9,653,0,649,0,1643,0,1647,0,902,0,1052,0,1034,0,1933,0,2356,0,803,0,1015,3,850,2
10/26/2018,318,0,698,1,630,0,614,0,1603,0,1608,3,860,20,1010,0,989,0,1883,1,2318,0,766,0,1004,0,841,0
10/27/2018,312,0,678,0,608,0,590,0,1574,0,1586,0,817,0,976,0,953,0,1839,0,2280,0,737,0,986,0,826,0
10/28/2018,306,0,659,0,586,0,567,0,1548,0,1565,0,778,0,948,0,926,0,1800,0,2229,0,703,25,966,1,806,0
10/29/2018,301,0,644,0,574,0,551,0,1529,0,1543,0,748,0,920,0,892,1,1769,0,2205,0,678,0,940,0,780,0
10/30/2018,298,0,633,0,561,0,538,0,1520,0,1526,0,720,0,899,0,874,0,1741,2,2174,0,660,0,911,0,751,0
10/31/2018,293,0,621,0,544,0,523,0,1509,0,1519,0,699,0,890,4,853,0,1723,0,2154,0,636,0,882,0,719,0
11/1/2018,291,0,610,1,529,0,505,2,1489,6,1504,1,682,0,877,0,841,0,1710,9,2140,0,614,0,854,3,688,0
11/2/2018,285,0,600,0,519,0,492,0,1473,0,1487,0,667,0,862,0,826,0,1696,0,2123,0,596,0,826,0,660,0
11/3/2018,283,0,596,0,512,0,488,0,1467,0,1474,0,656,0,844,0,811,0,1680,0,2110,0,578,0,802,0,635,0
11/4/2018,277,0,591,0,506,0,483,0,1456,0,1459,0,643,0,834,0,800,0,1665,0,2093,0,562,0,780,0,612,0
11/5/2018,275,0,579,0,498,0,474,0,1448,0,1448,0,633,0,828,0,793,0,1653,0,2079,0,547,0,758,0,590,0
11/6/2018,279,0,575,0,490,0,468,0,1440,0,1446,0,626,0,816,0,784,0,1642,0,2075,0,537,0,738,0,570,0
11/7/2018,319,0,568,0,477,0,457,0,1432,0,1438,0,617,0,807,0,775,0,1632,0,2063,0,525,0,725,0,552,0
11/8/2018,311,0,559,0,470,0,445,0,1423,0,1427,0,611,0,799,0,767,0,1622,0,2053,0,514,0,711,0,535,0
11/9/2018,313,0,550,0,461,0,435,0,1419,0,1418,0,606,0,786,0,761,0,1613,0,2045,0,505,0,698,0,521,0
11/10/2018,279,0,557,0,464,0,435,0,1416,0,1408,0,600,0,775,0,750,0,1603,0,2034,0,497,0,686,0,508,0
11/11/2018,269,0,565,0,464,0,438,0,1414,0,1400,0,594,0,768,0,738,0,1592,0,2022,0,493,0,675,3,497,9
11/12/2018,261,0,566,0,469,0,440,0,1413,0,1392,0,589,0,767,0,732,0,1587,0,2015,0,488,0,666,2,486,0
11/13/2018,257,0,561,0,466,0,440,0,1413,0,1390,0,585,0,765,0,730,0,1581,0,2013,0,483,0,657,0,478,0
11/14/2018,252,0,549,0,451,0,430,0,1412,0,1402,0,583,0,764,0,728,0,1581,0,2008,0,479,0,648,0,471,0
11/15/2018,249,0,534,0,440,0,416,0,1409,0,1401,0,587,0,762,0,725,0,1581,0,2008,0,478,0,638,0,464,0
11/16/2018,246,0,528,0,431,0,406,0,1403,0,1393,0,584,0,756,0,721,0,1577,0,2007,0,477,0,630,0,457,0
11/17/2018,245,0,522,0,425,0,398,0,1394,0,1383,0,578,0,745,0,715,0,1568,0,2002,0,475,0,627,0,455,0
11/18/2018,255,0,517,0,418,0,390,0,1388,0,1373,0,573,0,730,0,707,0,1555,0,1993,0,470,0,624,0,452,0
11/19/2018,298,0,510,0,407,0,382,0,1380,0,1363,0,567,0,722,0,698,0,1544,0,1982,0,465,0,622,0,449,0
11/20/2018,297,0,503,0,405,0,372,0,1372,0,1356,0,560,0,719,0,692,0,1536,0,1972,0,461,0,617,0,444,0
11/21/2018,267,0,500,0,400,0,371,0,1367,0,1352,0,554,0,708,0,686,0,1529,0,1967,0,456,0,611,0,438,0
11/22/2018,261,0,506,0,400,0,365,0,1363,0,1344,0,548,0,701,0,679,0,1520,0,1961,0,453,0,598,0,427,0
11/23/2018,255,0,516,0,404,0,371,0,1359,0,1338,0,543,0,697,0,671,0,1513,0,1957,0,449,0,592,0,418,0
11/24/2018,252,0,520,0,416,0,379,0,1359,0,1337,0,539,0,692,0,666,0,1506,0,1952,0,444,0,588,0,411,0
11/25/2018,249,0,515,0,411,0,383,0,1363,0,1332,0,536,0,692,0,665,0,1504,0,1947,0,438,0,583,0,405,0
11/26/2018,244,0,498,0,397,0,373,0,1365,0,1333,0,533,0,697,0,668,0,1504,0,1945,0,434,0,580,0,400,0
11/27/2018,241,0,489,0,389,0,353,0,1362,0,1336,0,537,0,697,0,669,0,1507,0,1946,0,431,0,577,0,395,0
11/28/2018,239,0,487,0,389,0,347,0,1356,0,1330,0,534,0,693,0,666,0,1510,0,1949,0,432,0,577,0,393,0
11/29/2018,236,0,484,0,384,0,347,0,1347,0,1322,0,530,0,683,0,660,0,1501,0,1946,0,433,0,579,0,394,0
11/30/2018,232,0,479,0,377,0,342,0,1343,0,1313,0,525,0,676,0,655,0,1492,0,1936,0,429,0,575,0,394,0
12/1/2018,230,0,475,0,371,0,334,0,1336,0,1307,0,520,0,669,0,652,0,1486,0,1932,0,424,0,566,0,388,0
12/2/2018,228,0,471,0,369,0,328,0,1329,0,1303,0,514,0,666,0,648,0,1482,0,1927,0,420,0,562,0,383,0
12/3/2018,225,0,466,0,355,0,321,0,1325,0,1298,0,509,0,659,0,643,0,1477,0,1923,0,415,0,558,0,379,0
12/4/2018,224,0,462,0,360,0,315,0,1321,0,1292,0,502,0,652,0,639,0,1468,0,1917,0,411,0,554,0,375,0
12/5/2018,221,0,459,0,354,0,311,0,1316,0,1289,0,498,0,645,0,632,0,1460,0,1910,0,406,0,546,0,370,0
12/6/2018,218,0,456,0,351,0,307,0,1312,0,1287,0,494,0,639,0,626,0,1453,0,1903,0,400,0,541,0,364,0
12/7/2018,217,0,452,0,346,0,300,0,1309,0,1284,0,491,0,633,0,621,0,1449,0,1898,0,395,0,532,0,358,0
12/8/2018,216,0,448,0,342,0,297,0,1306,0,1279,0,487,0,629,0,616,0,1445,0,1894,0,391,0,526,0,352,0
12/9/2018,215,0,446,0,334,0,293,0,1302,0,1273,0,482,0,622,0,610,0,1441,0,1891,0,387,0,523,0,348,0
12/10/2018,212,0,441,0,321,0,284,0,1298,0,1267,0,478,0,619,0,606,0,1435,0,1886,0,383,0,520,0,344,0
12/11/2018,209,0,439,0,326,0,277,0,1291,0,1258,0,473,0,615,0,601,0,1430,0,1882,0,381,0,515,0,340,0
12/12/2018,206,0,438,0,331,0,275,0,1285,2,1254,7,470,9,606,13,594,14,1426,0,1879,0,379,10,511,1,335,0
12/13/2018,204,0,437,0,331,0,275,0,1281,0,1254,0,465,0,601,0,588,0,1418,0,1874,0,376,0,507,1,331,0
12/14/2018,203,0,435,0,328,0,273,0,1280,0,1256,0,465,0,601,0,586,1,1414,0,1869,0,372,0,504,0,328,0
12/15/2018,201,0,422,0,323,0,270,0,1278,0,1257,0,467,0,601,0,586,0,1411,0,1866,0,369,0,498,0,324,0
12/16/2018,200,0,421,0,311,0,268,0,1276,0,1254,0,465,0,601,0,586,0,1411,0,1864,0,365,0,496,0,321,0
12/17/2018,199,0,417,0,304,0,267,0,1272,0,1249,0,462,0,593,0,582,0,1408,0,1863,0,363,0,494,0,319,0
12/18/2018,198,0,413,0,315,0,260,0,1268,0,1240,0,454,0,590,0,577,0,1403,0,1857,0,360,0,493,0,319,0
12/19/2018,197,18,418,2,324,2,262,1,1263,0,1231,1,448,4,584,0,573,0,1398,0,1853,0,356,0,490,0,316,0
12/20/2018,359,0,418,9,324,6,274,2,1261,0,1233,1,444,0,576,3,566,0,1391,6,1849,11,353,0,486,0,312,0
12/21/2018,300,0,414,0,317,0,272,0,1267,0,1237,0,447,0,585,0,566,0,1387,0,1844,0,351,7,483,0,308,0
12/22/2018,252,0,418,0,317,0,268,0,1269,0,1238,0,454,0,590,0,573,0,1395,0,1844,0,350,0,481,0,304,0
12/23/2018,216,0,416,0,316,0,270,0,1265,0,1234,0,456,0,589,0,570,0,1395,0,1849,0,346,0,480,0,303,0
12/24/2018,205,0,462,0,337,0,274,0,1263,0,1230,0,453,0,583,0,568,0,1394,0,1844,0,342,0,482,0,303,0
12/25/2018,200,0,496,0,379,0,316,0,1270,0,1236,0,451,0,581,0,565,0,1389,0,1841,0,338,0,482,0,303,0
12/26/2018,198,0,474,0,361,0,325,0,1290,0,1255,0,456,0,584,0,567,0,1388,0,1839,0,336,0,482,0,303,0
12/27/2018,195,0,452,0,342,0,302,0,1311,0,1279,0,479,0,606,0,587,0,1395,0,1842,0,334,0,480,0,301,0
12/28/2018,193,0,427,0,323,0,284,0,1305,0,1269,0,497,0,615,0,603,0,1416,0,1855,0,338,0,480,0,300,0
12/29/2018,190,0,406,0,311,0,268,0,1288,0,1264,0,493,0,605,0,598,0,1421,0,1867,0,350,0,488,0,306,0
12/30/2018,188,0,398,0,302,0,259,0,1275,0,1244,0,482,0,593,0,586,0,1412,0,1866,0,359,0,497,0,314,0
12/31/2018,187,0,392,0,289,0,246,0,1265,0,1224,0,471,0,578,0,574,0,1401,0,1858,0,357,0,501,0,320,0
1/1/2019,183,0,386,0,285,0,241,0,1255,0,1207,0,453,0,566,0,560,0,1386,0,1853,0,351,0,495,0,318,0
1/2/2019,182,0,383,0,282,0,238,0,1249,0,1202,0,439,0,556,0,549,0,1372,0,1840,0,341,0,489,0,309,0
1/3/2019,181,0,383,0,288,0,238,0,1245,0,1197,0,433,0,548,0,540,0,1362,0,1835,0,331,0,481,0,301,0
1/4/2019,180,0,382,0,286,0,238,0,1242,0,1192,0,429,0,542,0,534,0,1353,0,1827,0,321,0,470,0,291,0
1/5/2019,179,0,379,0,269,0,232,0,1240,0,1187,0,426,0,538,0,529,0,1347,0,1821,0,315,0,459,0,282,0
1/6/2019,178,0,378,0,267,0,223,0,1235,0,1182,0,422,0,537,0,528,0,1345,0,1817,0,309,0,451,0,273,0
1/7/2019,177,0,375,0,268,0,223,0,1231,0,1179,0,419,0,533,0,527,0,1343,0,1817,0,308,0,443,0,266,0
1/8/2019,176,0,373,34,273,30,226,24,1230,41,1177,38,417,60,527,5,522,4,1338,1,1814,0,308,3,438,5,261,9
1/9/2019,175,2,372,12,270,9,225,6,1232,13,1179,11,417,10,528,12,521,11,1334,1,1809,1,303,0,435,55,259,72
1/10/2019,178,0,373,0,280,0,227,0,1231,0,1181,0,415,0,526,0,518,0,1334,0,1807,0,298,0,429,0,255,0
1/11/2019,191,0,375,0,290,0,234,0,1233,0,1182,0,418,0,526,0,518,0,1331,0,1807,0,294,0,425,0,251,0
1/12/2019,182,0,377,0,291,0,241,0,1238,0,1186,0,421,0,524,0,517,0,1328,0,1805,0,293,0,421,0,248,0
1/13/2019,178,0,379,0,292,0,244,0,1242,0,1192,0,424,0,530,0,522,0,1327,0,1805,0,289,0,418,0,245,0
1/14/2019,174,0,372,0,277,0,238,0,1244,0,1195,0,427,0,535,0,528,0,1334,0,1808,0,285,0,412,0,240,0
1/15/2019,172,0,370,0,286,0,236,0,1240,0,1193,0,429,0,538,0,532,0,1339,0,1813,0,282,0,409,0,237,0
1/16/2019,170,0,370,0,285,0,236,0,1238,0,1186,0,426,0,537,0,533,0,1341,0,1813,0,282,0,411,0,235,0
1/17/2019,168,0,369,0,270,0,230,0,1235,0,1178,0,423,0,533,0,527,0,1339,0,1812,0,281,0,411,0,235,0
1/18/2019,167,0,367,0,266,0,221,0,1231,0,1167,0,420,0,530,0,523,0,1335,0,1806,0,282,0,411,0,235,0
1/19/2019,165,0,366,0,265,0,219,0,1227,0,1163,0,419,0,523,0,519,0,1331,0,1802,0,278,0,408,0,233,0
1/20/2019,163,0,364,0,252,0,213,0,1224,0,1159,0,416,0,517,0,514,0,1325,0,1797,0,272,0,404,0,231,0
1/21/2019,162,0,362,0,253,0,209,0,1220,0,1155,0,414,0,511,0,508,0,1317,0,1790,0,266,0,400,0,228,0
1/22/2019,161,0,362,0,262,0,210,0,1217,0,1149,0,413,0,505,0,503,0,1313,0,1786,0,259,0,396,0,225,0
1/23/2019,159,0,362,0,262,0,213,0,1214,0,1145,0,412,0,500,0,499,0,1307,0,1782,0,253,0,393,0,223,0
1/24/2019,158,0,357,0,255,0,212,0,1213,0,1142,0,411,0,499,0,497,0,1303,0,1778,0,248,0,392,0,221,0
1/25/2019,157,0,353,0,252,0,209,0,1211,0,1140,0,409,0,499,0,495,0,1301,0,1775,0,243,0,390,0,220,0
1/26/2019,156,0,351,0,253,0,208,0,1209,0,1137,0,407,0,498,0,493,0,1301,0,1774,0,239,0,389,0,219,0
1/27/2019,156,0,349,0,246,0,207,0,1207,0,1132,0,406,0,495,0,492,0,1300,0,1773,0,234,0,387,0,217,0
1/28/2019,155,0,347,0,239,0,203,0,1204,0,1129,0,406,0,493,0,489,0,1297,0,1769,0,231,0,386,0,215,0
1/29/2019,155,0,345,0,247,0,201,0,1201,0,1124,0,402,0,489,0,487,0,1295,0,1766,0,228,0,385,0,214,0
1/30/2019,156,12,344,0,250,0,204,0,1199,0,1121,0,398,0,485,0,483,0,1293,0,1763,0,225,0,383,0,213,0
1/31/2019,174,0,343,0,248,0,203,0,1198,0,1123,0,394,0,482,0,479,0,1288,0,1760,0,220,0,383,0,212,0
2/1/2019,183,0,339,0,234,0,197,0,1196,0,1121,0,393,0,485,0,476,0,1286,0,1757,0,216,0,380,0,210,0
2/2/2019,173,0,339,0,238,0,190,0,1193,0,1120,0,392,0,485,0,476,0,1286,0,1757,0,212,0,377,0,208,0
2/3/2019,160,0,336,0,227,0,189,0,1191,0,1118,0,391,0,483,0,475,0,1286,0,1757,0,210,0,377,0,206,0
2/4/2019,154,0,334,0,209,0,172,0,1188,0,1113,0,391,0,475,0,471,0,1283,0,1754,0,208,0,377,0,205,0
2/5/2019,150,0,340,0,228,0,177,0,1182,0,1109,0,389,0,475,0,471,0,1279,0,1749,0,207,0,376,0,205,0
2/6/2019,145,0,347,0,245,0,184,0,1181,0,1103,0,388,0,468,0,464,0,1275,0,1747,0,205,0,375,0,204,0
2/7/2019,142,0,348,0,235,0,185,0,1184,0,1100,0,386,0,458,0,455,0,1266,0,1742,0,204,0,374,0,203,0
2/8/2019,141,0,342,0,240,0,187,0,1188,0,1106,0,386,0,464,0,452,0,1259,0,1737,0,203,0,372,0,202,0
2/9/2019,139,0,336,0,237,0,181,0,1191,0,1112,0,391,0,474,0,462,0,1263,0,1734,0,201,0,370,0,200,0
2/10/2019,139,0,332,0,227,0,171,0,1188,0,1113,0,396,0,478,0,468,0,1270,0,1739,0,201,0,369,0,199,0
2/11/2019,138,0,327,0,217,0,164,0,1182,0,1109,0,394,0,479,0,470,0,1276,0,1745,0,202,0,369,0,199,0
2/12/2019,142,0,321,0,222,0,160,0,1176,0,1101,0,390,0,474,0,466,0,1276,0,1747,0,206,0,376,0,204,0
2/13/2019,174,0,317,0,209,0,156,0,1171,0,1091,0,386,0,469,0,463,0,1271,0,1744,0,207,0,381,0,208,0
2/14/2019,157,0,317,0,218,0,151,0,1165,0,1085,0,381,0,462,0,457,0,1265,0,1737,0,207,0,383,0,210,0
2/15/2019,152,0,317,0,218,0,155,0,1161,0,1080,0,376,0,458,0,452,0,1260,0,1733,0,203,0,383,0,210,0
2/16/2019,148,0,317,0,215,0,154,0,1158,0,1076,0,372,0,452,0,448,0,1256,0,1729,0,198,0,380,0,208,0
2/17/2019,145,30,317,0,206,0,155,0,1156,0,1072,0,367,0,449,0,446,0,1251,0,1725,0,193,0,377,0,205,0
2/18/2019,149,2,323,0,202,0,146,0,1154,0,1070,0,364,0,451,0,444,0,1249,0,1721,0,189,0,375,0,202,0
2/19/2019,221,0,325,0,216,0,150,0,1151,0,1069,0,361,0,448,0,442,0,1249,0,1721,0,185,0,373,0,200,0
2/20/2019,211,0,322,0,212,0,152,0,1153,0,1068,0,360,0,444,0,440,0,1247,0,1719,0,183,0,370,0,198,0
2/21/2019,228,0,321,0,213,0,151,0,1156,0,1071,0,360,0,439,0,439,0,1243,0,1715,0,180,0,369,0,196,0
2/22/2019,220,0,320,0,214,0,150,0,1158,0,1076,0,363,0,443,0,440,0,1240,0,1712,0,176,0,367,0,194,0
2/23/2019,205,0,326,0,220,0,154,0,1158,0,1079,0,364,0,445,0,444,0,1243,0,1714,0,172,0,364,0,192,0
2/24/2019,202,0,347,0,237,0,163,0,1161,0,1080,0,365,0,441,0,444,0,1243,0,1717,0,172,0,363,0,189,0
2/25/2019,246,0,363,0,232,0,180,0,1169,0,1084,0,369,0,439,0,440,0,1241,0,1715,0,174,0,363,0,189,0
2/26/2019,229,0,374,0,262,0,187,0,1178,0,1091,0,375,0,448,0,445,0,1239,0,1713,0,173,0,366,0,191,0
2/27/2019,216,1,376,0,265,0,199,0,1186,0,1104,0,386,0,460,0,454,0,1244,0,1717,0,172,0,365,0,190,0
2/28/2019,212,0,370,0,263,0,199,0,1193,0,1111,0,394,0,468,0,462,0,1253,0,1725,0,175,0,365,0,190,0
3/1/2019,236,1,365,0,253,0,194,0,1190,0,1115,0,399,0,479,0,473,0,1262,0,1730,0,181,0,370,0,192,0
3/2/2019,289,0,379,0,266,0,197,0,1185,0,1112,0,400,0,486,0,478,0,1272,0,1737,0,188,0,376,0,197,0
3/3/2019,270,0,388,0,262,0,203,0,1188,0,1108,0,398,0,485,0,480,0,1278,0,1743,0,193,0,381,0,202,0
3/4/2019,254,0,381,0,252,0,199,0,1192,0,1111,0,397,0,484,0,479,0,1276,0,1744,0,200,0,385,0,206,0
3/5/2019,207,0,379,0,263,0,198,0,1189,0,1116,0,400,0,488,0,483,0,1275,0,1745,0,202,0,388,0,209,0
3/6/2019,230,2,401,1,278,0,208,0,1188,0,1119,0,405,1,492,0,489,0,1280,0,1749,0,199,0,389,0,210,0
3/7/2019,242,2,426,0,309,0,232,1,1194,0,1120,1,410,0,488,0,491,0,1282,0,1753,0,200,0,388,0,209,0
3/8/2019,296,0,428,0,307,0,248,0,1206,0,1136,0,414,1,493,6,489,0,1281,0,1756,0,201,0,390,0,210,0
3/9/2019,270,0,410,0,299,0,244,0,1216,0,1157,0,427,0,506,0,503,0,1284,0,1760,0,201,0,391,0,210,0
3/10/2019,252,0,394,0,279,0,232,0,1220,0,1160,0,447,0,525,0,523,0,1298,0,1769,0,204,0,393,0,211,0
3/11/2019,243,0,395,0,264,0,219,0,1216,0,1157,0,454,0,529,0,530,0,1314,0,1781,0,207,0,398,0,216,0
3/12/2019,215,0,420,0,293,0,226,0,1210,0,1148,0,448,0,522,0,527,0,1315,0,1786,0,211,0,407,0,223,0
3/13/2019,205,0,445,0,324,0,257,0,1206,0,1140,0,440,0,511,0,517,0,1308,0,1785,0,216,0,418,0,230,0
3/14/2019,200,0,440,0,327,0,267,0,1210,0,1140,0,435,0,504,0,507,0,1299,0,1778,0,214,0,423,0,234,0
3/15/2019,196,0,423,0,312,0,260,0,1225,0,1158,0,439,0,521,0,521,0,1295,0,1776,0,210,0,420,0,232,0
3/16/2019,212,0,408,0,301,0,248,0,1237,0,1171,0,460,0,540,0,538,0,1310,0,1781,0,206,0,416,0,228,0
3/17/2019,219,0,394,0,282,0,234,0,1231,0,1166,0,466,0,545,0,544,0,1328,0,1794,0,208,0,410,0,223,0
3/18/2019,297,0,383,0,263,0,220,0,1218,0,1152,0,454,0,538,0,539,0,1332,0,1797,0,215,0,419,0,227,0
3/19/2019,257,3,379,0,265,0,209,0,1203,0,1140,0,440,0,528,0,530,0,1328,0,1795,0,223,0,432,0,236,0
3/20/2019,247,11,374,0,261,0,207,0,1196,0,1127,0,427,0,517,0,518,0,1315,0,1790,0,228,0,438,0,242,0
3/21/2019,255,0,374,0,252,0,204,0,1190,0,1118,0,418,0,509,0,508,0,1305,0,1781,0,225,0,434,0,241,0
3/22/2019,261,0,386,0,272,0,206,0,1185,0,1110,0,410,0,502,0,502,0,1295,0,1772,0,218,0,428,0,236,0
3/23/2019,247,0,412,0,293,0,225,0,1184,0,1106,0,404,0,496,0,496,0,1290,0,1765,0,212,0,421,0,229,0
3/24/2019,220,0,417,0,302,0,243,0,1194,0,1109,0,405,0,493,0,495,0,1284,0,1765,0,207,0,415,0,222,0
3/25/2019,293,0,414,0,296,0,239,0,1208,0,1135,0,416,0,502,0,502,0,1284,0,1762,0,203,0,410,0,217,0
3/26/2019,274,0,418,0,306,0,244,0,1206,0,1143,0,434,0,516,0,514,0,1290,0,1764,0,200,0,404,0,212,0
3/27/2019,247,0,417,0,300,0,243,0,1208,0,1146,0,440,0,522,0,521,0,1302,0,1775,0,201,0,401,0,209,0
3/28/2019,247,5,403,0,289,0,240,0,1205,0,1150,0,445,0,523,0,523,0,1309,0,1779,0,206,0,405,0,212,0
3/29/2019,254,0,400,0,292,0,233,0,1198,0,1147,0,450,0,524,0,524,0,1310,0,1781,0,211,0,412,0,217,0
3/30/2019,247,0,425,0,313,0,242,0,1194,0,1139,0,446,0,521,0,521,0,1310,0,1781,0,215,0,418,0,223,0
3/31/2019,234,0,427,0,315,0,256,0,1200,0,1139,0,443,0,514,0,515,0,1306,0,1780,0,215,0,419,0,225,0
4/1/2019,231,2,408,0,287,0,246,0,1209,0,1167,0,450,0,518,0,518,0,1301,0,1775,0,213,0,419,0,225,0
4/2/2019,246,8,401,0,291,0,231,0,1207,0,1174,0,462,0,533,0,525,0,1307,0,1775,0,210,0,418,0,224,0
4/3/2019,348,8,401,0,290,0,229,0,1199,0,1165,0,462,0,530,0,528,0,1317,0,1783,48,208,2,415,0,221,3
4/4/2019,318,0,396,0,285,0,228,0,1195,0,1156,0,452,0,523,0,521,0,1318,0,1787,0,214,0,418,0,222,0
4/5/2019,311,4,394,0,281,0,224,0,1191,0,1150,0,442,0,519,0,515,0,1310,0,1784,0,219,0,427,0,228,0
4/6/2019,271,0,396,0,281,0,223,0,1187,0,1146,0,434,0,519,0,514,0,1303,0,1776,0,216,0,429,0,230,0
4/7/2019,256,0,426,0,305,0,234,0,1185,0,1144,0,429,0,517,0,512,0,1302,0,1772,0,213,0,426,0,230,0
4/8/2019,246,14,464,0,337,0,265,0,1191,0,1147,0,426,0,516,0,510,0,1300,18,1771,0,209,0,421,0,226,0
4/9/2019,259,4,475,6,363,4,293,3,1212,0,1164,0,431,0,518,0,512,0,1298,0,1770,0,206,0,420,0,224,0
4/10/2019,282,1,461,0,348,0,296,0,1233,0,1203,0,448,0,535,0,530,0,1304,0,1775,0,205,0,419,0,223,0
4/11/2019,286,0,443,0,331,0,282,0,1242,0,1216,0,483,0,561,0,554,0,1327,0,1786,0,207,0,419,0,223,0
4/12/2019,281,0,430,0,322,0,272,0,1234,0,1212,0,486,0,573,0,570,0,1351,0,1807,0,214,0,421,0,225,0
4/13/2019,263,0,427,0,316,0,267,0,1226,0,1199,0,477,0,571,0,568,0,1362,0,1821,0,225,0,431,0,233,0
4/14/2019,259,2,439,0,314,0,264,0,1217,0,1191,0,468,0,562,0,558,0,1360,0,1822,0,233,0,443,0,243,0
4/15/2019,258,0,444,0,316,0,266,0,1213,0,1188,0,462,0,556,0,552,0,1352,0,1816,0,237,0,452,0,251,0
4/16/2019,261,13,446,0,315,0,268,0,1212,0,1191,0,455,0,555,0,551,0,1346,0,1810,0,235,0,454,0,254,0
4/17/2019,285,0,440,0,312,0,266,0,1210,0,1194,0,454,0,554,0,551,0,1345,0,1806,0,229,0,451,0,252,0
4/18/2019,267,0,432,0,307,0,259,0,1206,0,1193,0,457,0,556,0,552,0,1345,0,1804,0,228,0,446,0,247,0
4/19/2019,290,1,425,0,307,0,251,0,1202,0,1190,0,459,0,554,0,551,0,1345,0,1804,0,229,0,445,0,245,0
4/20/2019,279,0,425,0,317,0,254,0,1197,0,1185,0,453,0,550,0,547,0,1344,0,1803,0,228,0,445,0,245,0
4/21/2019,264,0,429,3,319,0,262,0,1200,0,1183,0,449,0,548,0,544,0,1340,0,1800,0,226,0,445,0,245,0
4/22/2019,248,0,436,0,325,0,268,0,1204,0,1184,0,445,0,545,0,542,0,1336,0,1795,0,224,0,443,0,244,0
4/23/2019,245,0,442,0,332,0,272,0,1210,0,1187,0,447,0,545,0,541,0,1335,0,1792,0,221,0,440,0,241,0
4/24/2019,236,0,448,0,336,0,279,0,1214,0,1194,0,450,0,548,0,543,0,1335,0,1793,0,218,0,439,0,239,0
4/25/2019,230,0,443,0,334,0,282,0,1219,0,1206,0,455,0,555,0,549,0,1337,0,1797,0,217,0,438,0,238,0
4/26/2019,224,0,434,0,326,0,275,0,1222,0,1209,0,463,0,563,0,557,0,1345,0,1801,0,219,0,438,0,238,0
4/27/2019,233,0,425,0,313,0,267,0,1216,0,1206,0,468,0,565,0,559,0,1352,0,1808,0,226,0,439,0,240,0
4/28/2019,243,1,412,0,304,0,255,0,1208,0,1198,0,464,0,562,0,559,0,1353,0,1813,0,234,0,443,0,243,0
4/29/2019,250,0,402,0,289,0,244,0,1197,0,1191,0,458,0,551,0,550,0,1348,0,1812,0,234,0,450,0,249,0
4/30/2019,286,0,394,0,283,0,238,0,1189,0,1182,0,452,0,543,0,538,0,1340,0,1806,0,233,0,452,0,251,0
5/1/2019,318,0,389,0,279,0,232,0,1183,0,1171,0,447,0,533,0,527,0,1329,0,1799,0,229,0,452,0,251,0
5/2/2019,305,0,392,0,272,0,225,0,1177,0,1164,0,438,0,525,0,520,0,1320,0,1790,0,218,0,451,0,250,0
5/3/2019,468,1,400,5,282,1,229,2,1172,0,1159,0,431,0,517,2,514,2,1310,0,1783,0,214,0,445,26,246,2
5/4/2019,403,15,416,0,293,0,236,1,1174,12,1154,0,425,0,511,0,510,0,1302,0,1775,0,205,2,437,0,240,26
5/5/2019,316,0,444,0,316,0,258,0,1180,0,1152,0,428,0,505,0,505,0,1295,0,1768,0,200,0,429,0,222,0
5/6/2019,487,0,469,0,337,0,278,0,1197,0,1162,0,437,0,510,0,507,0,1292,0,1763,6,197,0,427,0,229,0
5/7/2019,483,5,534,0,408,0,319,0,1218,0,1182,0,459,0,523,0,518,0,1295,0,1764,0,195,0,426,8,229,0
5/8/2019,376,0,558,0,444,0,382,0,1250,0,1215,0,485,0,537,0,533,0,1305,0,1770,0,199,12,426,0,229,0
5/9/2019,311,0,531,0,424,0,384,0,1300,0,1267,0,523,0,561,0,554,0,1325,0,1782,0,208,0,427,0,231,0
5/10/2019,280,0,568,0,449,0,378,0,1312,0,1284,0,552,0,612,0,595,0,1360,0,1802,0,222,0,432,0,235,0
5/11/2019,309,0,613,0,502,0,436,0,1318,0,1285,0,562,0,630,0,617,0,1407,0,1838,0,246,0,440,0,243,0
5/12/2019,320,0,595,0,492,0,452,0,1358,0,1320,0,567,0,636,0,622,0,1425,0,1881,0,272,0,450,0,255,0
5/13/2019,390,0,549,0,445,0,419,0,1382,0,1338,0,599,0,667,0,655,0,1438,0,1893,0,302,0,479,0,280,0
5/14/2019,373,0,505,7,399,18,369,7,1387,0,1333,0,606,0,691,0,684,0,1474,0,1906,0,314,0,507,0,301,0
5/15/2019,348,0,479,24,372,2,329,0,1366,0,1318,0,598,0,688,0,688,0,1494,0,1935,0,332,0,520,0,315,2
5/16/2019,300,11,484,0,370,0,318,0,1327,0,1291,12,576,0,670,0,667,0,1488,0,1937,35,354,0,534,0,326,0
5/17/2019,284,0,511,0,398,0,334,0,1304,13,1272,0,551,0,652,0,649,0,1468,0,1923,26,353,0,546,0,339,0
5/18/2019,276,0,536,0,428,0,366,0,1308,0,1265,0,536,0,638,0,632,0,1447,0,1907,0,340,0,548,0,341,0
5/19/2019,277,0,527,0,415,0,375,0,1326,0,1285,0,526,0,633,0,623,0,1433,0,1892,0,323,0,540,0,335,0
5/20/2019,267,0,499,0,391,0,355,0,1339,0,1293,0,540,0,645,0,633,0,1433,0,1883,0,309,0,529,5,326,0
5/21/2019,278,0,477,0,363,0,327,0,1326,0,1278,0,550,0,652,0,641,0,1443,0,1889,0,302,0,519,0,315,0
5/22/2019,256,0,452,0,335,0,299,0,1299,0,1245,0,540,0,640,0,633,0,1445,0,1898,0,311,7,515,2,310,0
5/23/2019,249,0,447,28,334,5,283,0,1274,0,1219,2,519,0,623,0,618,0,1433,8,1895,0,316,0,517,0,313,11
5/24/2019,247,0,438,7,325,27,282,20,1263,0,1204,8,502,0,603,0,600,0,1414,0,1880,0,307,0,520,0,316,0
5/25/2019,276,0,435,10,324,19,275,0,1256,0,1199,10,491,0,588,0,586,0,1389,0,1859,3,299,0,515,14,311,0
5/26/2019,305,15,433,0,312,0,272,0,1251,0,1195,0,483,0,580,0,575,0,1376,0,1839,0,287,0,503,5,301,0
5/27/2019,277,9,420,13,307,40,264,0,1245,0,1189,0,478,0,575,0,570,0,1366,0,1835,0,273,0,490,0,291,3
5/28/2019,313,0,409,0,295,0,253,0,1238,0,1181,0,473,0,570,0,566,0,1360,0,1825,0,265,0,476,0,280,0
5/29/2019,282,0,407,0,297,0,248,0,1229,1,1175,0,468,0,560,4,558,3,1354,0,1820,0,260,0,465,6,271,2
5/30/2019,254,0,425,0,309,0,252,0,1224,0,1169,0,464,0,550,0,549,0,1345,0,1812,0,254,0,458,0,265,0
5/31/2019,247,0,441,0,322,0,268,18,1222,3,1166,45,458,0,538,0,538,7,1346,9,1806,11,252,0,454,2,261,7
6/1/2019,248,27,446,1,331,0,277,0,1229,0,1170,0,452,0,528,40,530,29,1330,0,1803,0,252,28,451,0,258,35
6/2/2019,246,0,460,28,345,20,286,60,1239,0,1195,0,464,0,540,0,541,0,1329,0,1794,0,243,0,450,34,257,32
6/3/2019,245,0,443,1,332,4,295,0,1252,0,1206,5,488,19,557,0,555,0,1334,0,1799,0,244,0,446,38,255,17
6/4/2019,243,0,423,0,319,1,274,2,1255,0,1219,0,499,0,565,26,562,41,1344,20,1811,0,246,0,440,3,254,1
6/5/2019,298,10,418,3,312,1,268,0,1251,0,1221,0,513,0,574,0,571,0,1352,0,1818,32,253,0,439,52,254,20
6/6/2019,281,0,424,0,314,0,271,2,1243,0,1216,0,516,0,573,0,572,22,1358,5,1828,0,261,10,443,0,257,4
6/7/2019,260,0,415,0,306,0,262,0,1239,0,1215,6,508,0,570,7,569,28,1361,9,1830,0,267,0,451,37,263,11
6/8/2019,280,34,406,0,300,0,256,0,1233,0,1212,0,505,0,570,9,566,0,1358,0,1827,0,271,0,457,10,270,23
6/9/2019,380,20,407,0,295,0,253,0,1229,0,1207,0,499,0,568,4,563,4,1354,0,1823,0,267,0,459,2,274,0
6/10/2019,569,10,424,0,305,0,257,0,1224,0,1202,0,495,0,560,6,558,21,1350,2,1818,11,263,12,456,13,272,24
6/11/2019,495,17,424,0,311,0,261,0,1223,0,1200,0,491,0,553,0,550,0,1343,0,1814,0,262,3,454,24,270,15
6/12/2019,455,0,423,0,305,0,259,0,1225,0,1203,0,485,1,549,0,544,1,1339,15,1812,2,262,28,454,30,270,15
6/13/2019,363,0,492,0,349,12,280,10,1228,0,1208,1,487,3,554,9,546,6,1341,42,1812,68,267,49,453,7,269,5
6/14/2019,346,82,610,7,481,0,389,19,1250,1,1216,6,495,6,556,3,551,2,1344,1,1827,17,270,12,459,5,273,0
6/15/2019,444,44,661,0,549,0,474,0,1322,0,1271,0,527,0,568,2,567,0,1352,35,1833,45,272,0,467,3,279,0
6/16/2019,520,34,661,0,558,1,510,0,1408,0,1362,0,577,0,628,5,620,1,1365,9,1844,9,280,10,471,11,284,16
6/17/2019,678,4,621,0,509,0,479,0,1440,3,1408,0,637,0,714,0,705,0,1444,0,1867,1,290,9,474,12,287,5
6/18/2019,586,1,580,0,472,0,443,0,1443,0,1412,0,654,0,758,0,752,0,1530,18,1933,19,343,12,485,29,297,35
6/19/2019,486,32,590,0,474,1,433,0,1433,0,1404,8,649,0,769,7,766,5,1570,3,2003,32,405,5,537,3,345,13
6/20/2019,423,60,645,0,526,0,460,0,1434,0,1398,0,638,0,761,2,760,0,1579,10,2023,1,436,14,609,38,415,6
6/21/2019,424,16,718,0,608,0,546,0,1487,0,1423,0,641,6,760,7,759,0,1572,0,2026,0,448,5,630,7,438,11
6/22/2019,473,0,756,0,651,0,613,0,1567,0,1504,0,664,6,797,0,788,0,1583,18,2027,4,451,0,635,7,444,1
6/23/2019,499,7,754,0,657,0,633,0,1608,0,1558,0,728,0,864,0,852,0,1641,0,2046,0,463,0,637,0,445,0
6/24/2019,495,1,722,0,628,0,615,0,1612,0,1577,0,761,0,911,0,899,0,1710,0,2097,0,506,0,646,0,451,0
6/25/2019,563,1,693,0,595,0,580,0,1595,0,1565,0,778,0,929,0,920,0,1752,0,2154,0,563,0,709,0,498,0
6/26/2019,584,23,683,0,584,0,559,1,1574,0,1542,0,764,0,919,0,909,0,1761,0,2182,19,601,5,768,1,553,11
6/27/2019,668,15,700,0,595,2,566,0,1566,0,1532,0,740,0,905,0,895,0,1748,9,2183,0,609,3,800,3,584,5
6/28/2019,676,21,727,0,621,0,584,0,1561,0,1531,0,728,0,893,0,881,0,1733,1,2170,0,603,0,812,20,594,2
6/29/2019,636,14,764,0,658,0,617,0,1567,0,1530,0,725,0,889,0,879,0,1726,0,2148,0,595,10,808,3,592,13
6/30/2019,585,5,802,0,695,0,656,0,1582,0,1539,0,730,0,891,1,879,5,1724,28,2136,2,591,0,799,2,581,4
7/1/2019,558,72,832,0,726,0,688,0,1601,0,1557,0,749,0,901,27,890,19,1729,5,2136,17,588,5,797,17,576,20
7/2/2019,570,34,857,0,752,0,719,0,1616,0,1577,0,773,0,920,4,907,7,1745,12,2143,7,590,4,796,70,576,49
7/3/2019,655,3,871,0,769,0,740,0,1637,0,1601,0,788,0,940,3,930,5,1767,11,2161,38,601,0,803,14,580,17
7/4/2019,625,0,875,0,775,0,748,0,1653,0,1626,0,803,0,961,0,951,0,1794,10,2182,0,621,35,817,10,590,13
7/5/2019,615,9,869,0,770,0,747,0,1667,0,1640,0,809,0,985,0,969,0,1815,0,2212,17,643,0,839,16,612,51
7/6/2019,662,16,857,0,763,0,744,1,1667,0,1646,0,820,0,998,0,983,0,1835,1,2240,18,666,0,859,26,635,9
7/7/2019,742,7,864,0,766,0,743,0,1663,0,1642,1,821,0,1003,15,988,15,1848,3,2264,12,685,10,873,10,653,13
7/8/2019,839,0,874,0,770,0,749,0,1662,0,1638,0,814,0,1003,6,989,4,1854,14,2279,4,701,0,889,19,670,5
7/9/2019,863,2,885,0,783,0,759,0,1668,0,1642,0,812,0,1003,3,989,3,1861,26,2288,3,713,0,903,20,689,11
7/10/2019,1081,10,891,0,790,0,769,0,1683,0,1654,0,815,0,1006,0,994,0,1857,8,2292,5,720,20,913,12,703,2
7/11/2019,1137,1,905,0,804,0,782,0,1702,0,1682,0,829,0,1018,0,1005,0,1863,0,2291,6,720,0,915,20,708,19
7/12/2019,1154,25,929,0,824,0,805,0,1734,0,1708,0,852,0,1040,1,1023,0,1878,19,2296,24,725,20,915,25,708,7
7/13/2019,1200,2,958,0,852,0,833,0,1781,0,1760,0,890,0,1070,4,1048,16,1907,10,2314,0,742,0,922,16,715,53
7/14/2019,1080,17,988,0,882,0,866,0,1841,0,1825,0,937,0,1120,0,1096,0,1949,0,2348,0,775,25,935,35,728,17
7/15/2019,983,18,1022,4,921,8,906,0,1884,0,1871,0,1002,0,1186,0,1167,0,2016,2,2400,13,818,15,965,57,750,39
7/16/2019,893,24,1081,0,976,4,958,18,1918,0,1908,47,1057,0,1238,0,1225,0,2083,0,2460,0,12,0,1010,0,789,8
7/17/2019,821,0,1144,0,1034,0,1004,0,1950,0,1938,0,1101,0,1282,0,1275,0,2134,0,2505,0,925,10,1067,8,839,47
7/18/2019,708,0,1208,0,1095,0,1061,0,1983,0,1972,2,1140,0,1322,0,1317,0,2172,0,2548,0,965,0,1112,1,888,30
7/19/2019,612,0,1250,0,1136,0,1103,0,2019,0,2006,0,1178,0,1383,0,1363,0,2210,0,2576,1,998,0,1142,0,929,1
7/20/2019,597,7,1275,0,1160,0,1130,0,2052,0,2036,0,1217,0,1425,0,1402,0,2249,0,2609,0,1031,0,1174,5,960,0
7/21/2019,597,0,1285,0,1172,0,1148,0,2078,0,2066,0,1255,0,1468,0,1448,0,2290,0,2645,2,1060,0,1203,0,991,39
7/22/2019,609,0,1283,0,1170,0,1156,0,2097,0,2090,20,1301,13,1509,0,1487,7,2329,0,2680,0,1093,0,1234,4,1021,2
7/23/2019,646,85,1271,0,1164,0,1155,0,2108,0,2100,0,1330,0,1540,0,1513,0,2365,10,2711,0,1125,0,1260,3,1051,4
7/24/2019,718,21,1247,0,1146,0,1142,0,2107,0,2103,0,1348,9,1565,0,1530,0,2388,0,2734,0,1149,0,1282,10,1079,7
7/25/2019,718,85,1217,0,1117,0,1124,0,2094,0,2094,0,1358,0,1573,2,1535,1,2402,1,2750,0,1171,29,1301,6,1101,5
7/26/2019,695,7,1184,0,1086,0,1101,0,2067,0,2076,0,1354,0,1572,0,1535,0,2406,0,2755,18,1180,12,1319,19,1121,37
7/27/2019,701,9,1150,20,1055,22,1075,0,2033,0,2044,0,1331,0,1551,0,1515,0,2390,1,2753,56,1187,9,1328,42,1136,74
7/28/2019,688,0,1122,0,1027,0,1045,0,1997,0,2010,0,1295,0,1513,1,1481,0,2363,1,2734,9,1178,7,1334,33,1141,40
7/29/2019,661,0,1103,0,1006,0,1017,0,1967,0,1967,0,1243,0,1468,2,1435,0,2325,0,2705,20,1155,0,1328,4,1137,24
7/30/2019,750,25,1097,0,998,0,1011,0,1952,0,1946,0,1188,0,1422,1,1391,0,2284,1,2672,30,1129,0,1315,4,1126,2
7/31/2019,759,107,1102,0,1003,0,1011,0,1948,0,1936,0,1134,0,1393,0,1360,0,2248,0,2639,0,1098,0,1290,1,1108,3
8/1/2019,718,10,1109,0,1011,2,1013,0,1948,0,1935,0,1077,0,1378,0,1344,0,2229,15,2619,0,1068,0,1267,2,1085,0
8/2/2019,663,1,1111,0,1011,0,1017,0,1952,0,1938,9,1069,0,1375,0,1338,0,2223,0,2610,0,1052,0,1254,27,1068,21
8/3/2019,612,32,1107,0,1008,0,1018,0,1960,0,1950,0,1071,0,1372,0,1336,0,2219,5,2601,5,1047,0,1243,11,1057,16
8/4/2019,589,23,1104,0,1006,0,1016,0,1969,0,1960,0,1074,0,1383,0,1345,0,2221,2,2602,0,1044,0,1236,15,1049,4
8/5/2019,587,0,1109,0,1012,0,1018,0,1977,4,1967,2,1080,0,1393,0,1352,0,2233,0,2616,6,1049,2,1235,31,1047,41
8/6/2019,551,0,1113,0,1015,0,1021,0,1983,4,1976,6,1089,50,1400,8,1360,6,2246,3,2625,11,1060,15,1243,57,1051,43
8/7/2019,513,55,1112,0,1014,0,1024,0,1985,0,1982,1,1099,0,1405,4,1369,0,2254,4,2640,10,1075,30,1250,23,1060,41
8/8/2019,605,0,1102,0,1005,0,1018,0,1983,0,1981,0,1106,0,1410,3,1376,2,2266,3,2659,34,1094,17,1262,45,1072,35
8/9/2019,543,1,1085,0,993,0,1010,0,1979,0,1975,0,1100,0,1416,0,1381,0,2276,3,2664,0,1093,0,1272,0,1084,0
8/10/2019,538,1,1060,0,965,0,991,0,1975,0,1970,0,1095,0,1417,0,1382,0,2278,0,2664,0,1095,0,1274,1,1088,1
8/11/2019,512,0,1028,22,940,20,967,28,1962,2,1963,42,1090,6,1423,74,1386,99,2291,39,2680,25,1103,20,1276,34,1092,25
8/12/2019,470,7,994,3,903,1,930,9,1928,4,1950,4,1083,20,1420,14,1388,27,2296,20,2693,22,1116,5,1282,60,1097,35
8/13/2019,451,4,960,0,871,0,894,0,1892,0,1914,10,1074,0,1389,16,1356,4,2268,4,2667,18,1115,0,1291,21,1104,13
8/14/2019,459,0,930,0,843,0,864,0,1858,0,1877,0,1058,0,1332,10,1303,3,2224,30,2636,7,1097,25,1290,7,1105,23
8/15/2019,466,2,897,0,812,0,835,0,1839,1,1853,0,1018,10,1288,0,1265,0,2179,1,2595,0,1069,0,1268,2,1094,0
8/16/2019,515,0,874,22,788,16,805,50,1827,0,1836,0,973,0,1254,0,1230,0,2138,0,2550,0,1032,10,1242,0,1069,0
8/17/2019,481,0,855,6,770,5,784,1,1799,0,1812,0,931,5,1234,2,1209,0,2105,0,2523,0,997,0,1209,0,1037,0
8/18/2019,442,125,855,3,767,3,774,0,1772,0,1789,0,913,14,1206,0,1192,0,2084,16,2504,0,964,0,1181,0,1006,0
8/19/2019,454,12,866,0,774,0,775,0,1755,0,1765,0,903,0,1165,0,1153,6,2050,14,2477,4,938,0,1162,7,984,5
8/20/2019,525,3,874,0,784,0,782,0,1750,0,1756,0,896,0,1144,0,1126,0,2017,8,2441,2,906,0,1136,4,957,17
8/21/2019,513,0,881,48,794,78,786,25,1747,0,1755,2,891,0,1132,0,1105,0,1997,0,2415,0,875,0,1108,0,927,2
8/22/2019,499,6,867,17,782,10,789,2,1747,3,1754,16,888,24,1126,14,1101,13,1988,3,2407,2,853,0,1082,2,900,4
8/23/2019,489,35,847,15,763,2,779,1,1735,2,1747,5,886,6,1128,17,1102,1,1987,0,2405,24,845,3,1072,4,883,2
8/24/2019,510,0,846,10,758,1,767,2,1718,66,1728,0,883,0,1114,49,1095,43,1984,22,2403,5,843,0,1070,39,881,18
8/25/2019,492,0,864,13,773,2,771,0,1724,15,1720,9,881,12,1100,8,1075,6,1971,3,2398,1,839,12,1065,13,877,95
8/26/2019,428,26,869,5,780,7,785,0,1767,0,1754,5,886,0,1099,5,1075,9,1958,9,2384,0,831,0,1055,4,868,1
8/27/2019,422,0,874,0,787,0,795,0,1800,1,1802,3,892,0,1138,0,1113,0,1978,5,2384,0,822,3,1042,1,858,0
8/28/2019,399,12,876,32,791,47,800,6,1810,1,1822,0,904,0,1169,0,1145,0,2014,0,2413,0,827,0,1039,0,854,0
8/29/2019,409,0,870,30,788,22,803,7,1795,10,1814,4,914,0,1185,3,1161,0,2043,0,2439,0,849,0,1061,0,869,0
8/30/2019,403,12,842,0,762,0,784,0,1769,0,1783,0,918,0,1180,38,1168,15,2049,0,2451,0,868,0,1080,2,892,3
8/31/2019,399,0,810,0,732,0,750,0,1737,1,1751,0,914,2,1169,71,1154,44,2049,10,2447,33,872,10,1091,5,904,4
9/1/2019,435,0,780,4,698,28,717,19,1702,1,1714,7,902,18,1148,31,1136,36,2036,23,2457,29,883,0,1096,2,909,1
9/2/2019,407,186,755,11,670,4,678,0,1671,0,1681,5,893,0,1118,2,1111,1,2012,0,2436,4,880,0,1102,11,913,8
9/3/2019,435,3,743,6,657,26,656,5,1653,12,1657,8,878,6,1073,10,1065,12,1961,0,2401,1,860,0,1092,49,910,47
9/4/2019,414,0,732,0,642,4,642,0,1659,5,1650,1,868,0,1048,3,1037,0,1911,9,2359,15,828,15,1059,30,880,24
9/5/2019,384,0,720,0,631,0,635,0,1663,0,1655,0,865,0,1043,10,1025,0,1897,1,2332,17,792,0,1029,4,851,17
9/6/2019,413,0,711,0,622,0,624,2,1661,0,1658,0,869,0,1041,0,1023,0,1888,0,2317,1,770,0,998,9,822,37
9/7/2019,460,5,707,0,615,0,616,0,1661,0,1656,0,872,0,1038,2,1019,8,1883,3,2308,6,760,0,977,28,798,3
9/8/2019,532,1,704,0,613,0,611,0,1651,0,1651,0,870,0,1033,14,1014,21,1881,9,2303,13,758,10,971,18,787,26
9/9/2019,616,100,687,0,596,0,599,0,1632,0,1639,0,865,0,1023,0,1005,1,1875,0,2301,0,753,0,966,2,781,6
9/10/2019,644,82,691,0,601,0,590,0,1622,0,1621,0,852,0,1005,0,988,0,1864,0,2292,3,748,0,960,31,777,103
9/11/2019,645,9,714,0,625,0,601,0,1627,0,1618,0,838,0,993,31,974,0,1842,64,2281,31,738,9,954,19,771,10
9/12/2019,644,3,756,0,662,0,642,0,1637,0,1626,0,831,0,992,2,970,0,1832,0,2270,15,729,7,945,23,763,39
9/13/2019,723,0,795,0,702,0,676,0,1668,0,1648,0,842,0,1000,0,977,0,1836,6,2276,0,724,0,934,61,753,48
9/14/2019,677,17,835,0,744,0,724,0,1728,0,1710,0,868,0,1027,2,1003,2,1858,3,2285,0,726,0,933,1,749,3
9/15/2019,677,0,870,0,778,0,767,0,1787,35,1782,5,906,0,1085,0,1055,0,1902,14,2306,1,740,0,934,1,750,0
9/16/2019,688,13,899,0,808,1,803,0,1833,0,1831,0,955,0,1148,0,1110,0,1969,0,2360,0,760,0,955,0,769,0
9/17/2019,720,0,930,0,838,5,838,18,1861,7,1859,0,1011,0,1200,0,1162,0,2034,0,2421,0,801,0,996,0,801,0
9/18/2019,687,0,951,0,859,0,861,0,1876,0,1881,0,1061,0,1234,0,1198,0,2080,0,2469,0,848,0,1050,0,847,0
9/19/2019,583,0,967,0,876,0,880,0,1890,0,1894,0,1086,24,1258,8,1222,23,2112,11,2503,2,888,5,1092,0,890,0
9/20/2019,508,0,978,0,886,0,890,0,1899,0,1905,3,1103,0,1274,1,1239,2,2134,0,2528,0,922,15,1125,57,925,11
9/21/2019,475,0,988,0,896,0,900,0,1898,0,1909,0,1116,0,1286,0,1250,0,2149,10,2547,5,943,17,1145,5,947,0
9/22/2019,449,10,993,0,900,0,907,16,1906,33,1910,36,1125,30,1293,10,1258,20,2160,11,2559,16,957,0,1161,0,965,1
9/23/2019,511,0,986,0,896,0,904,0,1898,27,1911,1,1130,60,1305,36,1271,32,2175,22,2570,24,973,25,1173,10,977,7
9/24/2019,460,0,970,0,882,0,897,19,1886,81,1899,3,1125,14,1308,8,1275,13,2179,3,2582,0,985,0,1186,12,989,0
9/25/2019,506,1,928,0,844,0,871,0,1862,0,1880,0,1115,16,1296,2,1264,0,2178,0,2577,0,983,0,1192,0,995,0
9/26/2019,537,3,874,0,794,0,823,0,1833,0,1851,47,1097,0,1275,0,1245,0,2160,0,2565,0,979,0,1192,0,995,2
9/27/2019,464,0,828,0,744,0,771,0,1807,0,1824,0,1073,0,1239,0,1210,0,2129,0,2543,0,963,0,1189,0,993,0
9/28/2019,435,0,792,0,710,0,728,0,1781,0,1799,0,1042,0,1107,0,1172,2,2094,5,2502,18,940,0,1173,7,977,0
9/29/2019,410,0,785,8,701,37,707,0,1757,0,1769,0,1004,0,1173,0,1139,0,2060,7,2476,0,920,0,1149,0,958,0
9/30/2019,398,0,782,0,697,0,702,0,1747,0,1759,0,963,0,1146,0,1116,0,2026,0,2453,0,900,0,1127,0,933,0
10/1/2019,389,49,768,0,685,0,697,0,1741,0,1750,0,952,0,1128,0,1095,0,1998,0,2413,0,873,0,1100,0,908,0
10/2/2019,386,1,732,0,655,0,666,0,1727,0,1740,0,943,0,1117,5,1083,1,1982,0,2393,0,845,0,1066,0,878,0
10/3/2019,389,0,716,7,636,0,640,0,1702,0,1712,0,934,0,1100,0,1066,0,1966,0,2376,0,823,0,1042,0,855,0
10/4/2019,444,19,684,0,606,0,603,0,1677,0,1687,0,918,0,1074,0,1039,0,1943,0,2359,0,799,0,1026,0,838,0
10/5/2019,434,0,662,0,578,10,584,0,1657,0,1651,59,903,0,1050,0,1017,0,1914,0,2335,0,773,0,1007,0,819,6
10/6/2019,417,1,649,0,567,2,565,5,1631,0,1627,3,885,20,1020,25,990,10,1886,0,2307,0,746,0,982,0,794,2
10/7/2019,432,0,643,2,558,1,550,0,1608,2,1597,2,870,0,993,0,966,0,1853,19,2279,7,719,0,955,22,767,26
10/8/2019,466,36,661,0,577,0,559,0,1593,0,1577,0,859,20,963,0,936,0,1821,0,2249,0,697,0,928,0,740,8
10/9/2019,458,0,671,0,586,0,573,0,1595,0,1576,9,849,0,943,0,916,0,1793,32,2220,0,672,0,898,8,712,2
10/10/2019,499,2,667,0,585,0,575,0,1601,0,1587,0,842,0,940,0,913,0,1778,0,2205,0,648,0,869,0,684,0
10/11/2019,488,1,678,15,592,8,577,0,1599,0,1592,0,839,8,944,0,916,0,1775,0,2195,0,632,0,851,0,666,0
10/12/2019,489,61,690,0,600,0,589,0,1606,0,1595,1,843,0,945,0,917,0,1778,0,2201,0,632,0,841,0,651,0
10/13/2019,414,0,695,0,608,0,599,0,1614,0,1601,0,849,0,950,0,924,0,1780,0,2206,0,633,0,840,0,650,0
10/14/2019,378,0,702,0,612,0,606,0,1619,0,1613,0,858,0,956,0,931,0,1785,12,2213,0,637,0,840,2,650,0
10/15/2019,362,2,715,30,625,34,614,16,1623,31,1619,0,865,0,966,0,938,0,1799,30,2221,14,646,9,842,40,651,10
10/16/2019,356,10,714,0,631,0,623,0,1629,0,1622,0,871,0,972,0,947,0,1806,0,2231,0,654,0,852,0,659,0
10/17/2019,342,0,694,0,615,0,613,0,1625,0,1626,0,868,0,980,0,956,0,1814,0,2234,0,658,0,859,0,667,0
10/18/2019,333,0,664,0,580,0,589,0,1610,0,1618,0,862,0,974,0,958,0,1819,0,2238,0,663,0,863,20,671,0
10/19/2019,323,0,630,0,552,0,550,0,1587,0,1597,0,852,0,962,0,943,0,1811,0,2237,9,666,0,867,1,676,13
10/20/2019,318,0,616,0,537,0,530,0,1561,0,1573,0,843,0,939,0,918,2,1792,0,2225,0,658,0,869,0,678,0
10/21/2019,313,0,593,0,507,0,500,0,1533,0,1541,0,824,0,914,0,893,0,1766,0,2201,0,638,0,853,0,665,0
10/22/2019,312,0,576,0,494,0,480,0,1509,0,1507,0,809,0,889,0,870,0,1736,0,2172,0,614,0,832,0,646,0
10/23/2019,459,0,561,0,478,0,465,0,1492,0,1485,0,789,0,863,0,844,0,1711,0,2144,0,590,0,810,0,621,0
10/24/2019,346,0,549,0,465,0,445,0,1476,0,1464,0,769,0,838,0,822,0,1685,0,2120,0,566,0,778,0,596,0
10/25/2019,315,3,540,0,454,0,433,0,1461,0,1445,0,751,0,818,0,803,0,1661,0,2095,0,539,0,751,0,571,0
10/26/2019,361,0,552,0,464,0,433,0,1451,0,1434,0,736,0,799,0,785,0,1638,0,2074,0,517,0,726,0,547,0
10/27/2019,404,7,591,0,498,0,460,0,1454,0,1432,0,727,0,786,0,772,0,1620,0,2054,0,496,0,706,0,528,0
10/28/2019,561,0,577,0,485,0,469,0,1462,0,1436,0,722,0,783,0,770,0,1608,0,2041,0,476,0,686,2,510,17
10/29/2019,417,0,550,0,456,0,444,0,1455,0,1441,0,728,0,792,0,781,0,1609,0,2034,0,463,0,671,0,496,0
10/30/2019,359,0,566,0,472,0,437,0,1438,0,1436,0,736,0,789,0,780,0,1615,0,2041,0,462,0,663,0,487,0
10/31/2019,384,0,625,0,536,0,488,0,1443,0,1425,0,730,0,773,0,768,0,1602,0,2039,0,464,0,663,0,486,0
11/1/2019,318,0,674,0,587,0,552,0,1492,0,1443,0,723,0,772,0,763,0,1589,0,2024,0,454,0,664,0,486,4
11/2/2019,310,0,658,0,576,0,566,0,1538,0,1496,0,744,0,814,0,805,0,1604,0,2028,0,442,0,654,0,481,0
11/3/2019,307,0,608,0,527,0,526,0,1534,0,1531,0,785,0,863,0,848,0,1656,0,2056,0,458,0,648,2,474,0
11/4/2019,303,0,558,0,473,0,466,0,1501,0,1507,0,807,0,813,0,862,0,1694,0,2094,0,491,0,673,2,489,0
11/5/2019,290,2,537,49,453,50,432,0,1464,7,1466,0,800,0,847,0,838,0,1689,0,2121,0,521,0,715,0,527,0
11/6/2019,288,0,525,6,440,1,413,0,1441,0,1434,0,766,0,811,40,803,12,1657,0,2104,0,518,0,740,0,552,0
11/7/2019,286,0,513,23,429,0,405,0,1427,0,1411,1,747,0,781,0,773,0,1622,0,2072,0,495,0,738,0,550,2
11/8/2019,285,0,507,6,420,1,395,0,1417,2,1397,23,737,0,763,16,755,22,1596,6,2045,15,467,20,712,22,528,35
11/9/2019,275,0,498,1,411,0,385,3,1406,0,1385,5,730,6,751,11,742,13,1579,2,2026,6,446,7,683,16,500,9
11/10/2019,272,0,494,9,410,7,382,0,1399,22,1376,8,722,0,740,2,732,0,1566,0,2013,0,429,0,661,0,478,0
11/11/2019,270,5,489,6,402,1,377,6,1395,20,1370,0,713,0,733,0,723,12,1556,0,2002,0,418,0,646,0,463,0
11/12/2019,311,1,482,0,389,0,367,0,1391,0,1365,0,704,0,725,0,716,0,1548,0,1993,3,408,0,635,0,452,0
11/13/2019,363,0,471,0,387,0,359,0,1382,0,1358,0,698,0,718,0,711,0,1541,0,1985,0,401,0,626,0,444,0
11/14/2019,325,0,468,0,384,0,353,0,1381,0,1350,0,689,0,705,0,701,0,1532,0,1978,0,396,0,618,2,436,0
11/15/2019,300,0,464,0,377,0,348,0,1377,0,1349,0,682,0,703,0,695,0,1523,0,1970,0,392,0,610,0,429,4
11/16/2019,279,0,503,0,411,0,368,0,1371,0,1346,0,672,0,699,0,691,0,1515,0,1963,0,387,0,602,0,422,0
11/17/2019,265,0,535,0,447,0,405,0,1382,0,1350,0,663,0,692,0,684,0,1513,0,1959,0,384,0,595,0,415,0
11/18/2019,259,0,525,0,438,0,416,0,1402,0,1368,0,668,0,698,0,688,0,1508,0,1956,0,382,0,590,0,411,0
11/19/2019,256,0,500,0,416,0,396,0,1398,0,1377,0,683,0,716,0,711,0,1517,0,1956,0,381,0,585,0,407,0
11/20/2019,258,0,478,0,392,0,370,0,1384,0,1366,0,692,0,723,0,718,0,1533,0,1968,0,392,0,583,0,405,0
11/21/2019,258,0,463,0,375,0,353,0,1368,0,1348,0,695,0,710,0,706,0,1532,0,1978,0,405,0,596,0,415,0
11/22/2019,252,0,453,0,362,0,333,0,1352,0,1330,0,690,0,693,0,690,0,1518,0,1974,0,404,0,606,0,426,0
11/23/2019,249,0,448,0,359,0,322,0,1339,0,1311,0,678,0,675,0,670,0,1500,0,1960,0,396,0,600,0,422,0
11/24/2019,247,0,447,0,357,0,320,0,1330,0,1300,0,669,0,661,0,654,0,1483,0,1944,0,384,0,586,0,410,0
11/25/2019,244,0,443,0,346,0,315,0,1326,0,1295,0,657,0,651,0,642,0,1469,0,1930,0,372,0,570,0,395,0
11/26/2019,242,0,438,0,346,0,305,0,1318,0,1290,0,647,0,642,0,635,0,1459,0,1918,0,359,0,555,0,381,0
11/27/2019,239,0,431,0,335,0,295,0,1311,0,1283,0,637,0,633,0,627,0,1451,0,1909,0,348,0,542,0,369,0
11/28/2019,238,0,427,0,335,0,289,0,1302,0,1274,0,628,0,627,0,620,0,1442,0,1901,0,341,0,533,0,360,0
11/29/2019,236,0,423,0,332,0,286,0,1299,0,1266,0,619,0,618,0,613,0,1434,0,1893,0,336,0,525,0,352,0
11/30/2019,233,0,422,0,334,0,285,0,1296,0,1261,0,609,0,612,0,606,0,1426,0,1886,0,332,0,517,0,345,0
12/1/2019,231,0,416,0,329,0,279,0,1293,0,1257,0,602,0,608,0,601,0,1421,0,1879,0,328,0,510,0,337,0
12/2/2019,229,0,411,0,318,0,273,0,1289,0,1253,0,597,0,605,0,598,0,1415,0,1874,0,324,0,503,0,331,0
12/3/2019,227,0,408,0,317,0,266,0,1281,0,1245,0,592,0,599,0,592,0,1412,0,1869,0,320,0,498,0,325,0
12/4/2019,226,0,402,0,309,0,262,0,1273,0,1237,0,586,0,588,0,586,0,1407,0,1865,0,316,0,493,3,321,0
12/5/2019,222,0,397,0,303,0,259,0,1270,0,1229,0,580,0,581,0,579,0,1399,0,1860,0,312,0,489,0,317,0
12/6/2019,218,0,392,0,295,0,253,0,1264,0,1222,0,571,0,568,0,568,0,1391,0,1853,0,308,0,484,0,313,0
12/7/2019,217,0,388,0,291,0,245,0,1257,0,1217,0,565,0,565,0,564,0,1386,0,1846,0,303,0,480,0,309,0
12/8/2019,215,0,385,0,285,0,240,0,1251,0,1211,0,559,0,558,0,559,0,1377,0,1841,0,299,0,472,0,303,0
12/9/2019,213,0,382,0,277,0,235,0,1247,0,1207,0,552,0,551,0,553,0,1371,0,1835,0,295,0,467,0,299,0
12/10/2019,212,0,382,0,289,0,237,0,1243,0,1204,0,548,0,542,0,546,0,1366,0,1830,0,291,0,461,0,295,0
12/11/2019,210,0,383,0,285,0,234,0,1242,0,1202,0,545,0,538,0,538,0,1360,0,1825,0,288,0,456,0,290,0
12/12/2019,208,0,383,0,286,0,234,0,1240,0,1201,0,542,0,533,0,534,0,1352,0,1821,0,285,0,452,0,286,0
12/13/2019,207,0,380,0,282,0,232,0,1240,0,1201,0,540,0,530,0,531,0,1346,0,1816,0,281,0,448,0,283,0
12/14/2019,206,0,378,0,276,0,230,0,1237,0,1199,0,538,0,529,0,530,0,1345,0,1813,0,279,0,443,0,279,0
12/15/2019,205,0,377,0,271,0,228,0,1235,0,1196,0,535,0,527,0,527,0,1343,0,1812,0,278,0,440,0,276,0
12/16/2019,202,0,375,0,263,0,222,0,1232,0,1193,0,532,0,523,0,524,0,1338,0,1810,0,277,0,439,0,275,0
12/17/2019,199,0,373,0,270,0,220,0,1228,0,1188,0,528,0,517,0,519,0,1335,0,1806,0,275,0,437,0,273,0
12/18/2019,198,0,369,0,264,0,220,0,1224,0,1182,0,523,0,513,0,514,0,1331,0,1804,0,274,0,434,0,269,0
12/19/2019,197,0,365,0,264,0,216,0,1221,0,1178,0,519,0,506,0,507,0,1325,0,1800,0,272,0,433,0,267,0
12/20/2019,196,0,363,0,265,0,214,0,1218,0,1174,0,514,0,502,0,501,0,1319,0,1796,0,270,0,429,0,265,0
12/21/2019,196,0,360,0,259,0,211,0,1215,0,1170,0,511,0,499,0,495,0,1319,0,1792,0,269,0,425,0,262,0
12/22/2019,193,0,358,0,260,0,209,0,1212,0,1165,0,508,0,499,0,493,0,1315,0,1791,0,268,0,423,0,258,0
12/23/2019,193,0,355,0,249,0,205,0,1209,0,1162,0,504,0,498,0,491,0,1311,0,1789,0,266,0,422,0,256,0
12/24/2019,192,0,354,0,256,0,201,0,1205,0,1159,0,499,0,497,0,490,0,1310,0,1787,0,264,0,420,0,255,0
12/25/2019,191,0,353,0,250,0,201,0,1203,0,1157,0,494,0,492,0,487,0,1308,0,1785,0,262,0,419,0,252,0
12/26/2019,190,0,350,0,242,0,198,0,1200,0,1155,0,490,0,487,0,483,0,1305,0,1783,0,260,0,418,0,249,0
12/27/2019,188,0,349,0,236,0,191,0,1196,0,1151,2,486,0,485,0,479,0,1301,0,1780,0,259,0,418,0,249,0
12/28/2019,187,3,346,0,238,0,185,0,1192,1,1146,1,482,0,484,0,477,1,1297,0,1777,0,256,0,417,0,248,0
12/29/2019,191,0,347,0,245,0,189,0,1188,0,1141,0,479,0,473,0,472,0,1292,0,1774,0,252,0,416,0,246,0
12/30/2019,190,0,345,0,236,0,190,0,1185,0,1138,0,475,0,470,0,468,0,1287,0,1771,0,251,0,414,0,244,0
12/31/2019,185,0,344,0,240,0,186,0,1184,0,1140,0,471,0,467,0,463,0,1280,0,1767,0,248,0,413,0,242,0
1/1/2020,183,0,345,0,237,0,187,0,1182,0,1137,0,469,0,465,0,461,0,1275,0,1762,0,245,0,410,0,241,0
1/2/2020,182,0,348,0,236,0,186,0,1180,0,1135,0,466,0,464,0,459,0,1275,0,1760,0,241,0,407,0,238,0
1/3/2020,182,0,349,0,239,0,188,0,1179,0,1134,0,462,0,462,0,457,0,1274,0,1758,0,239,0,405,0,236,0
1/4/2020,185,14,349,8,247,8,192,9,1180,4,1136,4,460,0,461,0,455,0,1272,0,1756,0,237,0,403,0,234,0
1/5/2020,248,1,348,14,238,5,193,3,1183,0,1140,0,459,0,461,0,454,1,1270,0,1755,0,236,0,401,0,232,0
1/6/2020,241,0,345,2,238,2,187,5,1184,0,1145,0,462,0,463,0,453,0,1270,0,1754,0,233,0,399,0,230,0
1/7/2020,269,0,345,0,238,0,188,0,1182,0,1143,0,467,0,471,0,461,0,1273,0,1754,0,232,0,397,0,228,0
1/8/2020,236,0,346,0,241,0,191,0,1181,0,1140,0,464,0,468,0,459,0,1275,0,1756,0,231,0,397,0,227,0
1/9/2020,206,0,357,0,253,0,198,0,1183,0,1142,0,459,0,463,0,456,0,1273,0,1757,0,233,0,399,0,228,0
1/10/2020,202,0,385,0,270,0,212,0,1189,0,1147,0,456,0,462,0,457,0,1270,0,1755,0,233,0,401,0,229,0
1/11/2020,210,0,402,0,294,0,234,0,1201,0,1158,0,461,0,464,0,462,0,1271,0,1755,0,232,0,400,0,229,0
1/12/2020,207,0,406,0,300,0,243,0,1221,0,1181,0,469,0,483,0,474,0,1274,0,1759,0,232,0,400,0,229,0
1/13/2020,195,0,390,0,285,0,239,0,1230,0,1194,0,487,0,497,0,488,0,1285,0,1764,0,235,0,400,0,229,0
1/14/2020,190,0,373,0,268,0,224,0,1227,0,1194,0,504,0,513,0,500,0,1303,0,1774,0,238,0,404,0,232,0
1/15/2020,189,0,364,0,257,0,212,0,1214,0,1180,0,510,0,518,0,504,0,1320,0,1790,0,244,0,413,0,239,0
1/16/2020,187,0,360,0,261,0,208,0,1202,0,1163,0,506,0,506,0,494,0,1321,0,1801,0,254,0,425,0,249,0
1/17/2020,184,0,358,0,254,0,206,0,1194,0,1153,0,497,0,497,0,485,0,1313,0,1796,0,258,0,433,0,256,0
1/18/2020,181,0,351,0,252,0,202,0,1187,0,1144,0,484,0,489,0,476,0,1301,0,1785,0,252,0,434,0,257,0
1/19/2020,180,0,347,0,245,0,198,0,1182,0,1138,0,475,0,485,0,472,0,1293,0,1776,0,243,0,428,0,254,0
1/20/2020,178,0,340,0,229,0,190,0,1177,0,1132,0,469,0,480,0,467,0,1288,0,1770,0,237,0,421,0,247,0
1/21/2020,177,0,336,0,238,0,182,0,1169,0,1124,0,462,0,474,0,462,0,1284,0,1765,0,230,0,415,0,240,0
1/22/2020,199,0,334,0,234,0,183,0,1163,0,1115,0,454,0,467,0,455,0,1278,0,1761,0,225,0,410,0,234,0
1/23/2020,216,0,332,0,233,0,181,0,1158,0,1111,0,448,0,456,0,446,0,1269,0,1756,0,221,0,406,0,230,0
1/24/2020,208,0,328,0,227,0,178,0,1155,0,1107,0,441,0,453,0,442,0,1260,0,1750,0,216,0,402,0,227,0
1/25/2020,200,0,323,0,224,0,174,0,1150,0,1104,0,433,0,451,0,439,0,1258,0,1745,0,211,0,396,0,221,0
1/26/2020,201,0,320,0,217,0,170,0,1146,0,1101,0,427,0,444,0,433,0,1255,0,1743,0,207,0,391,0,216,0
1/27/2020,191,0,330,0,215,0,168,0,1142,0,1096,0,422,0,442,0,429,0,1250,0,1738,0,203,0,388,0,214,0
1/28/2020,184,0,338,0,231,0,172,0,1139,0,1094,0,418,0,436,0,427,0,1245,0,1734,0,198,0,384,0,210,0
1/29/2020,180,0,343,0,237,0,182,0,1142,0,1093,0,415,0,433,0,426,0,1242,0,1730,0,193,0,381,0,206,0
1/30/2020,179,0,343,0,239,0,184,0,1148,0,1101,0,414,0,429,0,423,0,1237,0,1726,0,189,0,377,0,203,0
1/31/2020,175,0,343,0,236,0,182,0,1151,0,1106,0,417,0,436,0,430,0,1236,0,1724,0,185,0,374,0,201,0
2/1/2020,179,0,341,0,238,0,182,0,1148,0,1103,0,420,0,446,0,438,0,1244,0,1725,0,181,0,373,0,199,0
2/2/2020,189,0,337,0,234,0,182,0,1145,0,1100,0,417,0,445,0,437,0,1249,0,1733,0,183,0,371,0,197,0
2/3/2020,181,0,333,0,223,0,179,0,1143,0,1099,0,413,0,442,0,434,0,1249,0,1736,0,188,0,376,0,200,0
2/4/2020,178,0,330,0,230,0,175,0,1139,0,1096,0,409,0,438,0,432,0,1249,0,1734,0,190,0,380,0,204,0
2/5/2020,185,0,329,0,232,0,179,0,1137,0,1092,0,405,0,437,0,428,0,1247,0,1732,0,189,0,381,0,205,0
2/6/2020,178,0,326,0,227,0,178,0,1136,0,1091,0,401,0,434,0,425,0,1242,0,1730,0,188,0,381,0,205,0
2/7/2020,180,0,324,0,222,0,177,0,1135,0,1090,0,400,0,429,0,422,0,1238,0,1726,0,187,0,379,0,203,0
2/8/2020,180,0,322,0,220,0,170,0,1133,0,1089,0,399,0,428,0,421,0,1237,0,1723,0,185,0,376,0,200,0
2/9/2020,178,0,320,0,222,0,168,0,1130,0,1087,0,397,0,427,0,420,0,1237,0,1722,0,183,0,374,0,197,0
2/10/2020,174,4,317,0,215,0,167,0,1128,0,1086,0,394,0,425,0,416,0,1233,0,1720,0,183,0,373,0,196,0
2/11/2020,199,0,312,0,219,0,165,0,1125,0,1084,0,393,0,423,0,414,0,1228,0,1717,0,183,0,372,0,195,0
2/12/2020,186,0,312,0,217,0,165,0,1123,0,1081,0,390,0,423,0,413,0,1227,0,1714,0,180,0,371,0,194,0
2/13/2020,176,0,311,0,213,0,164,0,1121,0,1080,0,387,0,420,0,410,0,1224,0,1712,0,177,0,370,0,193,0
2/14/2020,173,0,310,0,217,0,160,0,1119,0,1078,0,383,0,415,0,406,0,1221,0,1709,0,176,0,367,0,192,0
2/15/2020,175,0,308,0,212,0,159,0,1117,0,1077,0,381,0,414,0,405,0,1219,0,1706,0,175,0,364,0,189,0
2/16/2020,175,0,312,0,211,0,157,0,1116,0,1076,0,377,0,412,0,404,0,1217,0,1704,0,174,0,364,0,189,0
2/17/2020,177,0,313,0,205,0,158,0,1114,0,1075,0,376,0,410,0,403,0,1216,0,1702,0,171,0,364,0,189,0
2/18/2020,177,0,307,0,208,0,155,0,1112,0,1073,0,374,0,409,0,402,0,1215,0,1701,0,171,0,362,0,188,0
2/19/2020,174,0,303,0,205,0,154,0,1110,0,1071,0,373,0,408,0,400,0,1214,0,1700,0,170,0,360,0,187,0
2/20/2020,186,0,302,0,207,0,152,0,1108,0,1070,0,372,0,406,0,399,0,1212,0,1699,0,169,0,360,0,187,0
2/21/2020,197,0,306,0,210,0,153,0,1107,0,1069,0,370,0,404,0,397,0,1208,0,1697,0,169,0,359,0,186,0
2/22/2020,180,0,312,0,214,0,155,0,1107,0,1067,0,369,0,403,0,395,0,1207,0,1695,0,168,0,359,0,186,0
2/23/2020,173,0,313,0,217,0,159,0,1108,0,1066,0,368,0,401,0,393,0,1205,0,1694,0,167,0,357,0,185,0
2/24/2020,175,0,311,0,210,0,160,0,1111,0,1071,0,366,0,400,0,392,0,1205,0,1692,0,166,0,356,0,184,0
2/25/2020,176,0,312,0,212,0,158,0,1112,0,1074,0,367,0,402,0,396,0,1205,0,1691,0,165,0,355,0,183,0
2/26/2020,173,0,316,0,220,0,162,0,1111,0,1073,0,371,0,406,0,400,0,1207,0,1692,0,164,0,355,0,183,0
2/27/2020,172,1,316,0,220,0,164,0,1114,0,1074,0,373,0,408,0,400,0,1210,0,1694,0,165,0,355,0,183,0
2/28/2020,182,0,310,0,213,0,164,0,1115,0,1077,0,371,0,407,0,398,0,1207,0,1696,0,165,0,356,0,184,0
2/29/2020,211,0,307,0,214,0,161,0,1112,0,1076,0,370,0,405,0,397,0,1206,0,1694,0,165,0,357,0,185,0
3/1/2020,194,0,305,0,208,0,156,0,1109,0,1074,0,367,0,405,0,400,0,1209,0,1693,0,165,0,357,0,185,0
3/2/2020,182,0,304,0,196,0,152,0,1107,0,1072,0,365,0,403,0,398,0,1208,0,1694,0,164,0,357,0,185,0
3/3/2020,179,0,303,0,195,0,146,0,1104,0,1071,0,364,0,401,0,396,0,1205,0,1693,0,163,0,357,0,185,0
3/4/2020,197,0,311,0,203,0,146,0,1102,0,1069,0,363,0,400,0,394,0,1202,0,1692,0,162,0,355,0,184,0
3/5/2020,208,0,329,0,229,0,164,0,1107,0,1068,0,361,0,398,0,390,0,1200,0,1690,0,160,0,353,0,183,0
3/6/2020,190,1,332,0,235,0,176,0,1120,0,1072,0,360,0,394,0,387,0,1195,0,1687,0,158,0,351,0,182,0
3/7/2020,186,0,326,0,230,0,175,0,1127,0,1083,0,362,0,394,0,387,0,1192,0,1685,0,157,0,350,0,180,0
3/8/2020,185,0,315,0,220,0,169,0,1128,0,1092,0,365,0,405,0,402,0,1200,0,1684,0,156,0,347,0,179,0
3/9/2020,180,0,314,0,209,0,161,0,1124,0,1094,0,368,0,419,0,413,0,1209,0,1690,0,157,0,346,0,178,0
3/10/2020,224,0,323,0,216,0,158,0,1117,0,1089,0,366,0,423,0,416,0,1217,0,1697,0,163,0,352,0,181,0
3/11/2020,196,0,325,0,233,0,168,0,1113,0,1083,0,362,0,419,0,408,0,1216,0,1700,0,170,0,360,0,187,0
3/12/2020,182,0,319,0,230,0,175,0,1118,0,1086,0,360,0,410,0,402,0,1210,0,1697,0,171,0,367,0,193,0
3/13/2020,191,0,317,0,228,0,173,0,1123,0,1091,0,362,0,406,0,401,0,1204,0,1693,0,168,0,369,0,195,0
3/14/2020,190,0,313,0,225,0,168,0,1120,0,1090,0,369,0,414,0,409,0,1206,0,1691,0,164,0,366,0,193,0
3/15/2020,185,0,321,0,227,0,167,0,1116,0,1086,0,373,0,419,0,413,0,1212,0,1695,0,164,0,363,0,189,0
3/16/2020,189,0,327,0,223,0,172,0,1114,0,1084,0,377,0,416,0,410,0,1214,0,1699,0,167,0,362,0,189,0
3/17/2020,206,0,323,0,234,0,172,0,1116,0,1084,0,374,0,414,0,409,0,1212,0,1700,0,173,0,364,0,190,0
3/18/2020,229,0,321,0,232,0,173,0,1118,0,1088,0,372,0,414,0,408,0,1209,0,1698,0,172,0,366,0,192,0
3/19/2020,204,0,318,0,228,0,172,0,1117,0,1090,0,371,0,414,0,409,0,1209,0,1696,0,171,0,365,0,192,0
3/20/2020,195,0,316,0,226,0,169,0,1114,0,1088,0,375,0,418,0,412,0,1211,0,1696,0,171,0,361,0,190,0
3/21/2020,184,0,316,0,226,0,167,0,1112,0,1085,0,375,0,420,0,414,0,1213,0,1699,0,172,0,361,0,189,0
3/22/2020,178,0,320,0,226,0,168,0,1110,0,1084,0,372,0,418,0,411,0,1213,0,1700,0,173,0,363,0,190,0
3/23/2020,178,0,329,0,223,0,172,0,1110,0,1084,0,370,0,415,0,408,0,1211,0,1699,0,174,0,364,0,192,0
3/24/2020,176,0,332,0,235,0,172,0,1111,0,1085,0,371,0,411,0,404,0,1208,0,1698,0,173,0,365,0,192,0
3/25/2020,184,0,329,0,233,0,175,0,1114,0,1088,0,373,0,411,0,403,0,1205,0,1696,0,172,0,364,0,191,0
3/26/2020,189,0,320,0,227,0,173,0,1115,0,1091,0,376,0,411,0,404,0,1205,0,1694,0,171,0,363,0,190,0
3/27/2020,185,0,311,0,219,0,167,0,1112,0,1090,0,378,0,413,0,406,0,1205,0,1693,0,170,0,362,0,189,0
3/28/2020,188,0,305,0,207,0,161,0,1107,0,1086,0,376,0,417,0,409,0,1208,0,1694,0,171,0,361,0,188,0
3/29/2020,189,0,303,0,208,0,152,0,1102,0,1082,0,373,0,413,0,406,0,1208,0,1695,0,174,0,362,0,188,0
3/30/2020,227,0,308,0,209,0,153,0,1098,0,1077,0,371,0,407,0,401,0,1204,0,1694,0,175,0,364,0,190,0
3/31/2020,256,0,309,0,221,0,154,0,1096,0,1074,0,367,0,399,0,397,0,1198,0,1691,0,173,0,364,0,190,0
4/1/2020,223,0,308,0,219,0,159,0,1097,0,1074,0,365,0,395,0,393,0,1191,0,1688,0,171,0,362,0,189,0
4/2/2020,206,0,308,0,219,0,160,0,1100,0,1077,0,368,0,394,0,392,0,1188,0,1682,0,168,0,358,0,186,0
4/3/2020,197,0,308,0,216,0,159,0,1101,0,1083,0,370,0,400,0,395,0,1188,0,1680,0,166,0,351,0,181,0
4/4/2020,195,0,331,0,233,0,164,0,1100,0,1082,0,372,0,401,0,398,0,1192,0,1682,0,164,0,348,0,178,0
4/5/2020,218,0,359,0,253,0,189,0,1103,0,1081,0,370,0,400,0,396,0,1193,0,1684,0,164,0,347,0,178,0
4/6/2020,201,0,357,0,254,0,195,0,1118,0,1084,0,369,0,400,0,395,0,1192,0,1684,0,165,0,348,0,179,0
4/7/2020,190,0,343,0,245,0,192,0,1129,0,1100,0,373,0,407,0,402,0,1191,0,1683,0,164,0,349,0,180,0
4/8/2020,182,0,330,0,231,0,181,0,1127,0,1109,0,381,0,426,0,420,0,1202,0,1686,0,164,0,349,0,180,0
4/9/2020,183,0,323,0,223,0,170,0,1116,0,1102,0,387,0,434,0,433,0,1216,0,1694,0,167,0,352,0,181,0
4/10/2020,185,0,322,0,218,0,167,0,1106,0,1089,0,391,0,429,0,428,0,1221,0,1705,0,174,0,359,0,187,0
4/11/2020,192,0,321,0,215,0,163,0,1101,0,1082,0,385,0,420,0,417,0,1218,0,1710,0,182,0,368,0,195,0
4/12/2020,200,0,316,0,203,0,158,0,1097,0,1077,0,379,0,408,0,407,0,1205,0,1707,0,184,0,376,0,203,0
4/13/2020,189,0,309,0,200,0,151,0,1092,0,1073,0,375,0,402,0,400,0,1199,0,1700,0,180,0,376,0,204,0
4/14/2020,185,0,303,0,196,0,145,0,1087,0,1070,0,370,0,398,0,395,0,1193,0,1696,0,175,0,368,0,198,0
4/15/2020,184,0,306,0,195,0,143,0,1084,0,1068,0,366,0,393,0,389,0,1188,0,1692,0,172,0,363,0,192,0
4/16/2020,196,4,307,0,197,0,143,0,1082,0,1066,0,362,0,384,0,384,0,1182,0,1688,0,168,0,357,0,186,0
4/17/2020,210,0,313,0,202,0,147,0,1081,0,1064,0,360,0,378,0,378,3,1176,0,1683,0,165,0,352,0,182,0
4/18/2020,232,0,314,0,205,0,151,0,1083,0,1065,3,360,0,375,0,376,0,1172,0,1679,0,160,0,348,0,178,0
4/19/2020,279,0,312,0,204,0,151,0,1086,0,1070,0,363,0,375,0,375,0,1169,0,1676,0,153,0,343,0,174,0
4/20/2020,236,0,311,0,207,0,150,0,1086,0,1073,0,367,0,379,0,378,0,1168,0,1674,0,149,0,340,0,171,0
4/21/2020,297,0,315,0,216,0,154,0,1084,0,1072,0,372,0,381,0,381,0,1172,0,1673,0,146,0,338,0,169,0
4/22/2020,288,4,320,1,219,0,161,0,1087,0,1074,0,372,0,381,0,381,0,1175,0,1675,0,147,0,336,0,167,0
4/23/2020,290,2,340,0,232,0,168,0,1092,0,1079,0,375,0,383,0,383,0,1175,0,1677,0,149,0,337,0,166,0
4/24/2020,342,0,364,0,256,0,189,1,1101,0,1086,0,378,0,389,0,387,0,1176,0,1679,0,149,0,339,0,168,0
4/25/2020,279,0,382,4,270,2,207,17,1118,0,1096,0,381,0,394,0,391,0,1179,0,1681,0,151,0,342,0,171,0
4/26/2020,295,5,403,0,284,0,224,0,1136,1,1115,0,385,0,406,0,400,0,1185,0,1685,0,154,0,343,0,173,0
4/27/2020,309,0,411,2,293,1,238,20,1152,1,1139,6,392,1,425,0,420,0,1197,0,1694,1,158,0,345,0,175,0
4/28/2020,270,0,429,1,310,3,248,0,1165,0,1156,0,403,2,445,19,436,0,1216,0,1709,0,163,0,349,25,179,0
4/29/2020,249,5,441,0,322,0,266,0,1176,1,1170,0,415,1,462,0,451,0,1233,7,1725,12,175,0,354,0,183,0
4/30/2020,272,5,426,4,313,0,265,0,1189,0,1183,0,426,0,476,8,468,4,1250,32,1740,0,187,3,366,12,192,4
5/1/2020,323,0,435,13,317,15,261,3,1186,0,1194,0,437,1,491,0,481,0,1267,0,1755,0,198,0,378,0,201,0
5/2/2020,294,0,432,0,318,0,266,0,1184,0,1191,3,446,0,503,0,490,0,1281,0,1768,0,212,0,393,5,213,0
5/3/2020,268,0,417,5,304,26,261,0,1181,2,1189,12,452,0,507,0,494,0,1293,0,1779,0,226,0,407,0,225,2
5/4/2020,256,1,403,0,293,0,246,0,1176,0,1187,0,448,0,511,0,496,0,1295,0,1782,0,236,0,417,0,236,3
5/5/2020,259,3,424,0,314,0,248,0,1167,0,1180,0,443,0,526,0,494,0,1300,0,1783,0,239,0,427,0,245,0
5/6/2020,263,0,443,0,336,0,276,0,1163,0,1176,0,436,0,512,0,490,0,1300,0,1783,0,243,0,433,0,252,0
5/7/2020,270,4,432,3,326,0,283,0,1176,0,1182,0,426,0,505,0,486,11,1297,0,1780,0,247,0,435,0,255,0
5/8/2020,289,0,413,0,317,0,269,0,1185,0,1205,0,425,0,521,0,494,0,1295,0,1776,0,245,0,436,0,256,0
5/9/2020,271,0,401,0,308,0,259,0,1181,0,1205,0,428,0,531,0,511,0,1310,0,1779,0,242,0,435,0,256,0
5/10/2020,275,0,394,0,302,0,251,0,1172,0,1195,0,420,0,539,0,518,0,1322,0,1789,0,247,0,433,0,253,0
5/11/2020,244,0,393,0,293,0,244,0,1164,0,1186,0,421,0,533,0,512,0,1324,0,1797,0,258,0,439,0,258,0
5/12/2020,222,0,397,21,298,7,246,5,1158,0,1180,0,413,0,525,0,500,1,1318,0,1793,0,261,0,450,0,267,0
5/13/2020,229,0,404,0,305,0,248,0,1158,0,1177,0,407,0,519,0,494,0,1311,0,1789,0,258,0,452,0,271,0
5/14/2020,270,0,403,0,310,0,255,0,1161,0,1176,0,404,0,516,0,490,0,1305,0,1784,0,254,0,449,0,269,0
5/15/2020,332,0,396,0,305,0,252,0,1166,0,1180,0,406,0,513,0,489,0,1299,0,1780,0,251,0,445,0,265,0
5/16/2020,298,0,384,0,295,0,247,0,1164,0,1183,0,410,0,517,0,493,0,1299,0,1777,0,248,0,443,0,261,0
5/17/2020,260,0,369,0,282,0,233,0,1158,0,1179,0,411,0,517,0,495,0,1301,0,1779,0,247,0,442,0,259,0
5/18/2020,306,0,365,0,274,0,224,0,1147,0,1170,0,408,0,514,0,491,0,1301,0,1781,0,249,0,441,7,259,7
5/19/2020,269,0,389,0,294,18,230,0,1139,0,1163,0,403,0,503,0,483,0,1295,0,1780,0,250,30,442,6,260,49
5/20/2020,270,3,423,38,310,47,252,16,1149,28,1163,33,399,0,496,9,475,4,1290,4,1776,30,249,20,442,4,260,2
5/21/2020,289,33,424,0,315,0,269,3,1167,4,1173,1,398,0,487,0,470,5,1278,12,1772,13,245,0,439,1,259,6
5/22/2020,294,0,412,0,306,0,258,0,1179,0,1184,3,403,2,496,2,476,3,1275,0,1766,0,240,20,436,21,255,0
5/23/2020,392,2,419,0,321,0,260,0,1173,0,1193,0,416,0,514,0,491,0,1287,0,1767,0,234,0,431,0,249,0
5/24/2020,453,17,412,0,320,0,270,0,1176,0,1186,0,425,0,517,0,495,0,1297,7,1777,0,238,0,437,0,244,0
5/25/2020,505,24,406,0,303,0,262,0,1183,0,1193,0,432,0,516,0,493,0,1299,0,1783,0,246,0,423,0,241,0
5/26/2020,746,1,414,0,318,0,259,0,1179,0,1197,0,439,0,524,0,501,0,1299,0,1783,0,250,0,432,0,248,0
5/27/2020,873,17,472,0,365,0,283,0,1178,0,1192,0,443,0,526,0,502,0,1307,0,1786,0,253,25,439,0,256,0
5/28/2020,735,1,550,19,441,22,366,11,1199,29,1201,29,447,25,527,20,502,17,1309,2,1790,0,257,15,442,10,259,0
5/29/2020,651,0,635,39,530,3,448,0,1270,3,1256,0,456,0,537,1,518,0,1314,1,1794,4,262,12,446,53,263,52
5/30/2020,508,0,732,28,630,35,569,6,1359,0,1334,0,479,0,596,2,568,0,1339,13,1804,0,265,0,450,0,267,10
5/31/2020,433,17,792,8,698,12,652,16,1479,17,1453,0,533,0,671,0,638,10,1394,6,1825,0,280,0,455,0,271,0
6/1/2020,414,10,818,4,727,6,697,20,1542,0,1519,0,616,0,763,0,732,0,1496,2,1882,14,323,50,472,26,285,5
6/2/2020,386,3,835,3,745,2,719,0,1572,0,1567,0,696,0,804,0,798,2,1596,12,1975,2,422,9,521,0,320,0
6/3/2020,446,0,820,0,732,0,715,4,1592,0,1587,0,755,0,858,0,836,0,1670,0,2056,2,503,35,608,0,378,3
6/4/2020,454,0,767,0,682,0,680,0,1592,0,1593,0,769,0,895,0,863,0,1709,0,2111,0,570,20,680,0,445,0
6/5/2020,494,28,705,15,618,13,618,10,1565,0,1570,0,771,0,901,0,870,0,1730,0,2141,0,610,0,732,4,505,3
6/6/2020,425,0,638,1,550,0,549,0,1522,0,1515,0,748,0,886,2,856,0,1731,0,2151,0,626,0,760,0,541,0
6/7/2020,504,15,619,0,524,3,497,0,1476,0,1462,0,709,0,855,0,826,0,1703,0,2134,1,623,28,774,30,561,67
6/8/2020,490,1,622,0,523,0,493,2,1450,0,1424,0,647,0,814,1,787,0,1665,4,2106,6,598,20,766,10,559,73
6/9/2020,454,3,635,0,542,1,501,0,1444,0,1406,0,599,3,781,2,751,12,1624,42,2070,1,562,18,744,2,545,1
6/10/2020,405,0,642,1,550,8,518,0,1452,3,1411,0,581,0,764,0,729,0,1593,2,2034,0,529,4,714,27,515,11
6/11/2020,415,0,670,12,575,0,534,0,1460,0,1423,1,575,0,761,7,722,0,1579,1,2014,2,488,5,685,31,493,29
6/12/2020,489,47,672,0,579,0,550,0,1477,0,1436,2,587,0,775,0,730,0,1583,0,2011,8,470,2,661,21,464,18
6/13/2020,562,71,668,0,576,0,552,0,1490,0,1454,0,608,4,788,0,755,6,1594,0,2019,0,472,0,652,30,449,15
6/14/2020,517,1,641,0,548,0,530,0,1493,0,1462,0,618,0,805,1,768,0,1611,0,2031,8,491,0,652,0,449,0
6/15/2020,496,0,619,0,519,0,499,0,1484,0,1459,0,619,0,809,16,776,0,1624,3,2046,1,509,0,664,1,456,20
6/16/2020,569,41,645,0,546,0,505,0,1474,0,1450,0,609,0,807,0,776,0,1628,0,2053,0,524,20,675,5,467,21
6/17/2020,659,12,690,0,595,0,551,0,1489,0,1452,0,602,0,797,3,768,0,1624,3,2056,35,533,15,687,20,482,45
6/18/2020,661,30,718,3,623,6,595,0,1531,0,1485,0,621,0,800,0,768,0,1615,1,2044,0,531,5,689,33,488,12
6/19/2020,658,57,722,0,629,0,606,0,1572,0,1532,0,671,0,835,0,792,0,1631,0,2048,15,524,20,685,35,487,61
6/20/2020,665,19,743,0,649,0,620,0,1594,0,1566,0,726,0,875,18,846,21,1671,8,2082,21,546,0,680,5,480,4
6/21/2020,664,2,776,0,684,0,656,0,1620,0,1584,0,748,0,904,2,875,0,1713,2,2120,2,580,0,702,1,502,21
6/22/2020,713,15,805,0,711,0,686,0,1664,0,1623,0,792,0,923,0,903,0,1740,0,2150,5,612,0,736,19,533,3
6/23/2020,687,25,840,0,748,0,724,0,1704,0,1676,0,835,0,969,4,940,8,1776,0,2179,0,633,0,765,0,565,0
6/24/2020,677,88,865,0,773,0,757,0,1745,0,1723,0,885,0,1016,0,987,0,1827,0,2214,0,674,29,797,2,591,8
6/25/2020,663,0,885,2,793,6,781,17,1778,0,1760,0,944,0,1065,0,1034,0,1884,0,2262,0,719,0,834,0,626,0
6/26/2020,597,33,898,3,806,1,802,8,1809,5,1793,0,986,1,1102,0,1074,0,1934,0,2311,22,774,8,875,2,665,34
6/27/2020,667,32,910,0,822,0,816,0,1829,0,1821,0,1037,0,1140,0,1111,0,1974,0,2362,15,818,3,922,26,713,2
6/28/2020,785,53,928,0,836,0,831,0,1836,0,1834,0,1083,2,1164,8,1135,0,2010,0,2397,0,857,10,965,18,753,8
6/29/2020,724,1,945,0,853,0,847,0,1841,5,1836,0,1088,0,1179,0,1150,0,2028,5,2431,0,883,0,1001,3,787,3
6/30/2020,668,9,960,0,870,0,865,0,1847,0,1842,0,1092,0,1187,0,1160,0,2042,2,2445,3,902,0,1024,0,815,0
7/1/2020,629,7,968,0,878,0,873,0,1848,0,1846,0,1095,4,1193,0,1166,0,2050,0,2455,24,910,0,1040,3,834,0
7/2/2020,611,36,980,26,889,1,883,3,1844,0,1845,0,1094,0,1198,0,1170,0,2055,0,2463,9,920,0,1054,77,849,2
7/3/2020,642,0,990,0,899,0,889,0,1843,26,1843,11,1093,28,1197,4,1171,0,2058,0,2466,0,928,0,1063,52,860,51
7/4/2020,621,11,1000,0,907,0,899,0,1845,13,1846,4,1090,30,1197,0,1171,0,2057,7,2466,3,928,9,1070,22,867,49
7/5/2020,677,14,1004,0,910,0,902,1,1851,0,1852,0,1093,0,1197,0,1172,5,2056,0,2465,3,924,0,1073,21,870,37
7/6/2020,691,2,1006,0,914,0,907,2,1859,0,1858,0,1098,2,1203,1,1179,0,2060,0,2469,0,926,8,1076,25,874,61
7/7/2020,761,7,1010,0,925,0,920,0,1872,0,1870,0,1111,0,1212,17,1186,29,2070,0,2477,3,936,12,1077,19,875,27
7/8/2020,746,24,1008,0,922,0,920,0,1882,0,1886,0,1119,0,1223,3,1197,7,2081,0,2485,0,942,0,1084,15,880,0
7/9/2020,739,28,1001,0,918,0,919,0,1890,0,1895,0,1124,0,1234,0,1208,0,2094,0,2497,0,950,12,1092,1,889,1
7/10/2020,858,18,996,0,914,0,920,1,1902,1,1906,0,1130,0,1243,0,1217,0,2106,1,2508,3,962,0,1101,0,899,5
7/11/2020,979,0,994,0,912,0,920,0,1913,0,1919,0,1137,0,1254,0,1227,0,2117,4,2517,3,972,17,1111,5,909,0
7/12/2020,1005,69,1003,0,917,0,925,0,1923,0,1927,0,1146,0,1267,0,1239,0,2129,2,2528,0,986,0,1120,0,919,43
7/13/2020,864,23,1015,0,923,0,932,0,1934,0,1936,0,1154,0,1280,5,1253,0,2143,5,2541,7,998,0,1130,1,927,8
7/14/2020,783,16,1033,0,941,0,949,0,1946,0,1945,0,1180,0,1297,0,1269,0,2158,0,2553,11,1008,0,1141,9,937,1
7/15/2020,844,1,1058,0,964,0,967,0,1958,0,1959,0,1194,0,1310,2,1285,2,2176,0,2569,0,1020,9,1151,18,946,5
7/16/2020,758,0,1090,0,994,0,993,0,1970,0,1970,0,1199,0,1326,0,1300,0,2189,0,2582,0,1034,0,1161,0,957,3
7/17/2020,752,2,1128,0,1029,0,1021,0,1988,0,1986,0,1214,0,1340,0,1314,0,2206,0,2596,1,1049,9,1173,0,970,3
7/18/2020,796,58,1159,0,1059,0,1051,0,2011,5,2007,3,1223,0,1359,2,1335,0,2220,0,2610,0,1061,0,1186,2,984,7
7/19/2020,852,87,1181,0,1081,0,1072,1,2036,9,2031,0,1240,0,1386,2,1361,0,2245,13,2631,0,1075,5,1197,0,998,0
7/20/2020,854,14,1188,2,1089,1,1087,8,2057,0,2055,0,1263,0,1412,0,1391,0,2271,0,2652,2,1094,12,1194,0,1013,0
7/21/2020,946,1,1191,0,1092,0,1091,0,2092,0,2071,0,1283,2,1443,1,1421,2,2301,21,2679,0,1116,10,1229,0,1032,0
7/22/2020,979,48,1193,0,1096,0,1096,0,2081,0,2083,0,1302,0,1470,0,1446,0,2328,11,2704,29,1139,5,1249,2,1052,2
7/23/2020,882,0,1199,0,1098,0,1098,0,2085,0,2088,20,1312,18,1490,1,1470,6,2348,4,2722,0,1157,7,1267,0,1072,0
7/24/2020,832,2,1208,0,1107,0,1103,0,2089,0,2092,0,1314,0,1501,15,1482,4,2365,10,2738,14,1175,0,1285,1,1091,6
7/25/2020,759,0,1217,0,1118,0,1110,0,2093,0,2096,0,1316,0,1511,0,1492,0,2373,0,2747,0,1189,0,1299,0,1108,0
7/26/2020,697,1,1232,18,1132,7,1118,0,2101,0,2103,1,1320,0,1519,0,1499,0,2379,0,2752,0,1197,0,1306,0,1117,0
7/27/2020,682,5,1244,0,1141,0,1131,0,2117,0,2116,4,1328,18,1532,0,1512,0,2387,0,2757,0,1198,0,1312,0,1125,0
7/28/2020,618,0,1253,20,1151,11,1140,17,2133,37,2132,4,1342,0,1549,4,1531,10,2402,0,2769,0,1208,0,1318,27,1131,23
7/29/2020,566,0,1250,3,1150,10,1143,0,2142,0,2144,3,1353,0,1568,0,1553,0,2418,0,2784,0,1218,0,1326,26,1142,27
7/30/2020,570,0,1243,0,1144,3,1143,2,2145,0,2148,0,1362,0,1589,0,1574,0,2435,0,2797,0,1228,0,1331,1,1148,7
7/31/2020,551,6,1234,0,1135,0,1137,0,2145,0,2149,0,1366,0,1604,2,1590,5,2452,7,2812,0,1238,0,1342,28,1158,2
8/1/2020,520,0,1215,2,1119,0,1128,0,2141,0,2145,0,1362,0,1611,0,1597,0,2461,0,2818,0,1247,0,1352,0,1169,0
8/2/2020,520,3,1192,0,1099,0,1113,0,2132,0,2138,0,1358,12,1614,0,1599,0,2463,0,2822,0,1251,0,1360,0,1178,0
8/3/2020,511,0,1160,17,1072,10,1090,37,2116,1,2125,1,1350,6,1609,55,1595,64,2464,18,2822,0,1252,2,1365,5,1185,5
8/4/2020,469,2,1113,10,1027,7,1065,12,2098,16,2113,21,1337,24,1601,13,1587,21,2464,31,2827,12,1254,0,1369,5,1190,7
8/5/2020,473,7,1057,2,977,0,1021,3,2063,8,2087,18,1315,4,1584,4,1571,12,2445,3,2813,2,1255,10,1371,5,1191,13
8/6/2020,493,4,990,0,914,0,965,0,2014,2,2041,1,1267,5,1547,3,1533,7,2418,4,2797,0,1247,15,1371,44,1191,17
8/7/2020,465,0,917,0,845,0,899,0,1962,0,1990,0,1202,0,1482,3,1471,0,2369,2,2762,0,1235,0,1365,42,1187,8
8/8/2020,492,0,848,0,776,0,833,0,1922,0,1935,0,1158,4,1414,4,1399,0,2307,4,2715,0,1210,0,1351,5,1174,15
8/9/2020,612,43,798,0,714,0,766,0,1882,0,1907,0,1124,0,1349,0,1327,0,2247,5,2662,0,1175,15,1330,6,1160,37
8/10/2020,712,31,773,0,685,0,722,0,1834,0,1868,0,1090,0,1290,0,1271,0,2188,1,2605,6,1128,0,1300,10,1131,14
8/11/2020,813,24,768,0,683,0,706,0,1793,0,1814,0,1068,0,1228,0,1211,0,2127,0,2553,18,1060,10,1264,27,1098,4
8/12/2020,780,11,776,0,692,0,706,0,1786,0,1796,0,1059,0,1170,0,1158,0,2066,13,2501,0,995,0,1222,43,1055,13
8/13/2020,692,1,810,0,734,0,734,7,1808,0,1808,0,1056,0,1152,0,1130,0,2025,1,2454,0,948,10,1174,2,1001,6
8/14/2020,752,63,856,0,760,0,772,0,1846,0,1852,0,1063,0,1159,0,1136,0,2016,0,2434,0,912,0,1127,32,951,28
8/15/2020,791,30,897,0,803,0,821,0,1882,0,1890,0,1085,0,1196,2,1171,0,2040,5,2446,10,907,20,1099,27,918,7
8/16/2020,779,1,937,0,851,0,862,0,1915,0,1921,0,1124,0,1236,0,1212,0,2103,24,2483,32,934,0,1093,38,909,14
8/17/2020,782,12,975,0,886,0,896,0,1943,0,1950,0,1172,0,1273,27,1251,7,2138,0,2518,12,975,10,1114,37,925,20
8/18/2020,899,87,1009,0,914,0,938,0,1969,0,1976,0,1224,0,1308,0,1287,0,2171,0,2551,1,1003,0,1140,4,953,8
8/19/2020,829,104,1039,0,949,0,965,0,1996,0,2002,0,1263,0,1345,1,1322,0,2200,4,2580,1,1033,20,1171,54,981,31
8/20/2020,670,0,1065,0,974,0,995,0,2018,6,2025,29,1307,25,1381,2,1361,5,2232,33,2616,29,1062,3,1197,21,1010,24
8/21/2020,611,0,1092,27,1001,29,1017,0,2038,0,2043,0,1332,0,1410,10,1393,0,2263,1,2646,4,1081,0,1222,2,1035,0
8/22/2020,606,0,1117,0,1025,0,1034,1,2060,0,2064,0,1355,0,1438,0,1421,0,2290,0,2671,0,1108,0,1244,0,1060,7
8/23/2020,597,0,1151,4,1056,12,1061,6,2083,26,2091,2,1374,18,1469,8,1452,0,2319,15,2696,24,1139,15,1267,7,1082,13
8/24/2020,602,0,1180,17,1086,10,1088,7,2110,2,2115,4,1403,1,1506,23,1489,2,2351,3,2725,8,1162,12,1284,2,1099,8
8/25/2020,676,10,1204,2,1107,12,1108,0,2133,0,2143,9,1425,9,1540,0,1523,0,2384,9,2749,22,1186,0,1300,16,1116,12
8/26/2020,615,10,1207,0,1115,0,1118,0,2149,0,2162,0,1442,0,1577,2,1563,1,2424,46,2786,9,1213,0,1319,4,1136,9
8/27/2020,539,0,1196,0,1109,3,1117,0,2154,0,2169,0,1451,0,1608,15,1598,6,2449,5,2808,12,1236,0,1340,17,1157,16
8/28/2020,546,64,1177,0,1092,0,1109,0,2150,0,2166,0,1454,0,1626,0,1613,0,2470,0,2822,0,1251,0,1357,0,1175,0
8/29/2020,587,3,1150,0,1070,0,1092,0,2135,0,2153,0,1446,0,1628,0,1615,0,2479,0,2829,0,1256,0,1367,0,1190,0
8/30/2020,617,2,1127,0,1046,0,1071,0,2112,0,2133,0,1435,0,1621,0,1610,0,2474,0,2827,0,1258,0,1373,0,1199,0
8/31/2020,632,13,1100,0,1021,0,1044,0,2074,0,2101,0,1408,0,1596,0,1587,0,2456,0,2818,0,1252,0,1375,0,1203,0
9/1/2020,618,197,1070,0,992,0,1020,0,2032,4,2056,53,1383,9,1558,34,1549,21,2429,3,2804,8,1240,0,1374,0,1203,0
9/2/2020,564,0,1031,0,956,0,989,0,1989,4,2018,2,1332,24,1505,5,1496,8,2387,3,2774,16,1225,10,1368,9,1199,24
9/3/2020,517,0,1006,0,932,0,958,0,1954,0,1983,0,1288,0,1446,0,1434,0,2334,0,2732,0,1206,0,1356,3,1189,1
9/4/2020,490,0,996,0,921,0,942,0,1943,0,1961,0,1266,0,1388,0,1375,0,2278,0,2686,0,1160,0,1339,0,1171,0
9/5/2020,509,0,994,2,918,13,935,0,1939,0,1958,0,1246,0,1356,0,1336,0,2235,0,2643,0,1112,0,1313,0,1147,0
9/6/2020,541,23,992,0,914,2,932,0,1924,0,1948,0,1244,0,1338,0,1319,0,2214,0,2619,0,1078,10,1285,0,1120,0
9/7/2020,577,47,976,0,900,0,921,0,1902,0,1925,0,1240,0,1322,6,1299,0,2197,0,2599,31,1066,0,1260,19,1093,18
9/8/2020,565,0,946,1,872,0,891,0,1872,0,1899,0,1225,0,1294,4,1274,0,2177,7,2582,3,1049,7,1243,7,1074,1
9/9/2020,547,77,910,10,838,3,859,1,1836,13,1860,2,1206,0,1260,0,1244,0,2147,3,2559,12,1031,0,1226,5,1057,17
9/10/2020,559,2,885,0,813,0,827,0,1805,24,1829,0,1195,28,1220,0,1204,0,2108,0,2527,3,1005,0,1203,5,1030,0
9/11/2020,555,15,880,0,808,0,812,0,1783,0,1805,0,1185,0,1180,15,1163,26,2066,0,2493,0,972,0,1176,0,1005,0
9/12/2020,647,81,888,0,816,0,813,0,1773,0,1792,0,1173,0,1151,0,1136,0,2027,0,2459,0,938,0,1143,0,971,9
9/13/2020,623,12,896,0,826,0,824,0,1773,0,1788,0,1165,0,1136,0,1121,0,2005,0,2433,0,909,0,1106,1,933,0
9/14/2020,650,16,906,0,834,0,833,6,1777,0,1791,0,1159,0,1132,0,1113,0,1994,0,2416,0,870,0,1075,2,901,0
9/15/2020,716,13,917,0,847,13,842,4,1793,0,1804,0,1156,0,1134,0,1113,0,1989,0,2413,0,856,0,1049,0,877,0
9/16/2020,717,21,934,0,863,0,857,4,1824,0,1827,0,1166,0,1148,30,1125,44,1999,0,2416,0,852,0,1036,0,862,0
9/17/2020,731,16,952,2,881,0,880,0,1856,0,1860,0,1176,0,1178,0,1151,11,2022,0,2431,0,853,0,1035,0,860,0
9/18/2020,717,9,977,0,903,0,900,0,1880,0,1887,0,1187,0,1211,0,1183,0,2056,0,2458,0,873,0,1044,0,865,2
9/19/2020,627,0,1009,2,934,0,930,0,1901,0,1907,0,1196,0,1242,7,1216,10,2094,48,2501,91,925,35,1073,69,890,39
9/20/2020,547,0,1036,0,956,0,953,0,1924,12,1934,10,1209,13,1273,23,1250,19,2131,64,2541,6,968,22,1114,32,928,30
9/21/2020,503,46,1055,18,972,15,979,16,1940,8,1952,3,1220,0,1301,4,1280,2,2159,5,2561,14,1012,27,1153,31,976,39
9/22/2020,581,29,1066,0,985,1,990,0,1948,8,1962,14,1230,9,1328,7,1308,2,2185,36,2581,14,1035,20,1182,22,1008,11
9/23/2020,736,22,1076,8,995,16,998,0,1953,16,1968,2,1232,2,1345,1,1330,0,2201,48,2614,4,1058,0,1204,10,1027,20
9/24/2020,841,49,1076,0,995,0,1003,0,1962,0,1973,0,1236,0,1352,14,1336,13,2217,2,2621,0,1072,22,1224,32,1046,4
9/25/2020,812,18,1062,0,982,0,998,0,1971,0,1984,0,1242,0,1361,0,1344,0,2224,1,2624,26,1078,20,1236,5,1061,64
9/26/2020,973,16,1038,0,961,0,983,0,1973,0,1990,0,1251,0,1368,13,1352,4,2233,0,2627,4,1080,0,1239,2,1068,4
9/27/2020,1084,4,1025,0,948,0,967,0,1968,0,1986,0,1259,0,1374,0,1358,0,2239,0,2631,0,1083,20,1241,11,1069,0
9/28/2020,933,10,1030,0,953,0,964,0,1966,0,1980,0,1258,0,1373,0,1357,0,2241,0,2634,0,1086,0,1244,2,1072,13
9/29/2020,772,0,1051,0,970,0,977,0,1973,5,1985,35,1250,2,1371,0,1355,0,2237,0,2631,0,1084,0,1245,0,1075,0
9/30/2020,677,0,1086,39,999,6,1002,0,1986,2,2000,1,1254,26,1377,13,1361,6,2239,6,2632,0,1082,12,1245,0,1075,1
10/1/2020,614,32,1128,28,1039,35,1030,15,2007,0,2018,3,1265,0,1390,0,1374,0,2249,0,2638,5,1085,12,1246,10,1076,3
10/2/2020,577,17,1171,7,1077,0,1065,5,2028,0,2039,0,1282,0,1413,5,1399,1,2267,10,2651,0,1093,0,1250,21,1077,25
10/3/2020,592,0,1205,0,1110,0,1093,0,2050,0,2062,0,1303,0,1440,0,1425,0,2289,0,2671,0,1103,0,1257,5,1081,0
10/4/2020,620,0,1226,10,1130,0,1116,4,2073,0,2081,0,1319,0,1468,0,1455,0,2316,1,2691,5,1123,10,1268,2,1089,30
10/5/2020,631,0,1231,3,1137,0,1124,0,2092,0,2101,3,1334,0,1500,1,1487,0,2346,0,2715,4,1144,0,1284,8,1103,28
10/6/2020,677,11,1219,0,1128,0,1125,0,2103,0,2115,0,1349,0,1529,2,1518,0,2375,0,2740,3,1166,0,1300,0,1121,0
10/7/2020,661,0,1200,0,1113,0,1114,0,2099,0,2116,0,1358,0,1552,0,1541,0,2398,0,2761,0,1183,0,1316,0,1137,11
10/8/2020,660,0,1169,1,1086,0,1097,0,2087,0,2105,0,1361,2,1560,0,1551,0,2413,0,2775,0,1204,0,1330,0,1155,0
10/9/2020,618,0,1133,0,1055,0,1075,0,2070,0,2091,0,1356,0,1554,0,1547,0,2411,20,2779,9,1211,10,1341,28,1168,14
10/10/2020,556,0,1102,0,1016,0,1048,0,2048,0,2071,0,1340,0,1536,0,1529,0,2400,5,2772,0,1209,0,1346,0,1174,0
10/11/2020,546,0,1068,0,995,0,1021,0,2022,0,2048,0,1319,0,1510,5,1499,14,2378,0,2755,0,1198,0,1345,0,1176,0
10/12/2020,507,0,1041,0,968,0,995,0,1998,0,2026,0,1297,0,1477,0,1464,0,2349,0,2732,0,1177,0,1339,0,1171,0
10/13/2020,481,0,1022,0,942,0,968,0,1969,0,2001,27,1272,0,1443,0,1424,0,2317,0,2707,0,1156,0,1329,0,1160,0
10/14/2020,463,0,987,0,912,0,939,0,1935,0,1967,0,1243,0,1404,0,1387,0,2284,0,2679,0,1133,0,1316,2,1144,0
10/15/2020,438,0,941,0,871,0,902,0,1898,0,1927,0,1214,0,1358,0,1345,0,2245,0,2648,0,1112,0,1300,0,1129,0
10/16/2020,420,0,885,0,820,0,849,0,1852,0,1884,0,1178,0,1311,0,1305,0,2201,13,2611,3,1090,0,1281,24,1109,11
10/17/2020,407,0,826,0,760,0,789,0,1804,0,1834,0,1138,5,1254,10,1250,35,2154,34,2568,5,1038,7,1256,17,1085,16
10/18/2020,440,3,772,0,708,0,727,0,1751,0,1782,40,1107,27,1197,0,1190,0,2095,32,2521,0,998,0,1226,23,1059,39
10/19/2020,440,3,731,0,668,0,683,0,1704,0,1725,0,1074,0,1137,0,1128,0,2035,0,2471,9,960,0,1184,0,1018,1
10/20/2020,607,6,698,0,635,0,649,0,1667,0,1693,0,1037,19,1082,2,1068,6,1975,0,2416,17,916,0,1132,3,967,1
10/21/2020,624,0,678,0,613,0,611,0,1641,0,1662,0,1007,0,1039,0,1025,0,1922,2,2359,2,861,0,1080,10,915,29
10/22/2020,718,15,673,2,606,2,596,6,1626,0,1640,0,975,0,1005,4,989,11,1877,3,2314,0,800,0,1017,0,850,1
10/23/2020,569,33,700,66,630,63,610,3,1632,22,1637,2,951,4,984,0,965,0,1845,0,2280,0,760,0,963,0,796,0
10/24/2020,677,20,755,0,683,0,660,4,1660,0,1659,0,930,0,981,0,963,0,1831,0,2260,0,733,0,918,2,748,0
10/25/2020,811,1,805,0,734,0,718,0,1737,0,1729,0,940,0,1005,1,985,0,1840,0,2258,0,714,7,887,2,719,0
10/26/2020,746,0,845,0,775,0,773,0,1843,0,1841,0,990,0,1078,0,1060,0,1889,0,2286,0,718,0,877,0,709,0
10/27/2020,596,0,871,0,802,0,817,0,1913,0,1921,0,1055,0,1181,0,1161,0,1992,4,2362,7,766,5,901,16,731,9
10/28/2020,526,0,896,0,823,0,848,0,1948,0,1964,0,1107,0,1266,35,1248,8,2096,51,2482,2,898,0,968,3,792,33
10/29/2020,487,0,923,0,849,0,875,0,1972,0,1991,0,1170,2,1322,0,1306,0,2166,0,2545,0,998,0,1065,5,884,5
10/30/2020,458,0,950,1,873,0,901,0,1987,0,2011,0,1225,0,1364,0,1347,0,2212,8,2591,4,1048,25,1142,5,955,9
10/31/2020,438,0,966,0,889,0,920,0,1995,0,2019,6,1265,22,1395,35,1381,25,2254,16,2640,26,1091,12,1196,27,1012,19
11/1/2020,460,14,967,32,891,11,938,53,1994,11,2022,2,1289,7,1415,15,1401,7,2274,7,2661,1,1115,0,1234,1,1053,2
11/2/2020,505,7,935,7,866,0,912,0,1979,2,2012,4,1297,0,1423,0,1409,0,2286,0,2668,0,1127,0,1258,0,1080,1
11/3/2020,586,2,883,15,814,31,871,20,1960,8,1988,2,1290,0,1414,19,1401,4,2283,0,2671,0,1136,0,1269,0,1093,0
11/4/2020,529,0,817,20,749,40,811,0,1924,0,1961,0,1268,0,1392,0,1375,0,2265,0,2659,0,1126,0,1274,0,1098,0
11/5/2020,505,2,786,28,721,6,759,0,1874,2,1910,0,1231,4,1353,4,1337,0,2236,2,2637,10,1103,0,1272,0,1096,0
11/6/2020,496,0,795,0,726,0,754,0,1840,0,1868,0,1183,0,1293,0,1280,0,2188,0,2597,0,1071,0,1259,0,1087,0
11/7/2020,443,0,812,0,744,0,763,0,1826,0,1837,0,1131,0,1244,0,1228,0,2136,0,2551,0,1025,0,1235,0,1063,0
11/8/2020,418,0,814,0,746,0,768,0,1818,0,1829,0,1072,0,1216,0,1202,0,2097,0,2511,0,976,0,1201,0,1024,0
11/9/2020,400,0,801,0,732,0,755,0,1798,0,1813,0,1025,0,1198,0,1184,0,2074,0,2487,0,938,0,1159,0,990,5
11/10/2020,387,0,783,0,709,0,733,0,1771,0,1790,0,1002,0,1177,0,1159,0,2054,0,2470,0,912,0,1129,1,957,16
11/11/2020,377,0,741,0,672,0,696,0,1737,0,1759,0,985,0,1147,0,1132,0,2028,0,2447,0,894,0,1105,0,932,0
11/12/2020,367,0,693,0,625,0,659,0,1698,0,1724,0,964,0,1110,0,1098,0,1995,0,2419,0,873,0,1084,0,909,0
11/13/2020,359,0,656,0,588,0,611,0,1655,0,1681,0,944,0,1060,0,1045,0,1956,0,2384,0,850,0,1058,0,882,0
11/14/2020,352,0,635,0,566,0,571,0,1619,0,1638,0,922,0,1018,0,999,0,1906,0,2346,0,818,0,1025,0,849,0
11/15/2020,345,0,614,0,546,0,543,0,1591,0,1604,0,896,0,977,0,957,0,1857,0,2292,0,780,0,981,0,809,0
11/16/2020,338,0,595,0,526,0,523,0,1566,0,1577,0,876,0,941,0,924,0,1815,0,2251,0,729,0,932,0,763,0
11/17/2020,334,0,582,0,516,0,503,0,1545,0,1558,0,853,0,913,0,900,0,1781,0,2215,0,685,0,884,0,714,0
11/18/2020,327,0,569,0,501,0,495,0,1530,0,1543,0,836,0,889,0,876,0,1752,0,2187,0,652,0,842,0,676,0
11/19/2020,342,0,559,0,490,0,471,0,1515,0,1529,0,819,0,871,0,857,0,1728,0,2160,0,624,0,813,0,647,0
11/20/2020,331,0,545,0,476,0,453,0,1500,0,1515,0,806,0,851,0,840,0,1707,0,2138,0,595,0,781,0,614,0
11/21/2020,320,0,531,0,461,0,437,0,1488,0,1502,0,789,0,835,0,824,0,1687,0,2120,0,572,0,759,0,593,0
11/22/2020,314,0,523,0,455,0,430,0,1476,0,1489,0,774,0,820,0,808,0,1669,0,2103,0,552,0,738,0,574,0
11/23/2020,309,0,523,0,453,0,427,0,1467,0,1478,0,757,0,805,0,793,0,1653,0,2087,0,532,0,717,0,555,0
11/24/2020,331,0,521,0,452,0,427,0,1460,0,1471,0,743,0,792,0,777,0,1638,0,2071,0,517,0,697,0,536,0
11/25/2020,309,0,511,0,445,0,422,0,1456,0,1467,0,731,0,783,0,768,0,1627,0,2057,0,505,0,681,0,521,0
11/26/2020,301,0,503,0,436,0,417,0,1445,0,1457,0,720,0,778,0,761,0,1619,0,2048,0,497,0,669,0,508,0
11/27/2020,296,0,499,0,435,0,412,0,1437,0,1446,0,705,0,770,0,754,0,1610,0,2042,0,489,0,660,0,500,0
11/28/2020,291,0,497,0,426,0,407,0,1429,0,1437,0,691,0,760,0,745,0,1601,0,2034,0,480,0,651,0,493,0
11/29/2020,289,0,490,0,421,0,403,0,1422,0,1428,0,674,0,750,0,738,0,1591,0,2025,0,472,0,644,0,486,0
11/30/2020,285,0,483,0,412,0,393,0,1416,0,1420,0,662,0,741,0,729,0,1582,0,2017,0,463,0,637,0,479,0
12/1/2020,279,0,477,0,408,0,386,0,1408,0,1407,0,657,0,734,0,720,0,1573,0,2008,0,455,0,629,0,471,0
12/2/2020,277,0,471,0,404,0,381,0,1402,0,1400,0,653,0,726,0,711,0,1563,0,2000,0,449,0,622,0,463,0
12/3/2020,273,0,465,0,395,0,373,0,1397,0,1394,0,648,0,715,0,703,0,1555,0,1992,0,444,0,614,0,456,0
12/4/2020,270,0,459,0,392,0,366,0,1389,0,1385,0,645,0,707,0,697,0,1547,0,1984,0,436,0,606,0,448,0
12/5/2020,269,0,456,0,387,0,361,0,1385,0,1378,0,642,0,698,0,688,0,1539,0,1976,0,429,0,598,0,440,0
12/6/2020,269,0,450,0,379,0,357,0,1380,0,1372,0,639,0,689,0,680,0,1529,0,1967,0,423,0,591,0,433,0
12/7/2020,268,0,443,0,372,0,347,0,1373,0,1365,0,635,0,682,0,675,0,1521,0,1959,0,416,0,584,0,426,0
12/8/2020,268,0,438,0,367,0,343,0,1368,0,1356,0,634,0,674,0,669,0,1514,0,1951,0,409,0,576,0,418,0
12/9/2020,267,0,433,0,362,0,338,0,1362,0,1347,0,631,0,667,0,662,0,1505,0,1944,0,404,0,567,0,410,0
12/10/2020,266,0,429,0,358,0,333,0,1358,0,1341,0,628,0,660,0,656,0,1497,0,1936,0,399,0,560,0,403,0
12/11/2020,265,0,426,0,354,0,329,0,1353,0,1335,0,626,0,653,0,649,0,1490,0,1929,0,392,0,553,0,396,0
12/12/2020,264,0,423,0,351,0,325,0,1349,0,1330,0,621,0,648,0,641,0,1483,0,1922,0,388,0,547,0,391,0
12/13/2020,263,0,420,0,347,0,321,0,1345,0,1324,0,615,0,642,0,633,0,1477,0,1915,0,384,0,542,0,386,0
12/14/2020,262,0,415,0,339,0,315,0,1341,0,1319,0,610,0,636,0,629,0,1472,0,1909,0,380,0,537,0,381,0
12/15/2020,261,0,413,0,344,0,313,0,1335,0,1314,0,606,0,631,0,623,0,1466,0,1904,0,375,0,532,0,377,0
12/16/2020,259,0,408,0,337,0,311,0,1331,0,1309,0,602,0,622,0,615,0,1460,0,1899,0,370,0,528,0,374,0
12/17/2020,257,0,404,0,333,0,306,0,1327,0,1306,0,597,0,621,0,609,0,1453,0,1894,0,365,0,524,0,371,0
12/18/2020,256,0,401,0,329,0,302,0,1323,0,1301,0,596,0,618,0,607,0,1450,0,1890,0,358,0,520,0,368,0
12/19/2020,255,0,398,0,326,0,298,0,1319,0,1296,0,594,0,612,0,603,0,1446,0,1887,0,352,0,516,0,365,0
12/20/2020,254,0,396,0,324,0,296,0,1315,0,1291,0,592,0,607,0,599,0,1440,0,1883,0,349,0,512,0,359,0
12/21/2020,253,0,389,0,314,0,292,0,1311,0,1287,0,590,0,602,0,594,0,1435,0,1879,0,346,0,508,0,354,0
12/22/2020,252,0,387,0,313,0,288,0,1307,0,1281,0,589,0,596,0,590,0,1428,0,1875,0,342,0,504,0,350,0
12/23/2020,251,0,386,0,313,0,286,0,1303,0,1274,0,588,0,591,0,585,0,1424,0,1870,0,337,0,500,0,346,0
12/24/2020,250,0,386,0,309,0,284,0,1299,0,1271,0,586,0,585,0,581,0,1418,0,1866,0,333,0,496,0,342,0
12/25/2020,249,0,385,0,311,0,282,0,1296,0,1269,0,585,0,582,0,576,0,1413,0,1861,0,328,0,491,0,337,0
12/26/2020,248,0,383,0,306,0,282,0,1294,0,1265,0,584,0,579,0,573,0,1409,0,1857,0,322,0,486,0,332,0
12/27/2020,248,0,385,0,310,0,278,0,1290,0,1263,0,583,0,575,0,569,0,1406,0,1853,0,317,0,481,0,327,0
12/28/2020,246,0,384,0,308,0,280,0,1288,0,1260,0,581,0,572,0,566,0,1401,0,1849,0,312,0,477,0,322,0
12/29/2020,245,0,382,0,310,0,280,0,1286,0,1260,0,580,0,568,0,562,0,1397,0,1845,0,308,0,474,0,318,0
12/30/2020,241,0,377,0,301,0,276,0,1284,0,1256,0,579,0,568,0,559,0,1395,0,1841,0,304,0,471,0,314,0
12/31/2020,241,0,371,0,297,0,271,0,1280,0,1253,0,579,0,566,0,558,0,1394,0,1839,0,300,0,468,0,310,0
1/1/2021,235,0,364,0,285,0,265,0,1276,0,1248,0,577,0,563,0,555,0,1391,0,1836,0,298,0,465,0,307,0
1/2/2021,229,0,358,0,277,0,259,0,1269,0,1243,0,575,0,558,0,552,0,1386,0,1833,0,297,0,462,0,304,0
1/3/2021,227,0,357,0,275,0,254,0,1264,0,1238,0,574,0,552,0,547,0,1381,0,1830,0,295,0,461,0,302,0
1/4/2021,225,0,359,0,282,0,255,0,1260,0,1230,0,572,0,546,0,541,0,1374,0,1826,0,293,0,457,0,300,0
1/5/2021,223,0,362,0,293,0,261,0,1257,0,1227,0,571,0,538,0,535,0,1366,0,1821,0,290,0,454,0,298,0
1/6/2021,221,0,358,0,288,0,260,0,1258,0,1231,0,569,0,531,0,528,0,1360,0,1815,0,284,0,450,0,294,0
1/7/2021,219,0,350,0,274,0,257,0,1259,0,1234,0,569,0,534,0,526,0,1359,0,1810,0,276,0,445,0,290,0
1/8/2021,217,0,345,0,272,0,248,0,1254,0,1229,0,568,0,537,0,529,0,1362,0,1808,0,271,0,439,0,286,0
1/9/2021,215,0,344,0,271,0,247,0,1247,0,1217,0,567,0,533,0,525,0,1361,0,1809,0,269,0,434,0,282,0
1/10/2021,213,0,344,0,272,0,246,0,1243,0,1212,0,566,0,528,0,520,0,1356,0,1806,0,268,0,432,0,280,0
1/11/2021,210,0,340,0,263,0,243,0,1240,0,1209,0,564,0,521,0,515,0,1351,0,1802,0,267,0,431,0,278,0
1/12/2021,208,0,340,0,266,0,241,0,1236,0,1205,0,563,0,516,0,510,0,1346,0,1798,0,263,0,430,0,277,0
1/13/2021,204,0,337,0,263,0,240,0,1234,0,1202,0,562,0,513,0,507,0,1342,0,1794,0,259,0,427,0,275,0
1/14/2021,202,0,335,0,258,0,237,0,1230,0,1198,0,560,0,510,0,503,0,1340,0,1791,0,256,0,423,0,271,0
1/15/2021,203,0,333,0,259,0,236,0,1226,0,1196,0,557,0,506,0,499,0,1335,0,1787,0,252,0,419,0,267,0
1/16/2021,201,0,331,0,257,0,235,0,1224,0,1190,0,555,0,504,0,495,0,1332,0,1783,0,248,0,415,0,263,0
1/17/2021,200,0,332,0,257,0,234,0,1220,0,1189,0,553,0,499,0,491,0,1329,0,1779,0,244,0,411,0,259,0
1/18/2021,199,0,332,0,259,0,236,0,1218,0,1186,0,550,0,496,0,488,0,1325,0,1775,0,241,0,407,0,255,0
1/19/2021,198,0,330,0,256,0,234,0,1217,0,1184,0,547,0,494,0,484,0,1323,0,1771,0,238,0,403,0,251,0
1/20/2021,198,12,327,0,250,0,231,0,1214,0,1183,0,544,0,493,0,481,0,1322,0,1769,0,237,0,399,0,247,0
1/21/2021,201,0,329,0,253,0,230,0,1211,0,1180,0,540,0,493,0,479,0,1320,0,1767,0,236,0,398,0,246,0
1/22/2021,206,2,326,0,255,0,232,0,1209,0,1177,0,536,0,491,0,476,0,1318,0,1766,0,235,0,397,0,245,0
1/23/2021,219,0,323,0,252,0,231,0,1206,0,1176,0,532,0,490,0,473,0,1317,0,1764,0,234,0,396,0,244,0
1/24/2021,211,0,319,0,244,0,227,0,1203,0,1173,0,531,0,490,0,470,0,1315,0,1762,0,231,0,395,0,243,0
1/25/2021,201,0,316,0,236,0,225,0,1200,0,1170,0,531,0,488,0,469,0,1314,0,1760,0,229,0,393,0,242,0
1/26/2021,198,0,317,0,241,0,222,0,1196,0,1167,0,527,0,485,0,466,0,1312,0,1758,0,226,0,391,0,241,0
1/27/2021,195,0,320,0,250,0,226,0,1194,0,1163,0,526,0,483,0,464,0,1308,0,1756,0,224,0,389,0,240,0
1/28/2021,192,0,326,0,254,0,229,0,1197,0,1166,0,524,0,474,0,460,0,1304,0,1754,0,222,0,388,0,239,0
1/29/2021,191,0,327,0,264,0,232,0,1200,0,1171,0,522,0,472,0,456,0,1299,0,1751,0,220,0,386,0,237,0
1/30/2021,190,0,324,0,262,0,235,0,1204,0,1175,0,522,0,474,0,456,0,1300,0,1748,0,217,0,385,0,235,0
1/31/2021,189,0,318,0,251,0,231,0,1205,0,1177,0,526,0,480,0,462,0,1304,0,1749,0,213,0,383,0,234,0
2/1/2021,187,0,309,0,236,0,224,0,1204,0,1174,0,529,0,484,0,466,0,1307,0,1750,0,210,0,382,0,232,0
2/2/2021,198,0,303,0,229,0,218,0,1195,0,1167,0,526,0,482,0,466,0,1309,0,1754,0,208,0,384,0,232,0
2/3/2021,189,0,300,0,227,0,212,0,1190,0,1160,0,524,0,478,0,462,0,1307,0,1755,0,209,0,385,0,234,0
2/4/2021,185,0,297,0,224,0,209,0,1186,0,1152,0,523,0,470,0,458,0,1299,0,1753,0,209,0,386,0,236,0
2/5/2021,183,0,293,0,223,0,207,0,1183,0,1148,0,522,0,458,0,450,0,1293,0,1750,0,204,0,385,0,236,0
2/6/2021,180,0,293,0,224,0,206,0,1179,0,1146,0,521,0,454,0,443,0,1285,0,1746,0,200,0,384,0,234,0
2/7/2021,180,0,298,0,227,0,208,0,1176,0,1143,0,520,0,453,0,440,0,1280,0,1742,0,198,0,381,0,233,0
2/8/2021,179,0,295,0,223,0,206,0,1173,0,1141,0,520,0,451,0,436,0,1279,0,1739,0,195,0,377,0,231,0
2/9/2021,178,0,291,0,218,0,202,0,1171,0,1142,0,518,0,447,0,433,0,1276,0,1737,0,191,0,373,0,229,0
2/10/2021,178,0,288,0,213,0,198,0,1168,0,1138,0,517,0,447,0,430,0,1274,0,1733,0,187,0,370,0,226,0
2/11/2021,177,0,286,0,212,0,193,0,1164,0,1131,0,516,0,445,0,428,0,1272,0,1730,0,185,0,367,0,224,0
2/12/2021,176,0,285,0,210,0,191,0,1162,0,1126,0,514,0,443,0,426,0,1270,0,1728,0,185,0,365,0,222,0
2/13/2021,175,0,284,0,207,0,191,0,1159,0,1122,0,513,0,439,0,422,0,1266,0,1726,0,185,0,364,0,220,0
2/14/2021,175,0,283,0,208,0,188,0,1156,0,1120,0,513,0,435,0,418,0,1261,0,1723,0,183,0,363,0,218,0
2/15/2021,174,0,282,0,205,0,189,0,1152,0,1116,0,511,0,430,0,415,0,1257,0,1720,0,181,0,361,0,217,0
2/16/2021,173,0,280,0,204,0,187,0,1149,0,1113,0,511,0,428,0,412,0,1256,0,1717,0,178,0,360,0,216,0
2/17/2021,171,0,278,0,207,0,187,0,1146,0,1110,0,510,0,425,0,411,0,1252,0,1715,0,176,0,358,0,215,0
2/18/2021,174,0,277,0,206,0,187,0,1143,0,1108,0,510,0,423,0,409,0,1251,0,1713,0,174,0,357,0,213,0
2/19/2021,176,0,274,0,202,0,185,0,1139,0,1106,0,509,0,423,0,407,0,1251,0,1712,0,173,0,356,0,212,0
2/20/2021,175,0,272,0,202,0,182,0,1136,0,1103,0,508,0,422,0,406,0,1251,0,1711,0,172,0,355,0,211,0
2/21/2021,174,0,270,0,204,0,183,0,1134,0,1099,0,507,0,421,0,405,0,1250,0,1710,0,171,0,354,0,210,0
2/22/2021,173,0,269,0,201,0,183,0,1129,0,1098,0,506,0,418,0,404,0,1248,0,1709,0,171,0,353,0,209,0
2/23/2021,172,0,268,0,195,0,180,0,1126,0,1097,0,504,0,417,0,402,0,1246,0,1707,0,170,0,352,0,208,0
2/24/2021,171,0,269,0,203,0,180,0,1122,0,1095,0,502,0,416,0,399,0,1244,0,1705,0,169,0,351,0,207,0
2/25/2021,170,0,271,0,209,0,187,0,1118,0,1091,0,501,0,415,0,397,0,1243,0,1703,0,168,0,350,0,206,0
2/26/2021,170,0,271,0,209,0,187,0,1115,0,1095,0,499,0,411,0,395,0,1242,0,1702,0,167,0,349,0,205,0
2/27/2021,170,0,269,0,204,0,185,0,1111,0,1099,0,499,0,408,0,392,0,1238,0,1701,0,166,0,348,0,204,0
2/28/2021,170,0,270,0,211,0,185,0,1108,0,1097,0,499,0,409,0,390,0,1237,0,1699,0,165,0,347,0,203,0
3/1/2021,170,0,270,0,201,0,185,0,1105,0,1092,0,498,0,413,0,392,0,1240,0,1698,0,164,0,346,0,203,0
3/2/2021,170,0,265,0,197,0,181,0,1101,0,1091,0,497,0,412,0,396,0,1240,0,1700,0,164,0,345,0,202,0
3/3/2021,199,0,260,0,190,0,178,0,1096,0,1086,0,497,0,409,0,392,0,1238,0,1699,0,164,0,345,0,202,0
3/4/2021,197,0,260,0,189,0,177,0,1093,0,1082,0,497,0,407,0,390,0,1237,0,1698,0,164,0,345,0,202,0
3/5/2021,197,0,259,0,189,0,176,0,1090,0,1078,0,494,0,402,0,388,0,1234,0,1697,0,163,0,345,0,202,0
3/6/2021,181,3,258,0,195,0,174,0,1086,0,1076,0,493,0,400,0,385,0,1230,0,1696,0,163,0,344,0,202,0
3/7/2021,209,0,261,0,193,0,178,0,1083,0,1074,0,491,0,398,0,382,0,1228,0,1695,0,162,0,344,0,201,0
3/8/2021,212,0,266,0,194,0,177,0,1078,0,1072,0,491,0,396,0,379,0,1226,0,1694,0,162,0,343,0,200,0
3/9/2021,209,0,271,0,200,0,180,0,1075,0,1071,0,489,0,394,0,378,0,1225,0,1693,0,161,0,342,0,199,0
3/10/2021,190,0,276,0,205,0,183,0,1073,0,1070,0,488,0,394,0,377,0,1224,0,1692,0,161,0,341,0,198,0
3/11/2021,185,0,276,0,207,0,182,0,1069,0,1072,0,486,0,393,0,376,0,1224,0,1691,0,161,0,340,0,197,0
3/12/2021,184,0,279,0,211,0,185,0,1067,0,1076,0,484,0,393,0,375,0,1225,0,1690,0,159,0,339,0,197,0
3/13/2021,184,0,285,0,217,0,188,0,1072,0,1078,0,483,0,400,0,382,0,1227,0,1689,0,159,0,338,0,196,0
3/14/2021,184,0,293,0,222,0,190,0,1079,0,1079,0,486,0,402,0,386,0,1230,0,1691,0,159,0,337,0,195,0
3/15/2021,186,0,291,0,220,0,193,0,1083,0,1086,0,488,0,403,0,387,0,1230,0,1693,0,160,0,337,0,194,0
3/16/2021,201,0,284,0,209,0,190,0,1089,0,1090,0,489,0,406,0,390,0,1233,0,1694,0,160,0,337,0,194,0
3/17/2021,200,0,277,0,205,0,183,0,1089,0,1091,0,493,0,411,0,394,0,1236,0,1695,0,161,0,337,0,194,0
3/18/2021,185,0,273,0,201,0,178,0,1084,0,1086,0,495,0,414,0,398,0,1239,0,1696,0,164,0,338,0,195,0
3/19/2021,189,0,272,0,196,0,177,0,1080,0,1079,0,496,0,410,0,399,0,1239,0,1697,0,165,0,340,0,196,0
3/20/2021,182,0,270,0,194,0,175,0,1078,0,1076,0,493,0,405,0,395,0,1235,0,1698,0,165,0,341,0,197,0
3/21/2021,180,0,268,0,191,0,174,0,1075,0,1071,0,488,0,402,0,391,0,1230,0,1696,0,165,0,342,0,198,0
3/22/2021,178,0,270,0,194,0,173,0,1073,0,1067,0,485,0,399,0,388,0,1227,0,1694,0,163,0,342,0,198,0
3/23/2021,177,0,266,0,190,0,171,0,1071,0,1065,0,483,0,396,0,386,0,1225,0,1692,0,160,0,342,0,198,0
3/24/2021,177,0,261,0,188,0,169,0,1069,0,1064,0,482,0,393,0,384,0,1223,0,1690,0,159,0,341,0,197,0
3/25/2021,174,0,257,0,181,0,166,0,1067,0,1062,0,480,0,393,0,382,0,1220,0,1688,0,158,0,340,0,196,0
3/26/2021,172,0,256,0,187,0,165,0,1065,0,1059,0,478,0,392,0,380,0,1219,0,1686,0,158,0,339,0,195,0
3/27/2021,171,0,257,0,185,0,165,0,1062,0,1054,0,476,0,389,0,378,0,1218,0,1685,0,157,0,338,0,194,0
3/28/2021,175,0,255,0,177,0,162,0,1060,0,1053,0,475,0,387,0,376,0,1214,0,1684,0,156,0,337,0,193,0
3/29/2021,172,0,253,0,174,0,157,0,1057,0,1052,0,474,0,384,0,374,0,1210,0,1682,0,156,0,336,0,193,0
3/30/2021,171,0,250,0,173,0,157,0,1054,0,1047,0,473,0,382,0,371,0,1210,0,1680,0,154,0,336,0,193,0
3/31/2021,171,2,245,0,174,0,155,0,1051,0,1043,0,473,0,380,0,369,0,1209,0,1678,0,154,0,335,0,192,0
4/1/2021,175,3,249,0,193,0,157,0,1049,0,1041,0,472,0,377,0,367,0,1205,0,1677,0,154,0,334,0,191,0
4/2/2021,266,1,250,0,191,0,161,0,1048,0,1040,0,471,0,373,0,364,0,1200,0,1675,0,153,0,334,0,190,0
4/3/2021,243,0,244,0,186,0,158,0,1050,0,1046,0,469,0,370,0,362,0,1198,0,1673,0,152,0,333,0,190,0
4/4/2021,224,0,241,0,186,0,156,0,1048,0,1049,0,471,0,370,0,360,0,1198,0,1671,0,151,0,332,0,189,0
4/5/2021,203,0,238,0,171,0,156,0,1047,0,1047,0,470,0,373,0,361,0,1200,7,1670,9,151,2,331,2,189,21
4/6/2021,191,0,233,0,160,0,148,0,1045,0,1044,0,468,0,375,0,363,0,1203,4,1672,16,152,25,331,3,188,0
4/7/2021,182,0,249,0,175,0,145,0,1041,0,1039,0,466,0,373,0,362,0,1202,0,1674,0,153,0,331,0,188,0
4/8/2021,184,7,285,0,210,0,167,0,1038,0,1033,0,465,0,370,0,360,0,1198,0,1673,0,154,0,332,0,189,0
4/9/2021,184,0,296,0,236,0,193,0,1053,0,1036,0,470,0,363,0,355,0,1194,0,1671,0,155,0,333,0,190,0
4/10/2021,181,0,294,0,239,0,203,0,1075,0,1070,0,485,0,363,0,356,0,1189,0,1669,0,155,0,334,0,190,0
4/11/2021,181,0,289,0,229,0,200,0,1088,0,1094,0,508,0,380,0,373,0,1189,0,1666,0,151,0,334,0,191,0
4/12/2021,186,0,272,0,213,0,189,0,1092,0,1101,0,515,0,405,0,396,0,1207,0,1666,0,149,0,333,0,191,0
4/13/2021,198,0,259,64,198,17,175,2,1089,0,1097,0,518,0,416,0,411,0,1225,0,1675,0,149,0,332,0,190,0
4/14/2021,187,0,255,6,199,20,165,0,1079,0,1082,0,513,0,418,0,411,0,1233,0,1689,0,148,0,332,0,190,0
4/15/2021,179,0,257,0,201,0,170,0,1069,0,1070,0,509,0,408,0,401,0,1233,11,1692,0,157,9,340,0,195,0
4/16/2021,187,0,248,0,183,0,164,0,1071,0,1064,0,507,0,394,0,390,0,1224,0,1692,0,163,0,350,0,202,0
4/17/2021,176,0,248,6,176,15,157,0,1067,0,1063,0,505,0,387,0,384,0,1215,0,1687,0,161,0,354,0,207,0
4/18/2021,172,0,247,0,171,0,151,0,1062,0,1057,0,502,0,386,6,382,0,1209,2,1682,0,155,9,353,15,207,0
4/19/2021,181,2,244,0,169,0,149,0,1058,0,1052,0,499,0,380,0,380,0,1208,0,1679,0,151,0,349,0,203,0
4/20/2021,182,1,249,0,182,0,147,0,1055,0,1045,0,496,0,372,0,375,0,1204,0,1677,0,147,0,346,0,201,0
4/21/2021,207,0,256,0,204,0,165,0,1052,0,1039,0,492,0,367,0,369,0,1198,0,1674,0,146,0,345,0,199,0
4/22/2021,200,0,260,0,214,0,175,0,1067,0,1041,0,491,0,367,0,367,0,1192,0,1671,0,142,0,343,0,197,0
4/23/2021,182,0,269,0,229,0,188,0,1077,0,1056,0,502,0,369,0,367,0,1189,0,1668,0,138,0,341,0,195,0
4/24/2021,176,0,273,0,231,0,199,0,1090,0,1069,0,513,0,379,0,377,0,1192,0,1666,0,136,0,339,0,194,0
4/25/2021,174,0,269,0,228,0,196,0,1101,0,1083,0,521,0,394,0,390,0,1201,0,1668,0,135,0,338,0,192,0
4/26/2021,178,0,273,2,227,1,194,0,1099,0,1090,0,529,0,403,0,397,0,1211,0,1673,0,139,0,336,0,191,0
4/27/2021,181,0,281,5,235,0,195,0,1097,0,1090,0,526,0,408,0,401,0,1219,0,1679,0,148,0,338,0,192,0
4/28/2021,181,0,272,0,218,0,195,0,1095,0,1089,0,517,0,411,0,403,0,1225,4,1683,0,158,0,343,0,197,2
4/29/2021,178,0,254,0,210,0,178,0,1096,0,1092,31,518,0,414,0,405,0,1227,0,1686,0,167,0,348,0,201,0
4/30/2021,171,0,255,0,207,0,181,0,1085,0,1084,3,523,0,418,5,410,4,1233,0,1688,23,176,25,352,0,205,0
5/1/2021,168,0,248,8,189,3,163,0,1081,0,1076,2,527,0,413,0,409,0,1233,0,1693,0,184,0,356,0,209,0
5/2/2021,179,16,251,4,194,3,166,24,1070,10,1074,0,524,0,405,0,400,0,1228,0,1695,7,190,0,360,34,213,0
5/3/2021,184,0,249,1,187,2,163,0,1067,0,1069,0,519,0,405,0,397,0,1223,0,1692,0,188,0,362,0,216,0
5/4/2021,179,0,254,0,200,0,165,0,1063,0,1061,0,519,0,398,0,392,0,1220,0,1690,0,186,0,361,0,215,2
5/5/2021,190,51,256,8,209,10,170,0,1064,0,1057,0,522,0,392,0,386,0,1213,0,1687,0,183,0,360,0,213,0
5/6/2021,187,0,260,0,214,0,183,0,1066,0,1059,0,527,0,392,0,382,0,1209,0,1683,0,179,0,359,0,212,0
5/7/2021,198,8,256,2,198,0,178,7,1075,0,1067,0,536,0,394,0,383,0,1210,0,1679,0,177,0,357,7,211,1
5/8/2021,254,0,257,1,204,1,167,0,1070,0,1076,0,543,0,395,0,385,3,1210,0,1679,0,177,0,356,0,210,0
5/9/2021,259,0,264,0,214,0,177,0,1062,1,1073,0,538,0,410,0,388,0,1214,0,1680,0,176,0,355,0,209,0
5/10/2021,236,9,257,5,201,0,174,2,1066,0,1071,0,528,0,409,0,392,0,1222,0,1682,0,176,0,354,0,208,0
5/11/2021,231,12,266,0,213,0,168,0,1067,0,1076,0,521,0,403,6,387,0,1219,0,1684,0,180,0,353,0,207,0
5/12/2021,222,0,279,3,227,0,185,0,1061,0,1075,0,516,0,409,0,390,0,1216,0,1682,0,181,20,354,0,208,0
5/13/2021,211,0,306,29,243,22,199,2,1073,0,1079,0,517,0,409,0,402,0,1220,0,1681,0,178,0,354,2,208,2
5/14/2021,204,2,318,0,253,0,213,0,1090,0,1091,0,527,0,407,0,397,0,1219,0,1683,0,175,0,353,0,207,0
5/15/2021,212,3,320,0,259,0,221,0,1101,0,1104,0,545,0,421,0,408,0,1220,0,1681,0,175,0,353,0,207,0
5/16/2021,318,0,323,0,266,0,226,0,1109,0,1118,0,562,0,435,0,424,0,1232,0,1683,0,175,0,353,0,207,0
5/17/2021,276,0,320,0,265,0,226,0,1109,0,1128,0,567,0,450,0,434,0,1243,0,1692,0,179,0,353,0,207,0
5/18/2021,236,0,320,5,268,12,229,0,1108,0,1132,0,565,0,460,0,442,0,1255,0,1700,0,185,0,356,0,210,0
5/19/2021,211,0,312,9,256,10,223,0,1107,0,1134,0,568,0,464,0,447,0,1266,0,1708,0,193,0,362,0,216,0
5/20/2021,433,3,319,0,265,0,222,0,1102,0,1133,0,573,0,469,0,450,0,1270,0,1716,0,202,0,369,0,222,0
5/21/2021,552,0,363,0,304,0,245,0,1100,0,1127,0,568,0,470,0,452,0,1274,0,1721,0,209,0,377,0,228,0
5/22/2021,547,14,372,0,309,0,269,0,1118,0,1133,0,563,0,467,0,449,0,1274,0,1725,0,213,0,382,0,234,0
5/23/2021,486,59,359,0,308,0,270,0,1137,0,1162,0,577,0,469,0,450,0,1272,0,1725,0,216,0,386,0,239,0
5/24/2021,392,2,373,0,304,0,256,0,1141,0,1172,0,604,0,487,0,467,0,1279,0,1726,0,216,0,387,9,241,9
5/25/2021,329,3,524,0,445,0,346,3,1132,0,1167,1,619,0,499,4,483,0,1295,3,1732,10,219,20,387,19,241,42
5/26/2021,305,32,584,0,509,1,457,0,1208,0,1225,0,619,0,500,4,487,0,1304,8,1744,26,224,7,391,61,246,32
5/27/2021,293,14,589,1,519,0,489,4,1319,0,1337,0,631,0,528,0,509,0,1307,0,1752,0,233,0,397,0,252,0
5/28/2021,320,23,558,0,492,0,471,0,1348,0,1373,0,663,0,630,0,589,0,1362,0,1764,0,242,0,404,0,258,0
5/29/2021,367,0,514,0,450,0,431,0,1337,0,1372,0,687,0,675,0,642,0,1452,0,1807,0,265,0,412,1,265,0
5/30/2021,323,1,473,0,411,0,393,0,1313,0,1345,0,700,0,677,0,663,0,1490,0,1890,8,325,0,437,39,276,0
5/31/2021,327,0,445,48,383,5,355,22,1283,32,1317,62,690,0,658,0,646,0,1489,0,1921,0,381,0,490,0,317,0
6/1/2021,357,2,443,1,381,2,345,0,1262,0,1281,0,668,0,632,0,619,0,1471,0,1925,0,389,15,534,0,357,8
6/2/2021,363,0,463,0,397,0,355,0,1249,0,1269,0,640,0,609,0,596,0,1445,0,1905,16,373,0,540,5,366,0
6/3/2021,364,2,465,0,399,0,366,0,1255,0,1271,0,616,0,595,0,575,0,1422,0,1882,0,356,0,529,0,357,0
6/4/2021,404,46,463,0,397,0,360,0,1261,0,1285,0,606,0,597,0,572,0,1412,0,1864,3,332,19,513,0,335,0
6/5/2021,396,5,477,0,410,0,376,8,1259,2,1289,3,612,0,613,0,584,0,1415,0,1856,0,322,0,495,0,318,0
6/6/2021,342,4,482,0,414,0,375,0,1269,0,1293,0,625,0,617,19,592,3,1428,0,1861,7,321,0,490,0,312,0
6/7/2021,314,1,504,0,432,0,391,0,1272,7,1301,0,635,0,621,0,596,0,1432,0,1870,0,330,0,488,1,310,0
6/8/2021,297,0,530,0,457,0,416,0,1284,0,1310,0,646,0,625,1,600,0,1436,0,1876,0,339,0,494,4,316,11
6/9/2021,311,1,531,0,461,0,433,0,1304,1,1333,0,658,0,637,2,607,0,1441,0,1880,0,341,15,501,0,327,0
6/10/2021,343,0,512,19,445,3,420,2,1316,41,1349,6,679,0,655,3,623,4,1454,15,1887,3,348,17,503,2,332,7
6/11/2021,330,113,478,2,409,0,390,53,1310,5,1349,5,694,2,669,4,639,1,1470,3,1900,7,349,20,508,36,337,67
6/12/2021,375,7,447,0,378,0,356,0,1299,0,1324,0,700,0,691,4,657,2,1496,0,1918,16,366,25,518,67,346,39
6/13/2021,337,0,437,0,363,0,332,2,1286,7,1300,7,695,0,661,0,637,0,1496,0,1938,0,389,15,529,44,356,59
6/14/2021,375,0,444,0,369,0,332,0,1270,4,1291,3,685,0,640,0,614,0,1468,15,1930,5,402,10,544,26,369,53
6/15/2021,340,10,454,0,379,0,342,0,1264,0,1283,0,680,0,631,10,602,7,1455,0,1911,21,380,9,554,47,379,31
6/16/2021,521,2,466,0,388,0,351,0,1270,0,1287,0,670,0,619,2,596,3,1442,2,1897,5,365,0,540,43,368,49
6/17/2021,537,0,484,0,408,0,370,0,1277,0,1295,1,667,0,626,2,596,0,1432,35,1886,12,359,9,528,11,354,19
6/18/2021,564,4,497,0,419,0,385,7,1293,0,1303,5,681,3,632,14,605,12,1435,2,1877,4,352,0,520,30,345,13
6/19/2021,585,0,507,0,435,2,396,2,1304,0,1316,0,700,2,640,31,613,20,1447,36,1883,13,352,0,512,30,335,44
6/20/2021,597,14,563,0,481,0,425,0,1316,0,1332,1,720,20,650,12,624,14,1457,5,1895,32,357,5,524,116,342,137
6/21/2021,572,1,627,0,544,0,492,0,1343,0,1363,0,743,0,665,0,640,0,1464,0,1906,10,366,0,528,8,351,3
6/22/2021,536,0,674,0,596,0,559,0,1408,0,1424,0,778,0,693,3,663,0,1482,0,1920,2,368,7,537,23,361,42
6/23/2021,591,8,701,0,623,0,597,0,1475,0,1487,0,848,0,743,0,710,0,1520,1,1939,3,375,3,543,39,370,11
6/24/2021,644,60,716,0,639,0,615,0,1513,0,1533,0,915,0,798,0,762,0,1579,0,1971,3,414,5,555,19,386,14
6/25/2021,610,59,721,0,643,0,623,0,1531,0,1559,0,972,0,844,0,808,0,1638,10,2025,0,479,5,581,0,407,2
6/26/2021,571,0,718,0,640,0,625,0,1539,0,1568,0,991,0,867,0,835,0,1682,0,2080,0,533,0,628,0,452,0
6/27/2021,517,7,729,0,651,0,631,0,1542,0,1573,0,1003,0,876,0,849,0,1705,10,2120,11,576,7,675,15,506,0
6/28/2021,598,118,759,0,678,1,652,0,1558,0,1585,0,1012,0,882,0,855,0,1716,0,2141,0,589,0,711,0,538,2
6/29/2021,637,95,776,0,695,0,682,0,1586,0,1620,0,1022,0,903,0,874,0,1727,0,2152,0,598,0,729,4,556,3
6/30/2021,659,18,775,0,695,0,686,0,1614,0,1645,0,1040,0,943,0,911,0,1761,1,2166,0,606,0,738,26,565,6
7/1/2021,672,7,771,0,693,0,682,0,1619,0,1649,0,1051,0,958,0,949,0,1797,0,2199,0,626,0,754,25,576,3
7/2/2021,844,0,791,0,706,0,690,0,1614,0,1641,0,1059,0,962,2,950,0,1810,6,2227,2,665,0,784,70,605,79
7/3/2021,874,0,818,0,737,0,712,0,1619,0,1640,0,1061,5,956,0,944,0,1810,40,2238,22,689,0,814,37,632,11
7/4/2021,805,0,843,5,759,1,739,0,1643,0,1650,0,1066,0,957,0,941,0,1808,12,2237,2,692,0,823,2,641,2
7/5/2021,714,0,865,0,782,0,759,0,1663,0,1666,0,1075,0,969,0,949,0,1815,0,2234,7,691,2,824,8,645,0
7/6/2021,637,1,894,0,809,0,787,0,1679,0,1681,0,1090,0,984,0,965,0,1830,0,2244,0,698,0,823,0,645,0
7/7/2021,663,83,925,42,838,49,815,20,1738,38,1731,16,1101,5,1008,23,986,22,1850,0,2258,0,707,2,834,0,653,0
7/8/2021,627,2,946,2,860,5,844,0,1788,7,1790,0,1159,0,1064,0,1031,0,1889,1,2278,26,723,5,850,1,666,1
7/9/2021,609,15,966,0,879,0,865,0,1810,0,1817,0,1212,0,1120,0,1095,0,1953,22,2319,0,750,2,874,3,688,3
7/10/2021,557,0,981,3,895,8,884,0,1826,110,1835,44,1241,21,1153,0,1128,0,2001,1,2380,0,803,0,921,10,728,10
7/11/2021,528,0,982,7,900,6,893,16,1834,7,1845,4,1260,0,1186,0,1158,0,2035,0,2422,0,852,5,979,13,789,8
7/12/2021,495,0,978,1,896,5,889,6,1839,11,1851,30,1274,7,1203,27,1177,35,2062,18,2454,37,891,15,1018,28,830,23
7/13/2021,496,0,969,0,886,0,885,4,1834,19,1850,9,1284,0,1207,0,1181,0,2070,8,2473,16,914,10,1052,8,858,2
7/14/2021,482,11,950,0,869,0,875,0,1825,0,1842,0,1290,0,1202,0,1181,0,2070,0,2478,0,926,0,1071,0,878,0
7/15/2021,496,0,916,0,838,0,850,0,1808,0,1828,0,1282,0,1194,0,1169,0,2063,0,2475,0,925,0,1079,0,887,0
7/16/2021,490,64,871,7,794,43,806,8,1778,9,1800,0,1263,0,1176,0,1152,0,2050,0,2465,0,920,0,1080,0,887,0
7/17/2021,581,35,823,2,748,0,766,3,1741,0,1763,0,1231,0,1149,0,1123,0,2025,0,2448,0,911,0,1075,12,883,3
7/18/2021,564,14,786,1,708,9,720,0,1708,0,1726,0,1176,0,1109,0,1079,0,1990,0,2420,0,895,0,1062,2,871,22
7/19/2021,525,97,763,0,683,0,689,0,1690,0,1701,0,1133,0,1072,0,1037,0,1952,0,2374,0,847,0,1040,0,850,3
7/20/2021,484,0,759,0,675,0,674,2,1677,0,1686,2,1097,7,1050,41,1016,19,1924,0,2338,0,800,0,1009,0,822,5
7/21/2021,448,4,781,0,696,0,686,11,1675,0,1680,0,1075,0,1033,2,996,1,1900,0,2313,0,774,0,978,5,792,0
7/22/2021,450,1,798,0,714,0,706,0,1695,0,1694,1,1063,0,1025,0,987,1,1882,0,2292,0,759,10,953,26,771,20
7/23/2021,428,5,793,1,707,0,705,1,1710,4,1714,23,1074,4,1040,12,1001,12,1884,10,2280,3,750,9,933,19,753,29
7/24/2021,437,0,782,21,697,5,699,0,1713,4,1719,0,1088,0,1054,4,1016,0,1901,4,2288,2,753,0,924,35,742,81
7/25/2021,488,138,772,0,690,0,691,0,1706,0,1714,0,1093,0,1059,0,1026,0,1913,0,2304,5,764,9,927,4,744,31
7/26/2021,485,2,763,0,679,0,684,0,1708,0,1712,0,1089,0,1056,0,1021,0,1915,16,2314,18,783,10,940,16,755,26
7/27/2021,494,0,752,0,670,0,674,0,1701,0,1711,0,1079,0,1056,5,1016,0,1912,0,2314,46,803,25,960,202,775,131
7/28/2021,537,96,754,0,667,0,665,0,1678,0,1692,1,1075,0,1051,16,1012,13,1912,4,2319,33,839,12,988,64,802,61
7/29/2021,517,0,779,0,692,0,679,0,1668,0,1673,0,1073,2,1033,7,999,8,1901,2,2314,1,812,0,1006,2,820,15
7/30/2021,570,33,803,0,716,0,708,0,1706,0,1699,0,1079,0,1021,0,987,2,1882,11,2299,5,793,0,981,29,801,9
7/31/2021,597,12,807,0,726,2,728,0,1749,10,1744,0,1091,7,1044,5,1001,4,1885,1,2285,,776,11,962,12,782,40
8/1/2021,607,11,813,9,729,11,734,0,1765,0,1769,0,1118,0,1082,0,1042,0,1920,0,2292,1,773,9,947,13,769,6
8/2/2021,592,28,830,32,743,31,744,7,1767,0,1775,1,1156,0,1104,0,1071,0,1953,25,2322,3,805,0,953,10,772,3
8/3/2021,498,0,851,25,766,6,762,2,1774,2,1779,31,1178,1,1117,0,1085,0,1972,1,2354,11,834,5,982,31,797,14
8/4/2021,454,0,874,0,789,0,788,3,1808,13,1811,0,1202,0,1126,8,1097,18,1984,3,2374,0,853,7,1006,1,820,13
8/5/2021,426,0,896,0,811,4,819,0,1858,0,1862,0,1233,9,1162,7,1128,14,2004,6,2389,1,867,12,1020,15,836,28
8/6/2021,424,1,911,10,825,8,851,6,1885,21,1896,37,1271,51,1218,33,1178,45,2070,92,2429,27,915,7,1037,9,848,5
8/7/2021,418,5,911,0,829,0,856,3,1890,0,1909,0,1303,0,1267,0,1224,0,2136,1,2506,12,994,5,1098,27,904,21
8/8/2021,453,23,895,0,814,0,846,0,1883,0,1904,0,1328,0,1272,0,1236,0,2152,1,2571,0,1014,0,1161,12,964,11
8/9/2021,482,93,850,0,771,0,800,0,1860,0,1885,0,1326,0,1263,0,1226,0,2143,19,2580,0,1011,2,1178,6,987,7
8/10/2021,554,97,793,0,718,0,760,0,1821,0,1850,0,1304,0,1242,0,1206,0,2126,0,2567,0,998,0,1179,0,988,0
8/11/2021,628,0,747,0,676,0,708,0,1778,0,1809,0,1264,0,1210,0,1173,0,2096,0,2547,0,981,0,1166,0,977,0
8/12/2021,582,66,727,0,655,0,673,2,1742,0,1768,0,1216,0,1166,0,1130,0,2056,0,2507,0,955,0,1148,0,961,0
8/13/2021,656,54,744,0,667,0,659,0,1713,0,1734,0,1164,0,1123,0,1085,0,2012,0,2460,0,922,0,1121,0,940,32
8/14/2021,728,43,792,0,708,0,696,0,1701,0,1717,0,1110,0,1085,15,1048,16,1970,24,2415,14,869,12,1086,18,904,3
8/15/2021,676,0,843,1,759,0,745,26,1726,4,1730,32,1077,0,1070,0,1032,0,1937,0,2375,2,830,0,1049,31,866,4
8/16/2021,690,7,885,4,797,4,789,4,1756,0,1759,23,1090,3,1080,5,1035,0,1930,0,2347,20,807,0,1014,19,834,15
8/17/2021,693,12,923,1,832,0,829,0,1787,2,1789,3,1117,0,1101,0,1062,0,1947,3,2350,2,804,9,993,30,810,41
8/18/2021,786,16,955,2,863,0,866,2,1830,0,1837,0,1152,3,1134,0,1098,11,1977,3,2371,47,820,5,989,8,803,26
8/19/2021,826,26,993,17,901,18,902,14,1877,11,1887,12,1201,1,1187,4,1146,3,2022,1,2404,0,852,10,994,0,816,0
8/20/2021,781,23,1026,3,937,0,932,12,1922,0,1928,0,1244,0,1236,0,1200,0,2078,0,2455,0,889,29,1034,7,845,2
8/21/2021,674,0,1062,0,972,3,974,0,1956,0,1966,0,1289,0,1286,0,1252,3,2133,0,2505,0,957,0,1078,0,879,0
8/22/2021,637,140,1089,0,996,0,1004,0,1982,0,1995,0,1331,0,1334,10,1302,22,2183,2,2554,10,1002,12,1126,1,923,0
8/23/2021,651,41,1111,0,1018,0,1027,0,2001,0,2013,0,1364,0,1370,0,1339,0,2225,0,2593,0,1041,9,1169,0,971,0
8/24/2021,636,3,1137,0,1040,0,1046,0,2020,0,2032,0,1383,0,1398,0,1366,0,2256,0,2622,0,1072,0,1205,0,1011,0
8/25/2021,708,93,1157,0,1060,0,1066,0,2038,0,2050,0,1392,0,1424,0,1392,0,2282,0,2647,0,1102,0,1233,0,1042,3
8/26/2021,735,58,1166,0,1071,0,1079,5,2054,0,2062,0,1397,0,1449,0,1421,0,2304,0,2667,0,1121,0,1255,1,1065,0
8/27/2021,836,11,1165,0,1072,0,1082,0,2063,0,2074,0,1402,2,1472,23,1441,0,2328,0,2688,0,1137,5,1276,2,1087,4
8/28/2021,831,4,1162,8,1071,0,1081,2,2073,23,2085,54,1405,0,1491,0,1460,0,2347,0,2705,0,1154,7,1290,14,1103,3
8/29/2021,772,5,1158,19,1069,13,1085,98,2083,8,2093,3,1408,0,1508,0,1481,0,2363,0,2720,0,1169,5,1305,0,1118,1
8/30/2021,689,0,1165,21,1076,11,1094,116,2095,16,2105,32,1410,1,1524,0,1495,0,2376,0,2731,8,1178,10,1317,13,1133,2
8/31/2021,608,3,1178,45,1088,17,1100,12,2097,4,2113,24,1414,44,1545,0,1517,0,2396,12,2744,1,1190,0,1326,0,1143,0
9/1/2021,561,0,1183,0,1093,0,1107,0,2097,4,2113,0,1416,0,1558,4,1529,8,2410,0,2758,16,1205,0,1335,0,1152,0
9/2/2021,528,0,1183,0,1093,0,1110,0,2099,32,2115,9,1419,14,1562,0,1531,0,2414,1,2765,6,1214,20,1344,1,1161,1
9/3/2021,530,0,1183,0,1095,0,1109,2,2092,3,2111,1,1420,0,1567,9,1536,17,2420,0,2770,14,1218,0,1350,15,1170,20
9/4/2021,530,48,1177,4,1087,0,1105,9,2083,0,2104,0,1415,0,1563,0,1534,0,2419,0,2773,5,1221,0,1356,2,1176,2
9/5/2021,541,2,1156,1,1068,0,1092,0,2066,3,2091,37,1401,24,1553,3,1524,0,2409,4,2765,5,1220,0,1358,21,1179,29
9/6/2021,523,16,1123,4,1032,3,1066,4,2039,0,2068,5,1381,0,1533,3,1506,1,2397,1,2757,7,1215,5,1358,7,1179,19
9/7/2021,532,2,1080,17,1004,9,1036,1,2004,3,2038,0,1344,0,1503,0,1476,0,2373,0,2742,0,1205,0,1354,10,1176,12
9/8/2021,542,2,1034,0,960,0,997,0,1964,0,1999,0,1297,0,1461,3,1433,3,2339,8,2717,11,1185,5,1348,5,1171,5
9/9/2021,490,0,999,0,927,0,957,0,1930,0,1962,0,1240,0,1410,0,1384,0,2296,3,2683,5,1150,9,1338,2,1162,0
9/10/2021,480,0,969,0,898,0,925,0,1897,9,1932,79,1179,8,1365,2,1341,3,2253,21,2653,2,1130,25,1323,27,1151,19
9/11/2021,448,0,940,4,870,0,894,0,1865,32,1901,35,1127,8,1337,9,1310,10,2218,2,2617,0,1106,12,1303,15,1132,18
9/12/2021,427,0,914,29,843,34,867,7,1841,19,1872,24,1091,0,1292,3,1268,2,2184,1,2590,0,1082,10,1280,18,1112,31
9/13/2021,424,0,885,0,814,0,840,0,1830,3,1858,0,1063,9,1253,0,1225,0,2139,5,2553,23,1049,7,1262,82,1091,42
9/14/2021,416,0,841,0,773,0,808,3,1813,2,1846,0,1052,3,1229,11,1200,7,2105,5,2509,0,1017,0,1231,1,1063,13
9/15/2021,414,0,793,7,729,0,758,0,1779,14,1816,15,1040,5,1208,0,1180,0,2083,10,2495,4,984,0,1195,0,1022,0
9/16/2021,400,0,752,2,687,1,714,8,1740,1,1775,5,1018,2,1180,3,1151,8,2057,8,2473,5,960,7,1162,1,987,10
9/17/2021,406,0,731,27,664,40,682,50,1711,25,1744,67,986,60,1155,11,1123,5,2028,16,2449,15,940,12,1140,22,962,5
9/18/2021,407,10,723,17,655,11,667,25,1693,6,1725,44,958,2,1124,4,1094,3,2001,2,2421,2,924,7,1113,0,937,7
9/19/2021,564,25,707,0,641,0,656,0,1699,0,1725,0,939,0,1099,3,1070,5,1976,0,2396,0,904,2,1089,0,911,2
9/20/2021,588,1,767,14,697,8,693,8,1706,0,1729,0,922,0,1086,10,1055,2,1949,0,2371,28,882,10,1058,0,883,2
9/21/2021,456,0,751,5,686,1,714,2,1749,9,1773,9,930,0,1100,0,1067,0,1945,0,2359,0,847,0,1032,8,857,2
9/22/2021,426,0,785,0,717,2,734,0,1766,0,1797,0,965,0,1127,0,1103,0,1969,0,2372,0,822,0,1012,3,836,41
9/23/2021,418,0,842,0,778,0,797,0,1782,1,1808,0,997,0,1162,4,1134,11,2017,20,2421,48,844,5,1013,7,834,4
9/24/2021,393,0,870,0,804,2,839,3,1812,30,1836,33,1032,10,1173,11,1149,19,2035,24,2447,4,935,12,1054,0,871,7
9/25/2021,385,0,865,0,801,0,851,23,1830,10,1855,9,1057,7,1218,20,1193,12,2064,8,2464,0,951,12,1088,2,903,3
9/26/2021,379,0,831,12,771,0,828,0,1837,1,1864,1,1072,0,1246,5,1225,4,2108,6,2501,18,974,2,1107,6,923,2
9/27/2021,377,0,783,0,722,0,782,0,1809,0,1846,0,1078,26,1263,15,1242,18,2136,17,2536,47,1004,29,1139,32,952,48
9/28/2021,364,0,732,7,673,13,735,2,1764,40,1803,69,1070,15,1262,28,1241,24,2143,14,2551,2,1038,10,1172,15,987,3
9/29/2021,377,0,692,0,634,0,682,0,1720,0,1749,0,1045,0,1228,0,1208,0,2124,1,2537,18,1028,15,1193,0,1012,0
9/30/2021,364,0,673,0,611,0,647,0,1698,0,1718,0,1008,0,1156,0,1133,0,2058,0,2489,0,993,0,1186,0,1009,0
10/1/2021,355,1,660,0,597,0,628,0,1682,0,1697,0,969,0,1102,0,1081,0,1994,0,2421,0,955,0,1145,0,970,0
10/2/2021,342,0,644,0,579,0,608,2,1663,0,1679,0,925,0,1070,0,1045,7,1949,0,2374,0,877,0,1092,0,920,0
10/3/2021,337,0,630,0,563,0,590,30,1643,0,1647,0,882,0,1052,7,1030,8,1926,0,2347,7,840,20,1037,18,868,9
10/4/2021,393,1,612,0,545,0,562,0,1631,0,1615,0,848,0,1015,0,994,0,1898,0,2328,0,816,15,1001,2,832,0
10/5/2021,350,0,602,5,537,0,541,38,1608,0,1587,0,814,0,978,0,960,0,1849,0,2283,0,784,0,975,0,807,0
10/6/2021,406,0,597,0,532,17,531,26,1593,1,1572,0,794,0,947,0,927,0,1807,2,2241,0,740,0,941,0,776,0
10/7/2021,354,0,599,0,534,0,527,0,1588,0,1569,0,774,0,928,0,910,0,1771,0,2210,0,690,0,897,15,731,0
10/8/2021,337,0,607,0,544,0,539,0,1584,0,1566,0,758,0,924,0,905,0,1762,4,2193,0,651,0,853,2,688,1
10/9/2021,337,0,613,0,547,0,547,0,1583,0,1564,0,739,0,921,0,903,0,1756,0,2187,0,631,0,821,0,658,0
10/10/2021,333,0,617,0,551,0,549,5,1584,0,1564,0,732,0,917,0,900,0,1753,0,2183,0,625,0,807,0,645,0
10/11/2021,327,0,597,0,535,0,545,0,1583,0,1565,0,731,0,914,0,898,0,1748,0,2179,0,621,0,800,0,638,0
10/12/2021,310,0,577,6,515,15,520,15,1574,0,1554,10,728,9,911,46,894,47,1750,0,2179,5,617,15,796,29,634,23
10/13/2021,297,0,560,0,497,0,499,0,1554,0,1534,0,722,0,905,0,889,0,1745,15,2176,2,617,30,794,31,632,5
10/14/2021,297,0,546,0,484,0,475,0,1539,0,1516,0,714,5,895,0,882,1,1739,1,2171,23,614,15,793,6,631,23
10/15/2021,294,1,534,0,473,0,458,0,1522,5,1499,18,708,10,879,17,860,27,1727,15,2166,41,614,10,790,5,628,2
10/16/2021,300,0,519,0,457,2,450,4,1509,7,1490,3,702,32,886,29,866,39,1721,6,2175,21,622,10,788,12,625,11
10/17/2021,297,0,503,0,445,0,439,0,1501,0,1485,52,700,15,928,91,911,118,1781,5,2202,32,647,9,799,11,634,12
10/18/2021,331,0,493,0,429,0,428,0,1490,12,1483,108,697,45,961,57,942,58,1794,0,2248,2,715,9,829,29,663,5
10/19/2021,354,0,488,1,426,0,420,0,1482,0,1472,0,692,0,999,0,984,0,1841,0,2252,0,727,0,892,0,724,0
10/20/2021,363,0,487,66,423,45,414,0,1480,0,1467,18,687,9,917,0,903,0,1806,1,2260,9,737,25,904,0,735,0
10/21/2021,500,33,478,0,409,0,409,0,1492,0,1480,0,689,0,881,0,870,0,1734,3,2192,0,697,15,909,15,742,21
10/22/2021,849,83,492,84,413,20,411,0,1518,0,1512,0,701,0,877,3,871,0,1708,10,2151,0,624,0,870,2,708,1
10/23/2021,627,0,520,21,453,0,431,18,1523,0,1528,0,720,0,889,0,879,0,1715,0,2147,0,597,0,807,0,650,0
10/24/2021,492,0,553,3,480,15,456,0,1530,0,1515,0,729,0,891,0,882,0,1726,0,2155,0,600,0,782,0,623,0
10/25/2021,418,0,679,2,599,0,538,0,1534,7,1503,0,734,0,874,9,866,0,1727,39,2170,18,629,5,782,0,623,10
10/26/2021,383,0,771,0,697,0,678,0,1594,0,1550,0,754,0,862,0,855,0,1706,0,2150,0,645,0,795,8,631,0
10/27/2021,363,0,810,0,739,0,724,0,1667,0,1636,0,794,0,905,0,897,0,1712,0,2141,1,614,0,794,0,634,0
10/28/2021,346,0,805,0,735,0,736,0,1713,0,1689,0,845,0,986,0,975,0,1777,0,2171,0,616,0,767,2,610,1
10/29/2021,336,0,752,0,684,0,707,0,1720,0,1708,0,901,0,1029,0,1023,0,1851,0,2242,0,690,0,776,0,618,6
10/30/2021,324,0,675,0,610,0,646,0,1694,0,1684,0,941,0,1039,0,1035,0,1885,0,2289,18,753,5,833,21,670,46
10/31/2021,315,0,605,67,542,3,571,2,1643,0,1637,0,924,0,1017,0,1016,0,1884,0,2298,0,777,5,889,2,721,1
11/1/2021,307,0,561,0,499,0,507,0,1594,0,1579,0,876,0,971,0,968,0,1848,0,2276,0,770,0,913,0,741,1
11/2/2021,304,0,547,0,489,0,474,0,1555,0,1526,0,815,0,918,0,917,0,1794,0,2232,0,740,0,911,2,739,0
11/3/2021,299,0,526,0,465,0,458,0,1534,0,1493,0,762,0,868,0,867,0,1736,0,2183,0,675,0,869,9,701,10
11/4/2021,294,0,510,0,448,0,443,0,1516,0,1466,0,720,0,837,0,835,0,1691,0,2136,0,617,0,822,2,658,4
11/5/2021,292,0,501,15,441,24,433,2,1504,41,1445,51,710,0,814,0,813,0,1657,8,2106,0,569,2,773,4,610,0
11/6/2021,280,0,493,0,435,0,429,0,1495,0,1430,0,705,0,798,0,801,0,1639,0,2084,0,539,0,734,0,572,0
11/7/2021,279,0,483,0,424,0,421,0,1489,0,1420,0,700,0,776,0,784,0,1618,0,2067,0,521,0,708,0,545,0
11/8/2021,269,0,477,0,417,0,413,0,1479,0,1406,0,696,0,762,0,771,0,1598,0,2049,0,509,0,688,0,526,0
11/9/2021,267,0,468,0,409,0,405,0,1471,0,1393,0,691,0,750,0,759,0,1584,0,2035,0,495,0,668,0,507,0
11/10/2021,265,0,460,0,401,0,398,0,1464,0,1382,0,687,0,737,0,745,0,1571,0,2023,0,479,0,650,0,490,0
11/11/2021,260,0,448,0,388,0,389,0,1455,0,1369,0,683,0,726,0,732,0,1559,0,2013,0,463,0,633,0,474,0
11/12/2021,258,0,441,0,379,0,375,0,1446,0,1356,0,681,0,715,0,723,0,1544,0,2001,0,452,0,620,3,461,0
11/13/2021,253,0,435,0,372,0,365,0,1438,0,1344,0,677,0,704,0,713,0,1532,0,1989,0,443,0,609,0,450,0
11/14/2021,250,4,429,0,366,0,358,0,1432,0,1335,0,672,0,692,0,702,0,1520,0,1978,0,430,0,598,0,439,0
11/15/2021,248,13,418,0,354,0,350,0,1426,0,1327,0,666,0,681,0,692,0,1509,0,1966,0,420,0,586,0,427,0
11/16/2021,245,0,417,0,355,0,343,0,1421,0,1319,0,660,0,675,3,685,4,1498,0,1956,0,414,0,576,0,417,0
11/17/2021,245,0,414,0,353,0,337,0,1414,0,1315,0,654,0,667,0,675,0,1488,0,1947,0,408,0,568,0,407,0
11/18/2021,243,0,411,0,347,0,332,0,1414,0,1314,0,648,0,660,0,668,0,1479,0,1939,0,402,0,560,0,398,0
11/19/2021,238,0,409,0,343,0,328,0,1430,0,1332,0,642,0,660,0,668,0,1477,0,1932,0,393,0,553,0,391,0
11/20/2021,235,0,417,0,353,0,331,0,1432,0,1359,0,648,0,673,0,677,0,1481,0,1929,0,384,0,546,0,384,0
11/21/2021,232,0,420,0,358,0,338,0,1427,0,1353,0,656,0,687,0,688,0,1497,0,1933,0,378,0,542,0,379,0
11/22/2021,229,0,407,0,344,0,333,0,1417,0,1343,0,653,0,679,0,681,0,1502,0,1942,0,392,0,542,0,378,0
11/23/2021,228,0,405,0,345,0,327,0,1403,0,1327,0,647,0,670,0,669,0,1495,0,1940,0,396,0,549,0,384,0
11/24/2021,226,0,402,0,341,0,324,0,1395,0,1318,0,640,0,658,0,659,0,1485,0,1930,0,388,0,552,0,387,0
11/25/2021,253,0,399,0,340,0,321,0,1388,0,1310,0,631,0,648,0,649,0,1472,0,1921,0,378,0,547,15,385,6
11/26/2021,240,0,392,0,334,0,317,0,1381,0,1304,0,623,0,640,0,640,0,1463,0,1910,0,367,0,538,0,377,0
11/27/2021,230,0,386,0,327,0,314,0,1374,0,1295,0,616,0,635,0,635,0,1456,0,1901,0,358,0,530,0,369,0
11/28/2021,226,0,383,0,324,0,307,0,1367,0,1288,0,609,0,628,0,629,0,1450,0,1894,0,352,0,523,0,362,0
11/29/2021,223,0,388,0,324,0,302,0,1360,0,1282,0,601,0,620,0,621,0,1443,0,1889,0,348,0,518,0,357,0
11/30/2021,218,0,386,0,323,0,300,0,1354,0,1276,0,594,0,611,0,612,0,1433,0,1882,0,344,0,513,0,353,0
12/1/2021,217,0,380,0,317,0,296,0,1349,0,1273,0,586,0,606,0,610,0,1427,0,1874,0,339,0,509,0,349,0
12/2/2021,214,0,372,0,310,0,291,0,1344,0,1269,0,581,0,603,0,607,0,1422,0,1869,0,335,0,505,0,345,0
12/3/2021,212,0,368,0,306,0,289,0,1337,0,1262,0,577,0,601,0,604,0,1419,0,1865,0,331,0,501,0,341,0
12/4/2021,211,0,362,0,299,0,287,0,1332,0,1257,0,574,0,596,0,599,0,1416,0,1862,0,328,0,498,0,337,0
12/5/2021,210,0,358,0,294,0,284,0,1326,0,1251,0,571,0,590,0,594,0,1410,0,1858,0,326,0,496,0,334,0
12/6/2021,209,0,350,0,284,0,282,0,1320,0,1241,0,568,0,584,0,589,0,1404,0,1854,0,323,0,494,0,332,0
12/7/2021,209,2,352,0,289,0,278,2,1314,0,1237,0,564,0,578,0,583,0,1397,0,1850,0,321,0,492,0,330,0
12/8/2021,208,7,343,0,273,0,273,0,1308,0,1232,0,562,0,570,0,577,0,1389,0,1845,0,317,0,490,0,328,0
12/9/2021,212,0,336,0,266,0,268,0,1303,0,1229,0,560,0,563,0,571,0,1383,0,1839,0,313,0,487,0,325,0
12/10/2021,212,0,332,0,261,0,263,0,1298,0,1223,0,557,0,560,0,565,0,1377,0,1834,0,307,0,484,0,322,0
12/11/2021,209,8,331,0,259,0,259,0,1290,0,1219,0,556,0,555,0,560,0,1372,0,1829,0,302,0,479,0,319,0
12/12/2021,206,0,329,0,259,0,257,0,1285,0,1212,0,554,0,547,0,554,0,1366,0,1824,0,297,0,474,0,315,0
12/13/2021,217,0,326,0,254,0,252,0,1278,0,1208,0,551,0,542,0,549,0,1363,0,1820,0,294,0,470,0,311,0
12/14/2021,211,0,325,0,256,0,249,0,1272,0,1204,0,549,0,539,0,545,0,1360,0,1816,0,290,0,467,0,307,0
12/15/2021,201,0,324,0,249,0,245,0,1267,0,1201,0,546,0,536,0,541,0,1357,0,1812,0,285,0,464,0,304,0
12/16/2021,198,0,320,0,245,0,241,0,1263,0,1197,0,541,0,532,0,537,0,1353,0,1809,0,282,0,460,0,301,0
12/17/2021,196,0,319,0,245,0,237,0,1258,0,1193,0,538,0,530,0,533,0,1350,0,1805,0,278,0,457,0,298,0
12/18/2021,194,0,320,0,245,0,234,0,1254,0,1190,0,536,0,528,0,530,0,1347,0,1801,0,274,0,454,0,295,0
12/19/2021,190,0,317,0,242,0,232,0,1250,0,1187,0,534,0,523,0,527,0,1344,0,1797,0,270,0,452,0,292,0
12/20/2021,190,0,311,0,235,0,228,0,1274,0,1185,0,531,0,519,0,522,0,1337,0,1793,0,267,0,448,0,289,0
12/21/2021,190,0,302,0,231,0,224,0,1242,0,1182,0,529,0,516,0,519,0,1334,0,1788,0,263,0,444,0,286,0
12/22/2021,189,0,300,0,229,0,220,0,1237,0,1178,0,527,0,513,0,516,0,1330,0,1785,0,260,0,441,0,283,0
12/23/2021,188,1,300,0,229,0,218,0,1233,0,1173,0,524,0,506,0,510,0,1326,0,1782,0,258,0,439,0,280,0
12/24/2021,188,0,300,0,227,0,218,0,1230,0,1170,0,521,0,501,0,507,0,1320,0,1778,0,254,0,436,0,277,0
12/25/2021,190,0,296,0,223,0,215,0,1227,0,1168,0,519,0,500,0,504,0,1315,0,1773,0,251,0,432,0,274,0
12/26/2021,188,0,293,0,221,0,213,0,1224,0,1165,0,518,0,496,0,500,0,1312,0,1769,0,248,0,429,0,271,0
12/27/2021,187,0,291,0,216,0,209,0,1220,0,1161,0,516,0,491,0,497,0,1309,0,1765,0,243,0,426,0,268,0
12/28/2021,186,0,289,0,219,0,208,0,1216,0,1159,0,515,0,487,0,494,0,1305,0,1761,0,239,0,423,0,265,0
12/29/2021,186,0,293,0,222,0,207,0,1213,0,1155,0,513,0,484,0,490,0,1300,0,1758,0,236,0,420,0,262,0
12/30/2021,185,0,294,0,220,0,209,0,1213,0,1155,0,512,0,481,0,488,0,1297,0,1754,0,232,0,417,0,260,0
12/31/2021,183,0,292,0,215,0,208,0,1214,0,1155,0,510,0,480,0,487,0,1295,0,1751,0,230,0,415,0,257,0
1/1/2022,182,0,290,0,216,0,207,0,1212,0,1154,0,509,0,479,0,486,0,1292,0,1749,0,228,0,413,0,255,0
1/2/2022,181,0,289,0,217,0,206,0,1210,0,1151,0,507,0,478,0,483,0,1292,0,1747,0,225,0,411,0,253,0
1/3/2022,184,0,285,0,213,0,204,0,1207,0,1149,0,506,0,477,0,482,0,1292,0,1744,0,222,0,409,0,251,0
1/4/2022,182,0,282,0,210,0,200,0,1205,0,1147,0,505,0,477,0,481,0,1291,0,1742,0,219,0,407,0,249,0
1/5/2022,180,0,280,0,207,0,196,0,1201,0,1143,0,503,0,475,0,480,0,1289,0,1740,0,216,0,406,0,248,0
1/6/2022,179,0,276,0,205,0,194,0,1197,0,1140,0,502,0,469,0,476,0,1287,0,1738,0,213,0,404,0,247,0
1/7/2022,177,0,274,0,204,0,192,0,1195,0,1136,0,500,0,465,0,471,0,1281,0,1736,0,210,0,403,0,245,0
1/8/2022,175,0,273,0,202,0,190,0,1191,0,1133,0,499,0,463,0,470,0,1275,0,1732,0,206,0,402,0,243,0
1/9/2022,175,0,271,0,201,0,188,0,1189,0,1130,0,497,0,459,0,466,0,1271,0,1729,0,203,0,400,0,242,0
1/10/2022,175,0,270,0,199,0,187,0,1187,0,1128,0,496,0,456,0,464,0,1269,0,1726,0,202,0,398,0,240,0
1/11/2022,174,0,267,0,197,0,185,0,1184,0,1126,0,493,0,456,0,463,0,1267,0,1724,0,200,0,397,0,239,0
1/12/2022,173,0,265,0,196,0,184,0,1182,0,1122,0,492,0,453,0,460,0,1265,0,1722,0,197,0,395,0,238,0
1/13/2022,173,4,264,0,195,0,182,0,1180,0,1120,0,490,0,449,0,456,0,1261,0,1719,0,193,0,393,0,236,0
1/14/2022,178,0,262,0,192,0,181,0,1178,0,1118,0,489,0,448,0,456,0,1259,0,1716,0,191,0,391,0,234,0
1/15/2022,251,0,260,0,190,0,180,0,1176,0,1116,0,488,0,447,2,454,0,1257,4,1714,4,189,5,390,1,233,0
1/16/2022,209,0,261,2,191,0,178,0,1174,3,1114,3,488,6,446,13,453,13,1255,2,1712,4,187,15,389,2,232,0
1/17/2022,196,3,260,0,188,0,179,0,1172,0,1111,0,486,0,443,0,452,0,1254,0,1711,0,185,15,388,0,231,0
1/18/2022,193,0,263,0,190,0,178,0,1171,0,1109,0,485,0,440,0,450,0,1251,0,1710,0,183,0,387,0,230,0
1/19/2022,186,0,272,0,196,0,181,0,1170,0,1107,0,483,0,437,0,447,0,1247,0,1708,0,182,0,386,0,229,0
1/20/2022,180,0,291,0,216,0,190,0,1172,0,1108,0,483,0,436,0,446,0,1246,0,1706,0,181,0,385,0,228,0
1/21/2022,178,13,300,0,224,0,203,0,1179,0,1114,0,480,0,433,0,445,0,1244,0,1705,0,180,0,384,0,227,0
1/22/2022,182,0,291,0,219,0,202,0,1190,0,1129,0,489,0,437,0,448,0,1244,0,1704,0,179,0,383,0,226,0
1/23/2022,197,0,283,0,212,0,196,0,1188,0,1132,0,497,0,450,0,459,0,1250,0,1704,0,178,0,383,0,226,0
1/24/2022,196,1,274,0,204,0,190,0,1183,0,1128,0,500,0,456,0,464,0,1259,0,1707,0,176,0,383,0,226,0
1/25/2022,188,12,267,0,200,0,185,0,1178,0,1122,0,497,0,455,0,463,0,1263,0,1711,0,177,0,383,0,226,0
1/26/2022,195,2,262,0,194,0,180,0,1173,0,1112,0,493,0,451,0,460,0,1263,0,1713,0,187,0,385,0,227,0
1/27/2022,198,0,261,0,193,0,176,0,1167,0,1108,0,489,0,447,0,456,0,1258,0,1711,0,189,0,391,0,231,0
1/28/2022,190,1,265,0,195,0,176,0,1163,0,1104,0,487,0,439,0,450,0,1252,0,1708,0,182,0,392,0,233,0
1/29/2022,240,0,274,0,199,0,178,0,1160,0,1102,0,483,0,435,0,446,0,1247,0,1701,0,177,0,389,0,232,0
1/30/2022,230,0,270,0,199,0,183,0,1163,0,1104,0,482,0,435,0,445,0,1243,0,1696,0,172,0,384,0,230,0
1/31/2022,202,0,269,0,196,0,182,0,1165,0,1108,0,484,0,435,0,447,0,1243,0,1694,0,168,0,383,0,229,0
2/1/2022,190,0,269,0,199,0,182,0,1163,0,1106,0,487,0,437,0,448,0,1243,0,1693,0,168,0,381,0,228,0
2/2/2022,184,7,273,0,201,0,183,0,1161,0,1104,0,486,0,437,0,448,0,1244,0,1694,0,168,0,380,0,227,0
2/3/2022,192,1,284,0,210,0,187,0,1164,0,1107,0,484,0,436,0,447,0,1244,0,1693,0,168,0,380,0,227,0
2/4/2022,211,0,297,0,220,0,195,0,1167,0,1109,0,487,0,435,0,446,0,1243,0,1692,0,168,0,380,0,227,0
2/5/2022,196,0,292,0,217,0,197,0,1172,0,1117,0,491,0,438,0,448,0,1243,0,1691,0,168,0,379,0,227,0
2/6/2022,189,1,281,0,207,0,191,0,1174,0,1123,0,495,0,443,0,453,0,1245,0,1692,0,168,0,379,2,226,0
2/7/2022,220,0,268,0,196,0,184,0,1168,0,1126,0,497,0,447,0,457,0,1250,0,1695,0,167,0,379,0,226,0
2/8/2022,242,0,264,0,195,0,178,0,1162,0,1118,0,494,0,449,0,459,0,1256,0,1699,0,171,0,380,0,225,0
2/9/2022,213,0,271,0,199,0,179,0,1156,0,1113,0,490,0,444,0,454,0,1257,0,1703,0,179,0,382,0,224,0
2/10/2022,201,0,272,0,201,0,185,0,1155,0,1108,0,488,0,438,0,449,0,1251,0,1700,0,183,0,383,0,226,0
2/11/2022,194,0,269,0,199,0,184,0,1160,0,1110,0,485,0,432,0,445,0,1243,0,1695,0,180,0,384,0,227,0
2/12/2022,189,0,279,0,205,0,185,0,1159,0,1111,0,488,0,432,0,445,0,1240,0,1690,0,174,0,383,0,227,0
2/13/2022,186,2,298,0,221,0,190,0,1157,0,1110,0,492,0,434,0,448,0,1240,0,1687,0,169,0,381,0,226,0
2/14/2022,194,0,297,0,219,0,195,0,1161,0,1116,0,489,0,433,0,447,0,1240,0,1687,0,164,0,379,0,225,0
2/15/2022,190,0,285,0,213,0,192,0,1165,0,1122,0,486,0,434,0,447,0,1239,0,1686,0,160,0,378,0,223,0
2/16/2022,186,0,275,0,203,0,188,0,1162,0,1122,0,493,0,446,0,458,0,1244,0,1687,0,156,0,377,0,222,0
2/17/2022,184,0,267,0,194,0,182,0,1156,0,1112,0,491,0,449,0,462,0,1253,0,1691,0,156,0,376,0,221,0
2/18/2022,184,0,260,0,190,0,178,0,1150,0,1102,0,488,0,445,0,458,0,1255,0,1695,0,165,0,376,0,221,0
2/19/2022,182,0,256,0,185,0,175,0,1145,0,1095,0,485,0,439,0,453,0,1251,0,1694,0,172,0,381,0,224,0
2/20/2022,181,0,255,0,186,0,173,0,1142,0,1090,0,483,0,432,0,449,0,1244,0,1691,0,171,0,384,0,227,0
2/21/2022,181,0,254,0,181,0,170,0,1139,0,1086,0,481,0,427,0,445,0,1238,0,1685,0,162,0,383,0,227,0
2/22/2022,181,0,249,0,179,0,168,0,1136,0,1082,0,478,0,422,0,440,0,1234,0,1680,0,155,0,380,0,224,0
2/23/2022,201,3,248,0,178,0,167,0,1133,0,1078,0,476,0,420,0,437,0,1229,0,1676,0,149,0,377,0,222,0
2/24/2022,191,0,247,0,178,0,166,0,1132,0,1075,0,473,0,418,0,434,0,1225,0,1672,0,143,0,374,0,220,0
2/25/2022,180,0,247,0,179,0,166,0,1130,0,1072,0,471,0,415,0,431,0,1222,0,1669,0,139,0,371,0,218,0
2/26/2022,179,0,253,0,181,0,167,0,1129,0,1069,0,469,0,411,0,428,0,1219,0,1666,0,137,0,369,0,216,0
2/27/2022,180,0,258,0,185,0,171,0,1131,0,1069,0,466,0,408,0,425,0,1216,0,1664,0,136,0,366,0,214,0
2/28/2022,183,0,262,0,189,0,175,0,1135,0,1071,0,464,0,406,0,422,0,1214,0,1661,0,134,0,364,0,213,0
3/1/2022,189,0,263,0,192,0,178,0,1138,0,1074,0,464,0,409,0,421,0,1212,0,1659,0,133,0,362,0,212,0
3/2/2022,186,0,256,0,185,0,180,0,1141,0,1075,0,470,0,408,0,422,0,1214,0,1657,0,130,0,361,0,211,0
3/3/2022,194,0,247,0,178,0,173,0,1140,0,1075,0,474,0,411,0,425,0,1215,0,1658,0,129,0,360,0,210,0
3/4/2022,190,0,243,0,170,0,168,0,1134,0,1071,0,472,0,412,0,425,0,1217,0,1659,0,129,0,359,0,209,0
3/5/2022,194,0,241,0,169,0,164,0,1129,0,1064,0,468,0,410,0,423,0,1217,0,1660,0,132,0,360,0,208,0
3/6/2022,194,0,242,0,170,0,161,0,1125,0,1060,0,464,0,406,0,420,0,1215,0,1658,0,132,0,361,0,209,0
3/7/2022,198,0,244,0,172,0,163,0,1122,0,1057,0,462,0,400,0,418,0,1211,0,1656,0,138,0,362,0,210,0
3/8/2022,203,0,245,0,173,0,164,0,1124,0,1056,0,460,0,396,0,417,0,1207,0,1653,0,136,0,362,0,210,0
3/9/2022,210,0,249,0,177,0,165,0,1125,0,1057,0,457,0,399,0,419,0,1206,0,1650,0,134,0,361,0,210,0
3/10/2022,211,0,247,0,173,0,166,0,1126,0,1059,0,460,0,400,0,420,0,1204,0,1649,0,131,0,359,0,209,0
3/11/2022,215,0,248,0,174,0,164,0,1125,0,1060,0,459,0,400,0,420,0,1204,0,1648,0,130,0,357,0,207,0
3/12/2022,210,0,249,0,174,0,162,0,1124,0,1059,0,460,0,399,0,420,0,1206,0,1646,0,129,0,356,0,205,0
3/13/2022,222,0,254,0,184,0,164,0,1123,0,1058,0,459,0,401,0,421,0,1206,0,1647,0,129,0,355,0,203,0
3/14/2022,220,0,264,0,193,0,169,0,1125,0,1059,0,457,0,401,0,421,0,1206,0,1648,0,129,0,354,0,201,0
3/15/2022,220,0,268,0,197,0,174,0,1130,0,1066,0,458,0,400,0,421,0,1206,0,1647,0,129,0,353,0,201,0
3/16/2022,216,0,271,0,203,0,178,0,1134,0,1074,0,460,0,402,0,423,0,1207,0,1646,0,129,0,352,0,200,0
3/17/2022,216,0,272,0,199,0,182,0,1138,0,1078,0,465,0,408,0,428,0,1209,0,1647,0,129,0,351,0,199,0
3/18/2022,216,0,283,0,209,0,184,0,1141,0,1081,0,471,0,413,0,433,0,1214,0,1649,0,129,0,351,0,199,0
3/19/2022,215,0,285,0,207,0,188,0,1143,0,1083,0,476,0,418,0,437,0,1219,0,1653,0,132,0,352,0,200,0
3/20/2022,220,0,284,0,205,0,187,0,1146,0,1086,0,480,0,418,0,439,0,1221,0,1657,0,139,0,355,0,201,0
3/21/2022,222,0,284,0,202,0,186,0,1146,0,1086,0,481,0,420,0,440,0,1223,0,1659,0,146,0,357,0,203,0
3/22/2022,216,0,283,0,203,0,185,0,1144,0,1084,0,480,0,422,0,441,0,1226,0,1660,9,153,2,359,3,205,0
3/23/2022,230,22,285,0,204,0,184,1,1142,15,1085,64,478,40,422,14,443,16,1230,23,1663,9,159,21,363,21,208,7
3/24/2022,214,3,288,27,207,32,186,10,1142,36,1089,30,479,15,446,14,457,16,1236,31,1668,4,163,0,366,1,211,0
3/25/2022,205,29,291,0,211,0,188,0,1143,0,1088,0,482,0,440,0,451,0,1252,0,1678,0,167,0,370,0,214,0
3/26/2022,278,2,293,0,211,0,192,0,1145,0,1089,0,483,0,429,0,442,0,1245,0,1686,0,171,0,372,0,216,0
3/27/2022,280,1,290,0,209,0,192,0,1148,0,1091,0,486,0,426,0,438,0,1237,0,1681,0,174,0,374,0,218,0
3/28/2022,313,0,290,0,207,0,191,0,1148,0,1090,0,489,0,428,0,439,0,1232,0,1678,0,175,0,376,0,219,0
3/29/2022,260,0,292,0,210,0,190,0,1146,0,1088,0,490,0,429,0,439,0,1233,0,1676,0,178,0,377,0,221,0
3/30/2022,224,0,290,0,209,0,191,0,1144,0,1087,0,488,0,429,0,440,0,1235,0,1677,0,179,0,378,0,222,0
3/31/2022,205,0,316,0,225,0,196,0,1144,0,1086,0,485,0,428,0,439,0,1235,0,1678,0,179,0,378,0,223,0
4/1/2022,203,0,362,0,272,0,219,0,1148,0,1088,0,482,0,425,0,437,0,1231,0,1678,0,179,0,378,0,224,0
4/2/2022,388,24,378,0,299,0,258,0,1165,0,1115,0,484,0,427,0,439,0,1230,0,1676,0,179,0,378,0,225,0
4/3/2022,458,18,360,0,288,0,262,0,1197,0,1155,0,494,0,440,0,450,0,1232,0,1675,0,179,0,377,3,225,10
4/4/2022,340,2,329,0,252,0,250,0,1201,0,1167,0,514,0,465,0,477,0,1247,0,1681,0,179,0,377,0,225,0
4/5/2022,620,1,310,0,238,0,222,0,1189,0,1152,0,528,0,481,0,494,0,1274,0,1693,0,186,0,379,0,225,0
4/6/2022,561,0,330,0,249,0,216,0,1163,0,1127,0,518,0,481,0,492,0,1291,0,1709,0,211,0,384,0,229,0
4/7/2022,480,0,448,0,361,0,263,0,1156,0,1118,0,499,0,466,0,478,0,1289,0,1720,0,232,0,394,0,237,0
4/8/2022,385,2,496,39,416,71,357,0,1198,0,1161,0,487,0,451,0,462,0,1273,0,1715,0,239,0,402,7,245,0
4/9/2022,350,10,581,0,486,0,419,0,1289,0,1256,0,520,0,462,16,472,7,1263,0,1702,0,226,15,407,0,251,0
4/10/2022,363,0,629,0,551,0,502,0,1349,0,1324,0,590,0,546,0,560,0,1292,0,1704,0,216,0,403,0,251,0
4/11/2022,326,0,615,0,539,0,517,0,1427,0,1394,0,638,0,613,0,622,0,1365,0,1731,0,224,0,400,0,247,0
4/12/2022,308,4,569,11,495,0,491,0,1439,0,1405,0,674,0,676,0,678,0,1446,0,1781,0,251,0,407,0,251,0
4/13/2022,319,0,525,0,455,0,449,0,1409,0,1380,0,694,0,701,0,701,0,1509,0,1858,0,341,0,435,0,273,0
4/14/2022,292,0,489,0,411,0,404,0,1367,0,1345,0,688,0,688,0,691,0,1526,0,1904,0,405,0,496,0,323,0
4/15/2022,592,0,463,0,382,0,375,0,1324,0,1312,0,656,0,663,0,672,0,1511,0,1914,0,422,0,547,0,368,0
4/16/2022,575,0,438,0,356,0,351,0,1296,0,1286,0,614,0,638,0,652,0,1484,0,1898,0,410,0,559,0,381,0
4/17/2022,506,0,425,0,343,0,329,0,1275,0,1264,0,571,0,623,0,641,0,1455,0,1873,0,383,0,549,0,373,0
4/18/2022,500,8,420,0,335,0,321,0,1257,0,1247,0,541,0,593,0,620,0,1430,0,1847,0,355,0,532,0,359,0
4/19/2022,439,0,524,44,431,3,351,22,1249,0,1237,0,510,0,576,0,606,0,1409,0,1825,0,333,0,518,0,351,0
4/20/2022,391,3,620,0,530,0,460,0,1279,0,1274,0,489,0,560,3,594,1,1392,3,1810,0,311,0,505,0,340,0
4/21/2022,372,0,647,0,564,0,512,0,1385,0,1370,0,514,0,583,0,610,1,1382,2,1795,0,285,12,490,0,329,0
4/22/2022,341,0,638,0,557,0,520,0,1432,0,1420,0,568,0,653,0,674,0,1417,0,1787,40,266,15,474,0,317,0
4/23/2022,324,0,611,0,529,0,513,0,1440,0,1430,0,620,0,721,0,740,0,1499,0,1826,0,264,0,462,0,305,0
4/24/2022,320,5,572,0,493,0,487,0,1432,0,1418,0,648,0,738,0,754,0,1552,0,1908,0,403,0,463,0,301,0
4/25/2022,370,0,536,0,455,0,451,0,1408,0,1397,0,667,0,734,0,752,0,1566,0,1957,0,457,0,537,0,368,0
4/26/2022,352,0,500,0,421,0,416,0,1370,0,1369,0,650,0,719,0,738,0,1559,0,1970,0,483,0,591,0,418,0
4/27/2022,322,0,468,0,391,0,387,0,1337,0,1338,0,625,0,695,0,718,0,1541,0,1963,0,484,0,604,0,432,0
4/28/2022,297,0,454,0,371,0,363,0,1308,0,1306,0,586,0,670,0,690,0,1514,0,1942,0,446,0,598,0,432,0
4/29/2022,292,0,463,15,379,43,357,0,1285,0,1285,0,549,0,643,0,662,0,1485,0,1913,0,420,0,583,0,422,0
4/30/2022,281,0,468,0,385,0,367,0,1278,0,1282,0,520,0,618,0,641,0,1456,0,1885,0,396,0,566,0,411,0
5/1/2022,286,6,456,0,376,6,369,0,1287,0,1286,0,509,0,611,0,633,0,1434,0,1860,0,378,0,548,0,397,0
5/2/2022,292,3,434,0,352,0,354,0,1287,0,1283,0,505,0,612,0,633,0,1425,0,1844,0,357,0,528,21,384,0
5/3/2022,280,0,415,5,336,3,331,1,1272,0,1267,0,500,2,610,0,638,0,1442,28,1840,27,329,9,511,58,367,3
5/4/2022,378,16,408,7,330,16,317,11,1249,0,1247,0,482,0,601,0,631,0,1422,0,1830,0,312,0,502,24,356,45
5/5/2022,399,15,402,69,321,5,312,0,1237,2,1234,21,461,0,585,6,614,3,1410,1,1815,1,325,3,501,0,351,0
5/6/2022,381,0,398,0,320,0,308,0,1229,0,1222,0,446,0,563,0,594,0,1393,0,1800,4,309,0,502,10,353,47
5/7/2022,323,0,396,0,316,0,305,0,1224,0,1218,0,436,0,557,0,588,0,1381,0,1786,0,297,9,489,0,345,0
5/8/2022,300,0,425,3,336,11,312,0,1221,0,1217,3,422,3,558,4,586,2,1374,0,1777,24,287,5,479,24,336,5
5/9/2022,297,0,482,3,392,0,345,0,1229,0,1222,29,418,0,557,37,585,39,1368,7,1772,46,280,0,474,29,332,1
5/10/2022,312,4,510,16,427,25,378,30,1260,0,1262,0,426,0,557,0,585,0,1368,11,1770,17,278,27,470,0,329,0
5/11/2022,337,44,503,27,419,26,383,8,1298,10,1304,0,450,0,583,7,606,2,1371,1,1770,27,278,30,469,8,327,6
5/12/2022,319,27,484,0,402,0,367,0,1313,0,1324,0,478,0,624,0,643,0,1398,0,1777,0,278,4,469,9,327,
5/13/2022,474,9,462,0,378,2,347,0,1316,0,1332,0,497,0,647,0,667,0,1438,5,1807,0,304,0,470,0,327,0
5/14/2022,410,13,467,0,380,2,338,0,1300,0,1325,0,495,0,655,0,675,0,1461,2,1849,2,337,0,491,17,344,0
5/15/2022,764,83,485,0,396,0,346,0,1288,0,1317,0,478,0,653,0,673,0,1470,1,1870,19,372,3,520,2,373,0
5/16/2022,754,3,529,0,437,0,372,0,1294,0,1322,0,464,0,652,0,672,0,1468,23,1877,0,399,5,548,0,400,0
5/17/2022,601,98,605,7,510,2,431,20,1320,17,1341,28,472,0,649,9,668,0,1463,0,1874,0,402,15,562,2,414,15
5/18/2022,655,0,695,4,597,4,522,0,1378,23,1378,75,490,0,666,5,680,0,1467,0,1870,4,395,4,561,3,415,8
5/19/2022,730,0,772,0,682,0,621,0,1465,0,1465,0,524,0,708,0,715,3,1491,0,1876,0,392,0,557,0,412,0
5/20/2022,623,5,818,0,730,2,686,0,1563,0,1542,0,586,0,770,0,771,0,1544,0,1906,0,407,20,559,11,413,7
5/21/2022,527,0,838,0,749,0,721,0,1633,13,1595,0,653,20,843,0,847,0,1625,4,1965,28,442,12,571,35,425,40
5/22/2022,469,2,848,0,759,0,738,0,1668,0,1632,1,703,18,900,0,899,0,1702,27,2054,0,533,0,606,14,457,0
5/23/2022,437,5,856,0,767,0,752,0,1687,0,1664,0,739,0,935,0,937,0,1753,0,2133,0,597,0,677,0,510,0
5/24/2022,405,0,864,20,777,0,763,7,1685,0,1685,1,761,0,973,11,977,12,1801,1,2189,27,649,12,737,29,558,49
5/25/2022,389,0,845,10,757,7,758,45,1707,20,1697,42,780,36,1003,4,1011,4,1849,17,2245,3,707,8,787,17,604,3
5/26/2022,379,24,815,51,730,71,736,6,1702,5,1695,0,790,0,1016,0,1024,0,1860,5,2263,0,738,3,838,16,651,39
5/27/2022,489,30,752,0,676,0,695,0,1678,0,1671,0,781,0,1016,0,1025,0,1868,15,2275,0,746,0,866,6,677,0
5/28/2022,536,74,684,0,604,0,634,0,1634,0,1632,0,760,0,998,0,1010,0,1858,4,2271,0,747,0,878,0,691,0
5/29/2022,502,0,633,0,552,0,576,0,1569,0,1580,0,725,0,968,0,982,0,1833,0,2253,2,742,0,880,0,695,0
5/30/2022,499,0,606,0,519,0,535,0,1515,0,1532,0,683,0,916,7,937,2,1789,26,2220,0,710,0,870,0,692,0
5/31/2022,434,0,636,0,540,0,510,0,1476,0,1494,0,633,0,873,0,892,0,1740,0,2174,29,669,9,845,0,673,9
6/1/2022,415,0,681,0,585,0,543,0,1456,11,1478,0,600,0,838,0,858,0,1695,4,2132,23,621,2,807,10,638,35
6/2/2022,435,19,696,0,605,0,569,0,1484,0,1499,0,584,0,820,1,836,0,1660,1,2100,13,586,0,769,43,602,34
6/3/2022,467,20,696,0,603,0,573,0,1507,0,1518,0,592,0,827,3,840,0,1650,5,2080,3,559,2,739,2,572,3
6/4/2022,546,46,675,0,586,0,567,0,1509,0,1520,0,610,0,841,0,853,0,1659,0,2080,3,550,2,712,0,550,0
6/5/2022,640,22,652,0,559,0,541,0,1501,0,1512,0,620,0,844,0,856,0,1675,1,2098,3,563,27,699,44,532,7
6/6/2022,609,29,638,0,543,0,523,0,1477,0,1498,0,614,0,843,0,856,0,1674,0,2098,0,576,0,703,2,531,11
6/7/2022,584,9,670,0,569,0,536,0,1461,0,1483,0,601,0,829,0,843,0,1665,0,2094,8,580,0,710,9,538,0
6/8/2022,595,20,727,0,625,0,582,0,1471,0,1493,0,591,0,817,0,831,0,1651,0,2083,23,567,2,713,37,542,31
6/9/2022,650,49,779,1,678,0,634,0,1519,3,1535,0,600,0,817,0,831,0,1643,10,2073,8,550,7,704,5,532,51
6/10/2022,658,118,815,0,716,0,683,0,1568,0,1597,0,635,0,856,5,863,3,1663,1,2079,0,537,2,691,24,518,21
6/11/2022,672,32,837,0,741,0,710,18,1610,0,1632,0,688,0,900,13,898,10,1705,9,2109,28,559,35,682,11,507,0
6/12/2022,776,9,854,3,757,3,728,0,1630,0,1665,0,730,0,943,0,936,0,1755,3,2153,78,597,7,701,5,519,21
6/13/2022,798,24,868,0,770,0,743,0,1647,0,1689,0,764,0,983,0,970,0,1804,1,2199,5,651,24,749,41,568,49
6/14/2022,715,6,881,0,786,0,759,0,1665,0,1716,0,790,0,1008,8,996,0,1840,0,2234,0,701,8,799,9,617,10
6/15/2022,820,49,899,0,804,0,784,0,1697,0,1761,0,819,0,1037,0,1022,0,1870,0,2261,4,743,0,842,0,653,0
6/16/2022,945,80,929,17,834,0,808,7,1734,27,1798,0,859,0,1078,0,1055,0,1911,0,2295,0,779,0,870,0,684,0
6/17/2022,912,30,956,5,860,10,835,2,1764,0,1829,3,898,0,1115,0,1090,1,1956,2,2336,0,796,0,901,3,713,2
6/18/2022,904,37,977,1,882,5,862,0,1794,0,1853,0,927,0,1153,0,1123,0,1994,12,2376,0,828,0,941,6,748,0
6/19/2022,930,34,1001,7,906,1,889,0,1820,0,1867,0,953,0,1182,0,1146,0,2028,2,2412,0,868,0,982,7,786,8
6/20/2022,868,45,1032,0,934,0,915,0,1845,0,1882,0,972,0,1198,1,1160,0,2050,0,2437,0,915,0,1015,18,816,4
6/21/2022,787,69,1065,1,968,0,945,0,1869,0,1901,0,988,0,1216,0,1176,0,2069,0,2455,0,936,0,1044,0,846,0
6/22/2022,723,10,1102,0,1001,0,979,6,1897,0,1926,0,1017,0,1239,0,1198,0,2090,24,2474,23,957,25,1063,31,868,25
6/23/2022,694,6,1137,0,1034,0,1013,0,1931,0,1950,0,1050,0,1273,15,1232,19,2119,0,2497,0,975,0,1081,22,888,6
6/24/2022,776,4,1167,0,1063,0,1039,0,1960,0,1975,0,1080,0,1300,25,1259,7,2150,10,2525,2,989,3,1100,7,908,72
6/25/2022,752,8,1190,0,1085,0,1063,0,1980,3,1996,0,1108,0,1331,0,1287,0,2182,58,2555,0,1002,12,1124,3,931,0
6/26/2022,724,9,1203,0,1098,0,1078,0,1998,0,2010,0,1138,0,1357,0,1309,0,2209,0,2582,0,1025,0,1151,0,955,0
6/27/2022,752,9,1206,0,1102,0,1087,0,2010,0,2022,0,1168,0,1380,0,1332,0,2234,0,2607,0,1061,0,1176,1,984,10
6/28/2022,729,36,1204,0,1100,0,1086,0,2018,0,2031,0,1185,0,1399,0,1353,0,2253,14,2629,2,1090,20,1200,1,1006,4
6/29/2022,896,6,1195,24,1095,17,1085,0,2025,0,2041,0,1193,0,1415,0,1369,0,2270,10,2644,0,1114,0,1221,1,1029,0
6/30/2022,759,3,1183,1,1084,0,1080,0,2030,0,2047,1,1197,0,1430,0,1385,7,2284,0,2659,2,1132,0,1237,1,1046,3
7/1/2022,720,0,1174,0,1075,0,1072,10,2031,0,2050,2,1202,18,1442,7,1394,10,2297,4,2670,1,1141,7,1250,0,1062,1
7/2/2022,719,4,1170,5,1070,0,1066,2,2031,0,2052,0,1204,0,1447,7,1399,2,2305,18,2679,0,1146,0,1261,0,1072,0
7/3/2022,635,0,1175,0,1074,0,1065,0,2030,18,2055,0,1201,0,1451,0,1405,0,2308,2,2683,0,1151,29,1270,4,1083,0
7/4/2022,585,0,1190,1,1088,10,1074,0,2032,0,2056,0,1200,0,1453,0,1407,0,2311,0,2685,1,1159,9,1278,42,1091,23
7/5/2022,564,0,1197,0,1096,0,1086,0,2039,0,2061,2,1204,1,1453,0,1407,0,2313,0,2687,0,1159,3,1285,32,1099,23
7/6/2022,560,0,1202,0,1102,0,1091,4,2045,0,2069,29,1209,4,1461,10,1414,4,2317,1,2690,11,1160,6,1287,0,1102,6
7/7/2022,521,0,1200,0,1102,0,1094,0,2049,1,2074,0,1214,10,1468,3,1418,4,2325,1,2695,14,1161,0,1292,8,1106,0
7/8/2022,506,61,1186,0,1091,0,1090,0,2046,0,2075,0,1217,0,1472,0,1423,0,2329,0,2701,0,1168,0,1296,12,1109,15
7/9/2022,511,8,1165,5,1071,3,1081,0,2035,0,2065,0,1213,7,1477,0,1428,0,2333,0,2705,2,1170,0,1301,1,1113,14
7/10/2022,488,23,1129,0,1038,0,1058,0,2013,0,2050,0,1205,0,1468,15,1421,0,2330,0,2706,31,1174,2,1306,17,1117,26
7/11/2022,523,9,1082,0,999,0,1022,0,1982,0,2019,0,1190,0,1445,0,1400,2,2313,3,2696,0,1175,7,1308,24,1121,40
7/12/2022,511,0,1029,0,947,0,980,0,1947,0,1979,0,1162,0,1408,4,1408,0,2288,0,2677,13,1157,25,1306,10,1120,15
7/13/2022,522,0,973,0,891,0,937,0,1906,0,1931,0,1127,0,1360,0,1322,0,2248,0,2646,0,1124,14,1297,41,1115,26
7/14/2022,486,0,924,0,845,0,892,0,1863,0,1889,0,1086,0,1306,0,1274,0,2198,0,2604,3,1093,12,1283,60,1101,65
7/15/2022,467,3,884,4,804,0,845,0,1821,18,1853,20,1046,2,1251,0,1218,0,2143,3,2553,0,1054,0,1251,24,1076,3
7/16/2022,433,0,857,0,778,0,814,8,1778,4,1813,0,1000,0,1203,8,1174,0,2094,2,2505,15,1015,34,1216,1,1042,38
7/17/2022,425,0,840,0,761,0,788,0,1749,0,1781,0,953,0,1158,0,1135,0,2044,2,2462,5,970,0,1174,16,1002,6
7/18/2022,445,3,828,0,749,0,769,0,1724,0,1758,0,923,0,1122,3,1093,0,1999,2,2419,31,928,35,1128,3,959,40
7/19/2022,544,3,817,0,739,0,757,0,1707,0,1742,0,901,0,1091,0,1057,0,1963,0,2382,10,883,0,1081,0,915,2
7/20/2022,673,29,798,0,721,0,747,0,1696,0,1723,0,881,0,1070,0,1034,0,1937,0,2353,0,844,15,1038,1,871,36
7/21/2022,613,2,779,6,701,5,732,2,1684,0,1702,0,860,0,1052,0,1014,0,1914,0,2329,3,814,0,1003,3,835,3
7/22/2022,568,0,774,1,696,4,720,15,1669,0,1692,8,841,2,1033,4,995,6,1898,0,2317,3,797,0,976,27,805,16
7/23/2022,578,11,807,6,725,8,738,1,1665,34,1697,6,825,0,1021,14,982,21,1876,9,2294,49,783,25,958,44,784,56
7/24/2022,556,9,846,0,762,0,772,3,1698,0,1738,0,818,0,1029,0,990,0,1871,1,2284,1,770,25,944,0,766,2
7/25/2022,511,0,879,0,792,0,806,0,1742,0,1784,0,835,0,1059,13,1016,49,1888,0,2293,2,758,23,929,0,748,0
7/26/2022,521,0,898,0,814,0,826,0,1772,0,1825,0,863,0,1102,1,1061,0,1932,0,2321,0,777,0,924,0,742,0
7/27/2022,516,0,916,0,830,0,845,0,1790,0,1854,0,888,0,1145,0,1102,0,1974,0,2363,0,829,0,945,6,753,36
7/28/2022,566,14,928,0,843,0,855,0,1807,0,1869,0,910,0,1177,0,1139,0,2016,0,2404,0,867,0,982,0,790,0
7/29/2022,551,0,925,0,845,0,861,0,1815,0,1873,0,932,0,1197,0,1161,0,2047,0,2435,0,896,0,1016,0,818,0
7/30/2022,509,0,904,0,821,0,854,0,1811,0,1866,0,944,0,1204,0,1170,0,2062,0,2455,0,924,0,1049,0,853,0
7/31/2022,516,7,894,3,809,22,836,0,1796,0,1848,0,937,0,1198,0,1165,0,2063,0,2460,1,955,0,1072,0,874,0
8/1/2022,526,0,896,8,814,7,838,0,1780,0,1831,0,923,0,1184,0,1153,0,2052,0,2454,3,959,9,1083,0,891,0
8/2/2022,573,0,885,0,804,0,834,0,1774,0,1826,0,908,0,1170,30,1138,2,2035,0,2439,0,940,0,1083,0,895,0
8/3/2022,590,0,875,17,794,16,827,6,1767,0,1824,1,897,20,1162,2,1128,0,2023,4,2428,0,920,29,1075,7,887,4
8/4/2022,592,0,863,0,781,0,817,0,1760,9,1822,0,886,0,1159,1,1127,3,2018,0,2420,0,898,0,1059,2,874,10
8/5/2022,550,7,852,0,772,0,808,4,1751,0,1816,3,876,0,1156,8,1124,11,2015,1,2416,0,885,0,1048,3,862,0
8/6/2022,556,15,851,0,771,0,807,0,1743,0,1814,0,867,0,1151,34,1120,18,2013,0,2414,3,883,7,1043,18,853,0
8/7/2022,507,2,861,0,778,0,809,0,1741,0,1813,0,857,0,1150,3,1120,0,2007,5,2410,8,883,5,1041,40,850,13
8/8/2022,482,0,871,1,788,0,815,6,1744,4,1820,0,853,0,1148,3,1119,2,2005,13,2410,12,881,5,1039,2,848,6
8/9/2022,465,5,885,7,801,2,823,5,1752,14,1828,6,861,60,1159,10,1132,13,2011,11,2411,4,880,7,1038,37,846,45
8/10/2022,537,70,897,0,814,0,829,1,1760,0,1839,0,872,0,1168,18,1142,43,2025,42,2425,0,889,0,1037,13,845,46
8/11/2022,499,0,897,0,815,0,834,0,1770,0,1860,0,882,0,1178,0,1151,0,2031,0,2431,1,906,30,1047,6,852,12
8/12/2022,438,2,885,0,807,0,832,0,1771,0,1874,0,889,0,1195,4,1165,4,2047,0,2443,1,921,25,1058,13,861,23
8/13/2022,415,6,866,45,789,37,827,27,1763,3,1869,2,893,0,1208,7,1175,4,2062,0,2457,7,934,18,1070,23,873,17
8/14/2022,489,7,855,0,776,0,819,0,1750,0,1845,0,890,0,1207,0,1174,0,2070,2,2468,7,944,17,1083,17,887,10
8/15/2022,469,1,850,0,773,0,810,0,1737,0,1824,0,879,0,1187,2,1157,18,2060,0,2467,0,958,0,1094,3,899,3
8/16/2022,484,8,830,1,757,0,800,0,1727,14,1816,1,869,0,1167,2,1137,0,2038,48,2450,18,951,0,1101,26,908,3
8/17/2022,462,0,802,0,729,0,788,3,1719,0,1808,2,860,1,1153,3,1125,0,2021,5,2431,2,932,5,1094,67,906,84
8/18/2022,445,0,790,0,715,0,768,0,1708,13,1797,0,854,0,1145,23,1119,7,2010,35,2420,10,913,20,1081,38,895,60
8/19/2022,445,15,794,0,717,0,765,0,1694,0,1778,0,848,0,1136,0,1110,0,2000,0,2413,0,897,2,1067,22,881,3
8/20/2022,498,6,792,0,716,0,762,0,1686,0,1772,2,838,3,1123,16,1099,2,1989,19,2403,6,893,5,1056,26,869,0
8/21/2022,484,2,779,0,704,0,757,0,1681,0,1769,0,829,0,1111,1,1088,0,1978,3,2394,3,888,7,1048,30,860,2
8/22/2022,442,2,765,6,692,0,741,0,1671,0,1759,0,822,0,1104,0,1080,0,1964,1,2381,0,879,9,1039,0,852,1
8/23/2022,414,7,754,3,680,1,728,7,1655,0,1746,17,812,7,1096,1,1075,5,1955,41,2372,21,866,3,1029,1,846,0
8/24/2022,445,8,753,2,682,0,723,0,1645,0,1734,1,804,0,1088,2,1069,2,1949,0,2365,6,856,3,1018,1,837,2
8/25/2022,423,0,772,0,697,0,726,0,1639,0,1730,0,795,0,1076,0,1058,0,1939,0,2358,0,846,0,1009,1,830,0
8/26/2022,390,0,769,0,694,0,733,0,1642,0,1725,0,787,0,1070,0,1052,0,1927,0,2343,0,838,0,1002,1,823,0
8/27/2022,393,34,756,4,681,4,727,0,1640,15,1722,7,783,31,1068,28,1050,19,1928,11,2341,8,826,0,994,4,816,0
8/28/2022,410,14,754,0,678,0,718,0,1631,0,1710,0,779,0,1068,0,1050,0,1920,1,2335,0,817,2,985,26,808,10
8/29/2022,482,5,756,0,682,0,716,0,1624,0,1697,0,770,0,1048,0,1035,0,1912,0,2331,0,809,0,978,0,802,0
8/30/2022,516,0,775,0,708,0,726,0,1621,0,1701,0,760,0,1035,0,1022,0,1892,0,2315,0,804,0,971,15,794,16
8/31/2022,546,0,782,0,708,0,736,0,1637,0,1712,0,757,0,1035,0,1021,0,1883,0,2303,0,796,0,962,0,786,15
9/1/2022,576,0,773,0,696,0,733,0,1652,0,1728,0,766,0,1043,15,1029,0,1886,0,2301,0,789,0,950,0,774,0
9/2/2022,598,0,781,0,702,0,732,1,1670,13,1754,3,776,0,1057,0,1047,0,1899,0,2307,0,781,0,943,0,763,0
9/3/2022,606,0,796,0,719,0,750,0,1685,0,1781,0,790,0,1082,0,1061,0,1919,6,2321,0,778,0,941,0,757,0
9/4/2022,632,29,811,0,731,0,765,0,1698,0,1793,0,812,0,1104,0,1090,0,1946,0,2345,0,809,0,950,0,764,0
9/5/2022,785,3,826,0,752,0,779,0,1710,0,1798,0,823,0,1118,0,1102,0,1969,0,2366,0,838,0,967,0,779,0
9/6/2022,816,4,851,39,774,14,797,0,1722,0,1806,0,834,0,1127,0,1112,0,1982,2,2380,13,858,0,986,44,797,82
9/7/2022,732,0,875,0,792,0,814,0,1736,0,1814,0,844,3,1141,45,1131,52,2000,25,2395,0,874,0,1002,14,814,1
9/8/2022,685,0,902,0,822,0,837,0,1751,27,1825,46,857,14,1163,5,1153,1,2013,8,2410,6,881,0,1014,3,828,3
9/9/2022,572,0,930,0,849,0,856,0,1774,18,1849,11,883,38,1186,11,1181,12,2040,4,2431,0,890,2,1026,11,841,10
9/10/2022,501,1,966,0,882,57,886,13,1811,10,1886,8,909,13,1201,11,1193,20,2053,4,2447,17,898,7,1042,41,855,3
9/11/2022,471,3,994,30,906,42,910,41,1846,25,1931,39,938,43,1249,16,1227,19,2086,4,2471,7,915,5,1063,16,874,17
9/12/2022,450,5,1015,0,928,0,929,0,1870,1,1962,4,975,0,1303,14,1275,26,2149,0,2520,1,941,0,1084,0,897,4
9/13/2022,435,0,1028,0,946,0,946,2,1889,0,1981,1,1006,0,1333,7,1306,20,2184,29,2561,5,987,0,1123,0,932,0
9/14/2022,440,0,1020,0,940,0,947,0,1898,0,1984,0,1025,0,1353,5,1324,0,2207,1,2586,0,1040,0,1167,0,978,0
9/15/2022,467,14,985,3,911,1,932,0,1889,0,1982,16,1037,0,1359,4,1332,0,2218,0,2600,0,1078,0,1196,36,1007,54
9/16/2022,481,12,923,0,858,0,908,0,1871,0,1967,0,1029,0,1358,0,1330,0,2222,0,2604,0,1093,0,1215,0,1025,5
9/17/2022,524,24,854,0,787,0,854,,1841,0,1932,0,1011,0,1339,0,1311,0,2212,1,2599,12,1098,19,1222,0,1032,0
9/18/2022,519,0,807,0,740,0,799,0,1789,0,1874,0,988,0,1298,0,1273,0,2183,0,2580,0,1082,10,1224,6,1035,0
9/19/2022,501,0,795,0,725,0,781,2,1741,0,1825,0,947,0,1238,0,1216,0,2136,27,2545,5,1055,15,1214,14,1028,10
9/20/2022,504,6,803,0,733,0,774,0,1723,0,1797,3,907,8,1186,0,1164,9,2078,1,2495,5,1023,0,1187,23,1000,12
9/21/2022,504,3,814,0,742,0,785,0,1717,0,1795,0,886,0,1149,0,1130,0,2030,0,2447,0,975,9,1150,21,964,11
9/22/2022,592,0,822,0,753,0,791,3,1725,0,1798,0,879,0,1138,7,1121,4,2004,13,2414,0,930,0,1106,3,923,0
9/23/2022,541,0,827,10,758,0,796,0,1728,0,1794,0,885,0,1137,0,1120,0,1997,0,2402,0,880,0,1064,0,884,0
9/24/2022,536,7,827,5,759,0,798,8,1729,4,1794,5,890,0,1136,1,1120,0,1996,1,2399,0,842,30,1044,0,860,0
9/25/2022,643,24,827,0,759,2,798,23,1728,0,1789,0,888,0,1132,0,1120,1,1996,5,2397,2,829,0,1032,14,850,1
9/26/2022,544,0,835,0,764,0,802,0,1727,10,1789,0,884,50,1131,14,1119,11,1996,2,2402,6,833,5,1027,3,844,6
9/27/2022,478,0,840,0,766,0,808,0,1735,1,1807,1,879,0,1129,2,1119,5,1995,4,2405,37,878,16,1031,6,844,23
9/28/2022,476,0,843,2,770,0,812,0,1742,0,1814,0,887,4,1143,0,1131,0,1997,1,2399,0,885,35,1034,3,849,0
9/29/2022,446,0,846,0,769,0,813,0,1748,0,1816,0,900,0,1151,0,1142,0,2007,0,2405,0,885,0,1031,0,850,0
9/30/2022,422,0,843,0,770,0,808,0,1746,0,1819,0,910,0,1153,14,1146,16,2023,6,2428,39,899,20,1036,62,854,58
10/1/2022,405,0,821,1,746,0,797,0,1739,0,1817,9,913,20,1173,34,1167,41,2038,5,2445,1,925,30,1053,20,868,9
10/2/2022,385,3,793,33,723,50,779,58,1725,30,1806,38,908,30,1189,3,1181,3,2064,34,2467,37,949,26,1068,7,884,8
10/3/2022,377,1,754,0,685,0,754,0,1707,3,1782,13,898,20,1188,19,1180,18,2064,10,2475,21,972,7,1093,19,907,24
10/4/2022,405,0,719,0,654,3,718,4,1686,0,1760,28,879,0,1149,3,1144,3,2040,9,2460,13,970,50,1107,4,924,0
10/5/2022,397,0,693,54,631,0,686,0,1681,35,1773,4,855,0,1125,18,1122,16,2006,38,2425,2,936,2,1101,0,923,2
10/6/2022,528,0,680,15,621,2,670,0,1697,0,1794,0,857,0,1133,0,1129,0,2002,6,2397,12,904,0,1075,0,899,0
10/7/2022,504,0,673,0,612,0,663,1,1700,0,1812,0,882,0,1144,0,1138,7,2002,7,2396,3,885,25,1052,19,874,5
10/8/2022,451,0,667,24,607,26,656,27,1692,107,1795,8,902,0,1155,2,1148,0,2013,0,2401,0,868,0,1038,2,859,7
10/9/2022,471,0,670,0,609,0,653,0,1683,0,1760,0,900,0,1141,0,1147,0,2013,0,2413,0,888,0,1035,0,854,0
10/10/2022,453,23,708,2,642,0,676,0,1679,5,1725,3,884,0,1108,0,1108,0,1987,0,2411,0,893,0,1042,20,858,32
10/11/2022,595,26,733,0,669,0,705,0,1688,0,1717,0,874,0,1075,2,1073,2,1953,12,2373,0,872,8,1039,9,857,3
10/12/2022,661,29,735,0,674,0,719,0,1705,0,1730,0,881,0,1063,0,1059,0,1928,0,2345,0,842,6,1017,12,840,5
10/13/2022,595,0,730,0,669,0,717,0,1711,0,1733,0,897,0,1067,0,1062,0,1924,0,2330,11,815,6,991,1,815,0
10/14/2022,586,1,741,0,678,0,721,0,1706,0,1723,0,906,0,1067,0,1063,0,1926,0,2332,0,806,0,974,0,794,0
10/15/2022,526,0,771,0,709,0,742,0,1708,0,1726,0,914,0,1061,0,1058,0,1922,0,2328,0,805,20,969,67,784,48
10/16/2022,499,0,822,0,752,0,783,0,1726,0,1751,0,920,0,1063,3,1060,8,1920,1,2326,0,802,0,966,10,779,0
10/17/2022,437,0,845,9,771,0,807,0,1762,0,1783,0,929,13,1080,3,1078,0,1929,29,2328,15,802,45,964,2,775,0
10/18/2022,424,0,854,0,780,1,818,0,1778,25,1797,5,937,0,1111,0,1108,0,1956,0,2349,0,812,0,964,0,774,0
10/19/2022,407,0,853,0,780,0,824,0,1783,3,1803,1,946,0,1130,0,1128,0,1980,0,2373,0,831,0,976,0,782,0
10/20/2022,395,0,828,0,757,0,814,0,1776,0,1800,0,944,0,1135,0,1130,0,1994,0,2389,0,858,0,997,0,798,0
10/21/2022,376,0,783,0,715,0,774,0,1756,0,1780,0,935,0,1133,0,1128,0,1999,0,2395,0,886,0,1015,0,816,0
10/22/2022,356,0,724,0,658,0,727,0,1719,0,1744,0,916,0,1116,0,1113,0,1990,0,2393,0,900,0,1028,0,831,0
10/23/2022,351,0,676,0,613,0,681,0,1667,0,1695,0,893,0,1081,0,1084,0,1964,0,2375,0,900,0,1031,0,841,0
10/24/2022,341,0,642,0,580,0,640,0,1622,30,1656,48,864,30,1040,0,1040,0,1922,0,2343,0,856,6,1023,22,839,18
10/25/2022,333,0,613,5,554,25,602,2,1585,7,1620,9,837,10,1018,22,1013,16,1887,17,2299,16,805,12,998,6,823,4
10/26/2022,531,1,592,2,534,0,580,0,1562,0,1600,0,808,0,980,4,976,0,1854,6,2278,17,767,0,964,35,794,7
10/27/2022,568,0,576,0,517,0,561,0,1559,0,1607,0,785,0,948,0,945,0,1837,0,2246,0,740,0,940,0,771,0
10/28/2022,461,0,563,0,505,0,548,0,1588,0,1648,0,787,0,945,0,940,0,1823,0,2218,0,720,0,914,1,743,1
10/29/2022,387,0,560,2,501,0,533,0,1620,0,1693,0,802,0,975,0,970,0,1834,0,2213,6,699,2,888,10,716,27
10/30/2022,361,0,643,0,576,0,572,0,1639,0,1721,0,821,0,1017,0,1013,0,1870,0,2238,0,682,0,870,0,697,0
10/31/2022,345,0,700,0,631,0,643,0,1679,0,1746,0,845,0,1047,0,1043,0,1908,0,2277,3,670,3,862,0,684,1
11/1/2022,334,0,694,0,629,0,665,0,1722,0,1756,0,862,0,1066,0,1061,0,1935,0,2305,0,750,0,887,0,698,0
11/2/2022,325,0,645,0,586,0,644,0,1721,0,1736,0,873,0,1079,0,1075,0,1951,0,2330,0,800,0,914,0,726,2
11/3/2022,316,0,582,0,525,0,596,0,1682,0,1686,0,862,0,1063,0,1058,0,1951,0,2337,0,840,0,935,0,751,0
11/4/2022,314,0,548,0,491,0,557,0,1631,0,1619,0,838,0,1018,0,1016,0,1923,0,2321,0,845,0,949,0,769,0
11/5/2022,306,0,530,0,472,0,535,0,1592,0,1564,0,797,0,959,0,971,0,1867,0,2279,0,800,0,949,0,774,0
11/6/2022,303,0,511,0,452,0,523,0,1565,0,1529,0,748,0,904,0,916,0,1803,0,2227,0,750,0,927,0,757,0
11/7/2022,299,0,501,0,444,0,512,0,1551,0,1504,0,718,0,863,0,875,0,1757,0,2178,0,722,0,891,0,726,0
11/8/2022,293,0,491,0,434,0,504,0,1539,0,1484,0,697,0,833,0,841,0,1717,0,2136,0,630,0,844,0,683,0
11/9/2022,288,0,484,0,427,0,496,0,1528,0,1462,0,679,0,809,0,809,0,1677,0,2107,0,576,0,799,0,640,0
11/10/2022,285,0,477,0,421,0,487,0,1520,0,1448,0,660,0,792,0,790,0,1652,0,2085,0,541,0,765,0,606,0
11/11/2022,280,0,472,0,416,0,483,0,1512,0,1440,0,636,0,780,0,775,0,1634,0,2068,0,522,0,740,0,579,0
11/12/2022,276,0,468,0,410,0,480,0,1506,0,1433,0,620,0,767,0,763,0,1621,0,2053,0,510,0,722,0,560,0
11/13/2022,274,0,465,0,408,0,474,0,1499,0,1422,0,606,0,755,0,753,0,1608,0,2042,0,498,0,705,0,545,0
11/14/2022,269,0,461,0,402,0,471,0,1492,0,1415,0,594,0,743,0,743,0,1597,0,2031,0,489,0,693,0,533,0
11/15/2022,265,0,449,0,393,0,465,0,1486,0,1406,0,586,0,737,0,736,0,1587,0,2022,0,482,0,683,0,521,0
11/16/2022,261,0,440,0,379,0,454,0,1476,0,1397,0,577,0,727,0,726,0,1578,0,2013,0,470,0,674,0,513,0
11/17/2022,259,0,429,0,372,0,445,0,1464,0,1380,0,569,0,718,0,716,0,1570,0,2004,0,461,0,665,0,504,0
11/18/2022,255,0,423,0,366,0,437,0,1452,0,1371,0,554,0,706,0,705,0,1559,0,1994,0,456,0,657,0,495,0
11/19/2022,252,0,419,0,362,0,429,0,1445,0,1361,0,540,0,695,0,697,0,1539,0,1984,0,453,0,648,0,486,0
11/20/2022,249,0,416,0,357,0,421,0,1437,0,1356,0,526,0,686,0,691,0,1528,0,1971,0,447,0,639,0,478,0
11/21/2022,246,0,411,0,352,0,414,0,1430,0,1348,0,517,0,673,0,678,0,1518,0,1961,0,435,0,630,0,469,0
11/22/2022,244,0,405,0,347,0,409,0,1423,0,1338,0,509,0,671,0,672,0,1511,0,1951,0,421,0,622,0,460,0
11/23/2022,240,0,399,0,341,0,402,0,1415,0,1331,0,501,0,668,0,668,0,1505,0,1944,0,411,0,614,0,452,0
11/24/2022,239,0,396,0,338,0,397,0,1410,0,1326,0,492,0,659,0,659,0,1498,0,1937,0,404,0,607,0,445,0
11/25/2022,237,0,394,0,334,0,391,0,1406,0,1322,0,485,0,652,0,651,0,1490,0,1931,0,400,0,603,0,439,0
11/26/2022,233,0,390,0,329,0,386,0,1401,0,1316,0,477,0,644,0,644,0,1483,0,1925,0,396,0,598,0,435,0
11/27/2022,231,0,388,0,328,0,382,0,1396,0,1310,0,470,0,641,0,640,0,1476,0,1918,0,391,0,593,0,432,2
11/28/2022,229,0,384,0,324,0,376,0,1392,0,1304,0,463,0,637,0,634,0,1472,0,1912,0,383,0,589,9,429,0
11/29/2022,228,0,376,0,316,0,369,0,1386,0,1301,0,454,0,631,0,628,0,1467,0,1907,0,377,0,584,0,426,0
11/30/2022,226,0,366,0,305,0,360,0,1379,0,1294,0,448,0,626,0,624,0,1462,0,1902,0,373,0,580,0,423,0
12/1/2022,224,0,360,0,301,0,351,0,1371,0,1285,0,441,0,620,0,617,0,1456,0,1897,0,369,0,575,0,420,0
12/2/2022,222,0,356,0,297,0,342,0,1364,0,1277,0,435,0,614,0,612,0,1451,0,1892,0,365,0,571,0,417,0
12/3/2022,220,0,352,0,292,0,336,0,1357,0,1271,0,429,0,603,0,605,0,1442,0,1886,0,362,0,568,0,414,0
12/4/2022,219,0,347,0,288,0,328,0,1351,0,1265,0,423,0,594,0,594,0,1434,0,1883,0,356,0,564,0,411,0
12/5/2022,216,0,346,0,285,0,323,0,1346,0,1259,0,418,0,588,0,589,0,1427,0,1877,0,350,0,558,0,408,0
12/6/2022,214,0,344,0,283,0,318,0,1341,0,1253,0,412,0,582,0,584,0,1419,0,1871,0,345,0,553,0,404,0
12/7/2022,213,0,339,0,280,0,313,0,1337,0,1247,0,407,0,575,0,580,0,1412,0,1866,0,341,0,549,0,400,0
12/8/2022,211,0,338,0,278,0,308,0,1333,0,1241,0,401,0,568,0,575,0,1405,0,1861,0,337,0,545,0,395,0
12/9/2022,210,0,337,0,276,0,305,0,1329,0,1237,0,395,0,565,0,571,0,1399,0,1857,0,332,0,542,0,390,0
12/10/2022,209,0,334,0,270,0,299,0,1325,0,1234,0,391,0,557,0,564,0,1391,0,1853,0,328,0,539,0,385,0
12/11/2022,207,0,328,0,266,0,294,0,1321,0,1227,0,386,0,551,0,556,0,1384,0,1848,0,324,0,535,0,381,0
12/12/2022,205,0,325,0,261,0,288,0,1317,0,1221,0,381,0,545,0,547,0,1379,0,1842,0,319,0,530,0,378,0
12/13/2022,204,0,322,0,259,0,283,0,1311,0,1217,0,377,0,542,0,543,0,1374,0,1838,0,317,0,526,0,374,0
12/14/2022,203,0,320,0,257,0,278,0,1307,0,1212,0,373,0,536,0,539,0,1368,0,1835,0,314,0,523,0,370,0
12/15/2022,201,0,316,0,256,0,274,0,1303,0,1208,0,369,0,530,0,533,0,1364,0,1831,0,312,0,519,0,366,0
12/16/2022,200,0,312,0,251,0,271,0,1299,0,1206,0,364,0,527,0,527,0,1359,0,1827,0,309,0,515,0,362,0
12/17/2022,200,0,310,0,251,0,267,0,1295,0,1204,0,360,0,524,0,525,0,1355,0,1823,0,305,0,511,0,358,0
12/18/2022,199,0,309,0,248,0,262,0,1292,0,1202,0,358,0,521,0,523,0,1352,0,1820,0,300,0,508,0,354,0
12/19/2022,198,0,307,0,248,0,259,0,1289,0,1199,0,356,0,519,0,520,0,1348,0,1817,0,296,0,504,0,351,0
12/20/2022,198,3,307,0,248,0,255,0,1286,0,1196,0,355,0,514,0,516,0,1345,0,1813,0,294,0,501,0,348,0
12/21/2022,196,0,308,0,247,0,251,0,1283,0,1195,0,353,0,511,0,513,0,1341,0,1810,2,291,0,499,0,345,0
12/22/2022,195,0,311,0,248,0,248,0,1281,0,1191,0,352,0,509,0,510,0,1338,0,1807,0,289,0,497,0,342,0
12/23/2022,194,0,310,0,245,0,248,0,1279,0,1191,0,350,0,508,0,509,0,1336,0,1804,0,288,0,496,0,340,0
12/24/2022,192,0,309,0,246,0,244,0,1276,0,1189,0,349,0,506,0,507,0,1334,0,1802,0,285,0,494,0,338,0
12/25/2022,191,0,308,0,246,0,241,0,1274,0,1187,0,348,0,505,0,506,0,1332,0,1800,0,281,0,492,0,336,0
12/26/2022,190,0,306,0,241,0,238,0,1270,0,1185,0,348,0,504,0,505,0,1330,0,1797,0,279,0,490,0,334,0
12/27/2022,190,1,305,0,240,0,234,0,1267,0,1182,0,347,0,502,0,502,0,1328,0,1795,0,278,0,488,0,332,0
12/28/2022,230,2,304,0,242,0,232,0,1264,0,1181,0,347,0,498,0,500,0,1326,0,1793,0,277,0,487,0,330,0
12/29/2022,229,0,303,0,238,0,229,0,1261,0,1181,0,346,0,495,0,496,0,1322,0,1790,0,276,0,486,0,328,0
12/30/2022,208,0,300,0,234,0,227,0,1259,0,1179,0,344,0,494,0,494,0,1320,0,1787,0,275,0,485,0,326,0
12/31/2022,190,0,293,0,230,0,223,0,1256,0,1174,0,342,0,494,0,493,0,1319,0,1785,0,273,0,483,0,324,0
1/1/2023,190,0,294,0,230,0,220,0,1253,0,1168,0,340,0,491,0,491,0,1317,0,1783,0,272,0,480,0,322,0
1/2/2023,190,0,307,0,241,0,221,0,1250,0,1165,0,339,0,487,0,487,0,1313,0,1780,0,270,0,478,0,321,0
1/3/2023,189,0,317,0,252,0,227,0,1250,0,1166,0,338,0,484,0,481,0,1308,0,1776,0,270,0,476,0,319,0
1/4/2023,186,0,310,0,245,0,228,0,1255,0,1176,0,337,0,482,0,480,0,1305,0,1772,0,268,0,475,0,317,0
1/5/2023,185,0,304,0,239,0,224,0,1254,0,1178,0,338,0,488,0,485,0,1305,0,1771,0,267,0,473,0,316,0
1/6/2023,184,0,296,0,230,0,219,0,1249,0,1173,0,344,0,492,0,490,0,1310,0,1773,0,264,0,472,0,315,0
1/7/2023,183,0,291,0,227,0,215,0,1243,0,1167,0,342,0,488,0,485,0,1314,0,1777,0,262,0,471,0,314,0
1/8/2023,182,0,287,0,222,0,212,0,1238,0,1161,0,339,0,485,0,481,0,1311,0,1775,0,267,0,474,0,314,0
1/9/2023,181,0,282,0,217,0,209,0,1234,0,1157,0,334,0,480,0,478,0,1307,0,1772,0,274,0,475,0,319,0
1/10/2023,180,0,278,0,214,0,204,0,1230,0,1151,0,332,0,476,0,477,0,1305,0,1769,0,270,0,473,0,318,0
1/11/2023,180,0,275,0,209,0,200,0,1226,0,1146,0,330,0,473,0,474,0,1299,0,1766,0,266,0,472,0,317,0
1/12/2023,179,0,272,0,206,0,196,0,1222,0,1141,0,329,0,469,0,471,0,1294,0,1762,0,262,0,470,0,315,0
1/13/2023,178,0,271,0,205,0,192,0,1218,0,1137,0,327,0,462,0,468,0,1288,0,1758,0,258,0,468,0,313,0
1/14/2023,177,0,270,0,205,0,190,0,1215,0,1134,0,326,0,458,0,467,0,1284,0,1754,0,254,0,466,0,310,0
1/15/2023,176,0,269,0,204,0,188,0,1212,0,1132,0,324,0,456,0,465,0,1279,0,1750,0,249,0,462,0,307,0
1/16/2023,179,0,268,0,203,0,187,0,1211,0,1130,0,323,0,454,0,464,0,1277,0,1747,0,245,0,458,0,305,0
1/17/2023,179,0,267,0,203,0,186,0,1209,0,1129,0,322,0,451,0,462,0,1275,0,1745,0,241,0,456,0,302,0
1/18/2023,178,0,266,0,200,0,185,0,1206,0,1125,0,321,0,450,0,461,0,1272,0,1743,0,236,0,453,0,300,0
1/19/2023,182,0,265,0,201,0,184,0,1205,0,1123,0,320,0,448,0,459,0,1270,0,1741,0,232,0,451,0,298,0
1/20/2023,180,0,264,0,199,0,183,0,1203,0,1122,0,318,0,446,0,458,0,1268,0,1739,0,228,0,449,0,296,0
1/21/2023,176,0,267,0,201,0,183,0,1201,0,1121,0,317,0,446,0,458,0,1266,0,1737,0,226,0,447,0,294,0
1/22/2023,173,0,269,0,201,0,185,0,1201,0,1119,0,316,0,444,0,456,0,1265,0,1736,0,224,0,446,0,292,0
1/23/2023,171,0,266,0,200,0,183,0,1203,0,1120,0,314,0,439,0,453,0,1263,0,1735,0,223,0,445,0,290,0
1/24/2023,170,0,264,0,197,0,179,0,1201,0,1120,0,313,0,437,0,449,0,1261,0,1734,0,222,0,444,0,288,0
1/25/2023,169,0,261,0,195,0,177,0,1199,0,1116,0,313,0,436,0,447,0,1260,0,1732,0,221,0,443,0,287,0
1/26/2023,168,0,256,0,190,0,176,0,1196,0,1113,0,313,0,436,0,447,0,1259,0,1731,0,220,0,442,0,285,0
1/27/2023,168,0,251,0,185,0,173,0,1193,0,1109,0,311,0,431,0,445,0,1258,0,1730,0,219,0,441,0,284,0
1/28/2023,167,0,249,0,182,0,171,0,1190,0,1105,0,310,0,427,0,441,0,1257,0,1729,0,218,0,440,0,283,0
1/29/2023,167,0,248,0,181,0,168,0,1186,0,1102,0,310,0,425,0,438,0,1254,0,1727,0,217,0,439,0,282,0
1/30/2023,167,0,246,0,179,0,167,0,1184,0,1098,0,309,0,422,0,435,0,1250,0,1724,0,216,0,437,0,281,0
1/31/2023,166,0,245,0,178,0,165,0,1182,0,1097,0,308,0,419,0,432,0,1247,0,1721,0,215,0,435,0,280,0
2/1/2023,166,0,244,0,177,0,164,0,1181,0,1094,0,307,0,415,0,428,0,1244,0,1718,0,214,0,433,0,279,0
2/2/2023,166,0,243,0,178,0,164,0,1180,0,1093,0,306,0,413,0,426,0,1241,0,1715,0,214,0,430,0,278,0
2/3/2023,166,0,242,0,177,0,163,0,1179,0,1091,0,306,0,412,0,423,0,1239,0,1713,0,212,0,427,0,277,0
2/4/2023,166,0,242,0,176,0,163,0,1178,0,1090,0,304,0,410,0,421,0,1237,0,1712,0,211,0,425,0,276,0
2/5/2023,164,0,241,0,175,0,162,0,1177,0,1090,0,303,0,408,0,418,0,1235,0,1710,0,210,0,423,0,275,0
2/6/2023,162,0,239,0,174,0,161,0,1176,0,1088,0,303,0,405,0,416,0,1233,0,1708,0,209,0,421,0,274,0
2/7/2023,161,0,238,0,173,0,159,0,1174,0,1086,0,302,0,405,0,415,0,1232,0,1706,0,208,0,419,0,273,0
2/8/2023,160,0,235,0,170,0,158,0,1172,0,1083,0,302,0,404,0,414,0,1231,0,1705,0,207,0,417,0,271,0
2/9/2023,160,0,235,0,167,0,156,0,1169,0,1080,0,301,0,403,0,413,0,1230,0,1704,0,206,0,415,0,270,0
2/10/2023,170,0,235,0,166,0,154,0,1167,0,1075,0,300,0,400,0,411,0,1229,0,1703,0,205,0,414,0,268,0
2/11/2023,169,0,234,0,166,0,153,0,1165,0,1071,0,300,0,394,0,407,0,1227,0,1701,0,204,0,413,0,267,0
2/12/2023,167,0,238,0,166,0,154,0,1164,0,1069,0,299,0,391,0,403,0,1223,0,1699,0,203,0,411,0,265,0
2/13/2023,166,0,235,0,167,0,154,0,1163,0,1071,0,299,0,389,0,401,0,1219,0,1696,0,202,0,408,0,263,0
2/14/2023,165,0,235,0,166,0,153,0,1163,0,1072,0,298,0,389,0,398,0,1215,0,1693,0,201,0,404,0,262,0
2/15/2023,187,0,237,0,165,0,152,0,1162,0,1071,0,298,0,389,0,397,0,1214,0,1691,0,200,0,400,0,261,0
2/16/2023,176,0,235,0,164,0,151,0,1161,0,1071,0,297,0,389,0,396,0,1216,0,1690,0,199,0,397,0,259,0
2/17/2023,169,0,233,0,163,0,150,0,1160,0,1070,0,296,0,388,0,396,0,1217,0,1689,0,198,3,395,5,256,0
2/18/2023,170,0,229,0,162,0,149,0,1159,0,1069,0,296,0,387,0,395,0,1215,0,1688,0,198,5,393,21,254,14
2/19/2023,170,0,225,0,161,0,148,0,1158,0,1066,0,295,0,387,0,395,0,1213,0,1686,0,198,0,391,0,252,0
2/20/2023,167,0,228,0,162,0,146,0,1157,0,1058,0,295,0,383,0,392,0,1211,0,1685,0,197,0,389,0,250,0
2/21/2023,166,0,235,0,164,0,145,0,1156,0,1053,0,294,0,381,0,391,0,1209,0,1683,0,196,0,387,0,249,0
2/22/2023,168,0,236,0,166,0,146,0,1156,0,1056,0,294,0,373,0,385,0,1206,0,1682,0,195,0,385,0,248,0
2/23/2023,168,0,234,0,164,0,145,0,1158,0,1062,0,295,0,369,0,383,0,1202,0,1680,0,194,0,384,0,247,0
2/24/2023,290,0,232,0,163,0,144,0,1156,0,1065,0,301,0,371,0,384,0,1200,0,1678,0,193,0,382,0,246,0
2/25/2023,277,0,231,0,164,0,143,0,1154,0,1062,0,304,0,374,0,386,0,1203,0,1677,0,192,0,380,0,245,0
2/26/2023,241,0,232,0,163,0,142,0,1153,0,1062,0,305,0,378,0,388,0,1208,0,1679,0,191,0,378,0,244,0
2/27/2023,200,4,233,0,166,0,141,0,1153,0,1066,0,304,0,380,0,389,0,1208,0,1683,0,190,0,377,0,243,0
2/28/2023,189,0,238,0,171,0,144,0,1157,0,1062,0,302,0,381,0,391,0,1209,0,1683,0,189,0,376,0,242,0
3/1/2023,186,0,279,0,215,0,161,0,1161,0,1063,0,301,0,381,0,392,0,1210,0,1684,0,188,0,375,0,241,0
3/2/2023,186,0,312,0,249,0,199,0,1182,0,1072,0,301,0,381,0,393,0,1209,0,1684,0,189,0,373,0,240,0
3/3/2023,177,0,309,0,248,0,212,0,1210,0,1103,0,307,0,382,0,397,0,1210,0,1683,0,190,0,372,0,239,0
3/4/2023,174,0,289,0,226,0,200,0,1209,0,1125,0,320,0,390,0,406,0,1214,0,1686,0,191,0,371,0,238,0
3/5/2023,173,0,274,0,210,0,187,0,1193,0,1118,0,330,0,404,0,419,0,1232,0,1691,0,192,0,372,0,238,0
3/6/2023,170,0,260,0,195,0,178,0,1181,0,1105,0,328,0,414,0,430,0,1256,0,1705,0,194,0,373,0,238,0
3/7/2023,170,0,255,0,194,0,171,0,1172,0,1091,0,321,0,408,0,424,0,1260,0,1722,0,198,0,375,0,240,0
3/8/2023,170,0,250,0,187,0,169,0,1168,0,1082,0,315,0,401,0,417,0,1251,0,1724,0,204,0,383,0,245,0
3/9/2023,180,0,246,0,181,0,167,0,1163,0,1080,0,312,0,397,0,409,0,1239,0,1719,0,210,0,388,0,251,0
3/10/2023,175,0,242,0,184,0,164,0,1159,0,1076,0,310,0,394,0,404,0,1229,0,1712,0,207,0,390,0,255,0
3/11/2023,176,0,241,0,183,0,165,0,1155,0,1072,0,308,0,390,0,402,0,1223,0,1704,0,202,0,384,0,253,0
3/12/2023,176,0,241,0,177,0,164,0,1154,0,1071,0,305,0,387,0,399,0,1219,0,1698,0,196,0,376,0,246,0
3/13/2023,174,0,244,0,179,0,162,0,1153,0,1070,0,304,0,385,0,397,0,1214,0,1694,0,188,0,368,9,241,0
3/14/2023,173,0,246,0,180,0,162,0,1152,0,1068,0,302,0,382,0,395,0,1212,0,1691,0,181,0,360,30,234,53
3/15/2023,176,0,245,0,181,0,161,0,1152,0,1067,0,301,0,380,0,394,0,1210,0,1689,0,173,0,353,0,229,0
3/16/2023,173,0,247,2,185,6,160,5,1152,0,1067,0,300,0,380,0,393,0,1210,0,1686,0,167,0,347,0,224,0
3/17/2023,183,0,246,0,186,0,162,0,1153,0,1067,0,299,0,379,0,392,0,1208,0,1684,0,162,0,343,0,219,0
3/18/2023,185,0,244,0,183,0,160,0,1151,0,1070,0,297,0,379,0,391,0,1208,3,1682,0,158,0,339,0,215,0
3/19/2023,180,0,239,0,174,0,157,0,1149,0,1070,0,297,0,380,0,391,0,1208,0,1681,0,154,0,336,0,214,0
3/20/2023,171,1,236,0,169,0,154,0,1145,0,1066,0,296,0,381,0,390,0,1208,0,1680,0,152,0,335,0,212,0
3/21/2023,237,10,240,0,178,0,153,0,1143,0,1061,0,294,0,381,0,390,0,1209,0,1680,0,152,0,333,0,210,0
3/22/2023,339,3,242,0,176,0,155,0,1143,0,1059,0,293,0,379,0,389,0,1208,0,1679,0,152,0,333,0,209,0
3/23/2023,308,0,248,1,185,0,156,0,1145,0,1063,0,292,0,375,0,388,0,1203,0,1678,0,152,0,333,0,209,0
3/24/2023,329,0,252,0,190,0,163,0,1151,0,1065,0,295,0,371,0,384,0,1201,0,1675,0,151,0,332,0,209,0
3/25/2023,287,0,261,0,205,0,168,0,1156,0,1071,0,298,0,371,0,386,0,1202,0,1675,0,150,0,331,0,208,0
3/26/2023,248,0,290,0,224,0,178,0,1162,0,1079,0,299,0,371,0,387,0,1203,0,1676,0,149,0,330,0,207,0
3/27/2023,219,0,353,0,281,0,217,0,1172,0,1088,0,305,0,379,0,394,0,1206,0,1677,0,146,0,329,0,206,0
3/28/2023,223,0,385,0,319,0,262,0,1202,0,1120,0,323,0,395,0,407,0,1213,0,1682,0,145,0,328,0,206,0
3/29/2023,282,0,388,0,327,0,290,0,1235,0,1164,0,345,0,413,0,423,0,1221,0,1689,0,143,0,327,0,205,0
3/30/2023,262,0,364,0,305,0,284,0,1251,0,1188,0,369,0,433,0,435,0,1245,0,1698,0,150,0,329,0,206,0
3/31/2023,229,3,337,0,279,0,267,0,1246,0,1181,0,389,0,468,0,469,0,1286,0,1719,0,162,0,335,0,208,0
4/1/2023,212,0,311,0,250,0,250,0,1231,0,1165,0,389,0,490,0,492,0,1314,0,1752,0,209,0,344,0,212,0
4/2/2023,203,10,302,0,242,0,227,0,1214,0,1146,0,381,0,488,0,490,0,1320,0,1777,0,267,0,366,0,229,0
4/3/2023,277,2,315,0,246,0,230,0,1197,0,1125,0,370,0,474,3,478,0,1308,0,1786,0,282,0,392,0,253,0
4/4/2023,352,0,318,0,254,0,241,0,1193,0,1124,0,362,0,462,0,466,0,1291,0,1780,0,290,0,405,0,268,0
4/5/2023,317,0,307,0,245,0,240,0,1196,0,1134,0,358,0,456,0,458,0,1275,0,1768,0,270,0,404,0,271,0
4/6/2023,285,0,300,0,238,0,228,0,1191,0,1137,0,355,0,456,0,458,0,1269,0,1752,0,233,0,397,0,264,0
4/7/2023,301,0,289,0,226,0,219,0,1181,0,1126,0,356,0,455,0,458,0,1269,0,1746,0,205,0,388,0,256,0
4/8/2023,261,0,324,0,255,0,224,0,1172,0,1114,0,354,0,454,0,456,0,1271,0,1743,0,196,0,379,0,248,0
4/9/2023,244,0,374,0,304,0,264,0,1172,0,1112,0,350,0,446,0,450,0,1268,0,1739,0,192,0,373,0,241,0
4/10/2023,228,0,377,0,312,0,288,0,1198,0,1149,0,348,0,441,0,445,0,1259,0,1733,0,188,0,369,0,237,0
4/11/2023,225,0,365,0,302,0,282,0,1215,0,1172,0,369,0,456,0,458,0,1257,0,1726,0,184,0,366,0,233,0
4/12/2023,222,0,355,0,294,0,267,0,1211,0,1175,0,392,0,485,0,487,0,1277,0,1726,0,179,0,362,0,230,0
4/13/2023,218,0,339,0,277,0,260,0,1198,0,1167,0,402,0,495,0,497,0,1303,0,1737,0,176,0,358,0,227,0
4/14/2023,218,0,322,0,257,0,245,0,1185,0,1160,0,400,0,494,0,495,0,1314,0,1756,0,192,0,359,0,225,0
4/15/2023,216,0,307,0,244,0,230,0,1176,0,1146,0,393,0,486,0,488,0,1311,0,1764,0,213,0,367,0,232,0
4/16/2023,217,0,301,0,238,0,220,0,1164,0,1134,0,383,0,477,0,479,0,1303,0,1761,0,234,0,382,0,246,0
4/17/2023,227,0,294,0,229,0,212,0,1155,0,1125,0,370,0,466,0,468,0,1290,0,1753,0,231,0,395,0,254,0
4/18/2023,250,4,289,0,223,0,205,0,1148,0,1120,0,360,0,458,0,459,0,1278,0,1743,0,206,0,388,0,254,0
4/19/2023,248,0,286,0,221,0,198,0,1143,0,1114,0,353,0,451,0,450,0,1269,0,1734,0,189,0,379,0,242,0
4/20/2023,226,0,284,0,219,0,195,0,1139,0,1109,0,347,0,444,0,442,0,1261,0,1725,0,178,0,369,0,233,0
4/21/2023,242,0,280,0,215,0,191,6,1135,0,1105,0,343,0,440,1,438,0,1254,0,1717,0,168,0,360,0,224,0
4/22/2023,240,0,279,6,214,3,189,5,1131,0,1101,0,338,0,434,0,432,0,1247,0,1710,0,158,0,351,0,216,0
4/23/2023,295,2,293,0,225,0,194,1,1129,4,1099,2,334,0,429,0,427,0,1244,0,1703,0,149,0,343,0,211,0
4/24/2023,271,18,299,23,232,21,197,0,1131,9,1102,5,331,0,423,0,423,0,1237,0,1698,0,143,0,338,0,206,0
4/25/2023,260,0,294,0,231,0,201,0,1135,0,1107,0,334,0,423,0,421,0,1232,0,1693,0,139,0,333,0,202,0
4/26/2023,272,0,291,0,225,0,199,0,1135,0,1108,0,339,0,426,0,425,0,1231,0,1689,0,135,0,328,0,199,0
4/27/2023,240,0,303,0,235,0,200,0,1130,0,1105,0,340,0,432,0,432,0,1236,0,1689,0,131,0,325,0,196,0
4/28/2023,235,0,323,0,255,0,212,0,1132,0,1101,0,337,0,432,0,431,0,1239,0,1692,0,127,0,322,0,193,0
4/29/2023,221,0,325,0,260,0,223,0,1137,0,1116,0,335,0,428,0,427,0,1238,0,1697,0,127,0,321,0,192,0
4/30/2023,220,0,323,0,256,0,220,0,1143,0,1126,0,338,0,433,0,430,0,1237,0,1696,0,127,0,321,0,191,0
5/1/2023,208,0,320,0,251,0,217,0,1141,0,1128,0,344,0,447,0,439,0,1242,0,1696,0,127,0,321,0,191,0
5/2/2023,207,0,312,1,245,0,211,0,1137,1,1126,0,347,0,450,10,446,0,1254,0,1701,0,130,0,321,0,191,0
5/3/2023,244,1,302,0,234,0,204,0,1130,0,1121,0,343,0,448,0,445,0,1257,1,1709,0,144,0,324,0,192,0
5/4/2023,345,0,290,1,220,0,199,0,1123,0,1116,0,336,0,446,0,443,0,1254,0,1713,0,155,0,330,0,194,0
5/5/2023,306,0,285,0,217,0,194,0,1114,0,1107,0,330,0,444,0,439,0,1252,0,1710,0,164,0,335,0,199,0
5/6/2023,264,0,280,0,212,0,190,0,1110,0,1104,0,321,0,438,0,438,0,1249,0,1707,0,165,0,337,0,203,0
5/7/2023,327,0,277,0,211,0,187,0,1106,0,1103,0,317,0,429,0,433,0,1242,0,1703,0,163,0,337,0,204,0
5/8/2023,264,0,314,0,233,0,197,0,1103,0,1099,0,314,0,427,0,428,0,1237,0,1696,0,159,0,333,0,202,0
5/9/2023,238,0,358,0,285,0,238,0,1109,0,1099,0,310,0,430,0,430,0,1233,0,1692,0,154,0,329,0,199,0
5/10/2023,228,0,364,3,294,0,252,0,1119,0,1128,0,309,0,425,0,425,0,1234,1,1689,0,149,0,326,0,196,0
5/11/2023,227,0,356,0,288,0,253,0,1135,0,1161,0,319,0,444,0,439,9,1234,0,1687,0,145,0,323,0,193,11
5/12/2023,226,0,358,0,289,0,250,0,1136,15,1164,10,344,0,470,0,462,0,1251,0,1693,0,143,0,321,2,191,2
5/13/2023,224,0,344,46,279,32,247,54,1136,70,1177,161,355,69,483,0,472,0,1280,12,1709,11,145,5,321,1,189,0
5/14/2023,210,2,330,25,267,24,244,21,1134,53,1182,110,376,218,526,146,517,143,1325,27,1736,30,156,49,330,38,191,49
5/15/2023,204,26,316,31,252,22,241,27,1152,58,1266,129,483,144,753,45,731,17,1490,12,1797,33,172,50,348,84,206,11
5/16/2023,367,11,344,0,279,0,237,0,1173,0,1342,0,531,0,701,0,683,0,1698,3,2100,2,298,17,373,15,228,16
5/17/2023,391,13,324,0,259,0,236,0,1207,0,1310,0,553,0,610,0,603,0,1579,8,2075,5,508,0,557,0,393,0
5/18/2023,355,0,308,0,239,0,228,0,1177,1,1269,0,527,0,573,0,568,0,1526,0,1960,0,428,0,626,0,470,0
5/19/2023,294,9,299,0,227,0,221,0,1156,0,1261,0,491,0,504,0,509,0,1487,0,1909,0,358,0,591,0,450,0
5/20/2023,274,0,317,0,240,0,221,0,1150,0,1258,0,470,0,486,0,488,0,1449,0,1874,0,318,0,556,0,408,0
5/21/2023,325,0,400,0,330,0,299,0,1150,0,1218,0,454,0,481,0,483,0,1438,0,1844,0,290,0,527,0,381,0
5/22/2023,327,0,447,0,374,0,356,0,1195,0,1217,0,442,0,450,0,457,0,1422,0,1831,0,276,0,507,0,360,0
5/23/2023,283,0,433,0,363,0,355,0,1234,0,1258,0,454,0,434,0,444,0,1390,0,1814,0,266,0,497,0,350,0
5/24/2023,264,0,401,0,333,0,341,0,1237,0,1264,0,465,0,473,0,478,0,1387,0,1794,0,258,0,489,3,343,0
5/25/2023,253,2,383,24,314,7,330,3,1223,0,1244,0,476,0,490,0,493,0,1408,0,1794,0,253,0,480,0,335,0
5/26/2023,250,7,401,0,328,0,330,0,1210,0,1221,0,471,0,488,0,491,0,1415,0,1811,0,251,3,475,0,325,0
5/27/2023,267,3,409,5,340,6,342,0,1207,0,1216,0,463,0,478,0,484,0,1402,0,1817,0,262,0,479,0,327,0
5/28/2023,305,0,389,0,314,0,352,0,1213,0,1228,0,457,0,465,19,470,36,1384,0,1806,0,274,5,491,0,340,0
5/29/2023,295,0,370,0,305,0,349,0,1218,0,1228,0,468,0,472,0,475,0,1375,0,1792,0,272,0,491,0,345,0
5/30/2023,262,0,358,0,292,0,335,0,1207,0,1210,0,476,0,480,5,481,2,1379,12,1787,3,264,2,484,0,337,2
5/31/2023,254,0,354,0,286,0,321,0,1190,0,1196,0,480,26,478,0,479,0,1377,0,1791,0,257,0,479,0,331,0
6/1/2023,255,0,360,0,291,0,320,0,1180,0,1188,0,460,0,478,5,479,7,1372,74,1787,1,258,25,480,10,331,21
6/2/2023,251,0,374,0,304,0,335,0,1178,0,1183,0,451,0,469,0,465,0,1352,0,1781,0,254,0,477,0,329,5
6/3/2023,266,0,380,22,315,65,375,50,1188,0,1192,0,450,0,467,14,461,21,1377,0,1766,1,250,5,474,7,326,3
6/4/2023,269,0,362,0,299,0,377,3,1204,0,1203,17,458,65,479,16,473,0,1335,0,1756,0,245,8,470,0,323,0
6/5/2023,246,0,351,0,290,0,365,0,1198,0,1200,0,481,0,505,0,492,0,1340,0,1754,3,241,15,466,26,319,26
6/6/2023,259,0,345,0,280,0,361,0,1185,0,1188,0,469,0,510,0,501,0,1356,3,1760,0,243,18,463,2,315,4
6/7/2023,244,0,339,0,270,0,355,0,1178,7,1181,6,460,0,506,2,497,3,1352,19,1775,0,250,19,466,8,317,7
6/8/2023,247,0,347,43,280,30,343,2,1171,9,1177,10,453,5,502,19,492,9,1339,0,1771,5,257,8,478,12,326,9
6/9/2023,250,118,351,37,282,1,341,28,1166,20,1174,15,448,0,507,5,492,0,1331,0,1766,0,255,0,482,5,332,7
6/10/2023,266,5,341,0,276,0,333,2,1166,3,1175,4,444,4,505,7,488,10,1331,1,1762,3,249,9,479,40,330,10
6/11/2023,463,0,340,0,273,0,318,0,1168,0,1177,0,442,0,516,3,497,2,1332,18,1761,0,248,0,475,0,326,7
6/12/2023,578,12,338,0,268,0,310,0,1168,0,1176,0,444,0,515,2,497,0,1333,10,1763,5,248,0,471,1,323,28
6/13/2023,597,5,341,0,273,0,309,0,1165,0,1177,0,442,0,511,27,493,26,1334,0,1764,27,249,30,469,96,321,2
6/14/2023,582,23,351,0,281,0,312,3,1165,34,1188,6,443,3,511,9,493,3,1328,7,1762,1,249,0,468,7,321,6
6/15/2023,626,14,425,0,338,0,330,0,1176,0,1193,0,447,0,513,2,496,1,1325,22,1760,20,249,35,468,38,321,34
6/16/2023,796,11,561,0,479,0,412,0,1203,0,1211,0,452,0,516,0,499,4,1332,0,1764,0,254,0,472,4,323,25
6/17/2023,752,16,638,0,562,0,503,0,1306,0,1322,4,471,0,541,0,524,0,1335,0,1772,0,258,0,476,2,328,9
6/18/2023,704,2,683,0,607,0,596,0,1427,0,1433,0,540,0,626,0,603,13,1366,0,1788,2,262,30,479,49,332,19
6/19/2023,626,7,726,0,648,0,628,0,1509,0,1512,0,611,0,734,0,714,0,1470,0,1828,9,266,0,481,0,334,36
6/20/2023,603,24,773,4,691,9,682,0,1567,0,1594,0,674,0,813,3,802,25,1582,0,1924,10,279,0,497,21,348,26
6/21/2023,688,54,803,0,724,0,719,0,1613,0,1656,0,729,0,893,0,878,0,1673,0,2050,2,404,45,570,50,411,21
6/22/2023,732,17,826,0,745,0,750,0,1647,0,1690,0,757,0,955,0,943,2,1751,0,2138,10,535,0,668,16,503,5
6/23/2023,802,4,839,0,757,0,765,0,1665,0,1705,0,771,0,996,10,985,10,1811,50,2207,15,642,20,747,19,577,2
6/24/2023,747,16,844,0,762,0,766,0,1672,0,1709,0,781,0,1015,20,1005,11,1842,3,2243,0,717,0,811,12,637,20
6/25/2023,614,0,850,6,768,10,767,0,1672,0,1710,0,784,0,1026,0,1012,2,1863,2,2270,6,771,0,854,14,682,17
6/26/2023,530,0,865,0,781,0,780,0,1673,0,1711,0,781,0,1030,0,1015,5,1872,0,2278,0,797,15,884,25,715,58
6/27/2023,484,15,888,0,801,0,800,0,1689,0,1718,0,785,0,1033,0,1020,0,1875,2,2283,0,805,20,890,6,728,12
6/28/2023,469,2,913,0,826,0,820,5,1720,1,1747,0,801,0,1041,0,1026,0,1878,0,2285,0,808,7,894,0,732,10
6/29/2023,536,41,934,0,847,0,850,0,1738,0,1782,0,822,0,1071,5,1055,3,1895,0,2295,17,812,25,897,24,735,0
6/30/2023,564,12,938,0,852,0,858,0,1758,0,1802,0,836,0,1100,0,1087,0,1928,0,2320,24,821,0,906,13,740,6
7/1/2023,546,0,914,28,835,2,852,0,1763,0,1806,0,844,0,1123,0,1107,0,1957,0,2350,0,831,0,928,0,754,0
7/2/2023,530,10,873,0,791,7,820,0,1743,0,1792,0,845,0,1131,0,1117,2,1974,0,2371,0,855,0,957,0,770,0
7/3/2023,552,17,834,0,753,0,778,0,1705,0,1755,0,839,0,1118,0,1108,0,1974,0,2376,0,873,0,981,0,789,0
7/4/2023,560,0,808,0,727,9,740,2,1665,31,1722,0,816,0,1090,0,1080,0,1951,0,2362,5,871,20,991,20,798,9
7/5/2023,559,20,800,0,715,0,723,0,1641,0,1700,0,783,0,1063,0,1059,0,1921,0,2339,0,854,0,988,14,798,15
7/6/2023,696,11,794,0,709,0,718,0,1629,1,1692,2,756,0,1041,7,1037,9,1894,9,2311,12,836,20,973,16,784,29
7/7/2023,706,0,797,0,713,0,717,3,1624,0,1688,0,730,5,1026,0,1022,0,1874,1,2290,37,814,0,955,34,766,3
7/8/2023,724,5,812,0,725,0,724,5,1623,0,1686,0,720,0,1021,0,1014,0,1863,1,2275,0,792,0,932,0,743,0
7/9/2023,685,27,831,0,744,0,735,0,1630,0,1690,0,718,0,1016,2,1009,0,1858,0,2267,0,773,0,918,2,721,0
7/10/2023,657,32,858,1,768,0,756,2,1652,0,1710,0,722,0,1021,0,1013,0,1856,0,2263,0,759,0,904,0,708,0
7/11/2023,627,42,887,1,798,13,790,0,1695,0,1748,0,733,5,1040,0,1034,6,1866,0,2268,0,754,20,899,4,697,9
7/12/2023,689,6,908,0,821,0,820,0,1743,0,1814,0,755,0,1077,0,1072,0,1890,0,2285,21,761,15,901,2,697,3
7/13/2023,766,12,931,0,842,0,851,0,1776,0,1862,0,790,0,1138,0,1135,0,1943,3,2325,0,778,18,915,16,706,9
7/14/2023,765,16,951,28,863,33,882,30,1815,0,1894,0,831,0,1191,0,1188,0,2004,25,2383,6,807,0,946,21,732,19
7/15/2023,669,6,961,4,872,8,898,7,1846,3,1919,1,863,2,1233,0,1229,0,2052,2,2435,25,855,43,995,10,778,11
7/16/2023,627,21,966,0,878,0,906,0,1872,0,1930,0,888,0,1261,9,1258,0,2088,20,2474,1,904,15,1045,3,826,24
7/17/2023,673,2,976,0,887,0,908,2,1897,0,1944,0,904,25,1279,9,1278,5,2117,0,2503,1,955,9,1088,1,870,2
7/18/2023,605,0,988,0,899,0,915,0,1923,30,1966,1,922,0,1300,0,1296,0,2137,0,2524,0,990,6,1114,8,899,0
7/19/2023,498,0,1002,0,911,0,923,17,1946,0,1982,0,932,0,1321,0,1316,0,2157,0,2543,0,1010,0,1133,0,917,0
7/20/2023,470,132,1009,3,919,0,945,0,1965,0,1998,0,939,0,1343,0,1335,0,2178,0,2562,0,1026,12,1149,0,935,0
7/21/2023,514,1,1011,0,923,0,955,2,1982,21,2010,15,953,2,1362,5,1354,1,2200,0,2581,77,1044,35,1172,3,955,8
7/22/2023,529,3,1008,0,929,0,957,0,1995,4,2019,0,962,0,1380,0,1374,0,2219,0,2601,0,1061,0,1188,15,975,0
7/23/2023,492,2,992,10,907,6,949,28,2005,13,2028,70,966,9,1397,1,1395,0,2238,0,2620,1,1077,0,1205,7,990,2
7/24/2023,465,5,961,10,877,7,940,7,2003,2,2030,0,968,0,1410,1,1409,4,2253,0,2634,0,1092,0,1220,0,1007,3
7/25/2023,505,4,922,6,839,5,910,4,1987,1,2019,0,961,4,1415,0,1414,0,2263,0,2644,0,1104,8,1232,4,1023,4
7/26/2023,516,0,888,0,806,0,875,0,1953,1,1989,0,943,0,1405,0,1404,0,2258,2,2644,49,1116,0,1242,2,1036,9
7/27/2023,526,13,855,0,775,0,852,0,1903,0,1938,0,910,0,1375,0,1369,0,2237,0,2630,4,1113,0,1248,18,1044,2
7/28/2023,506,3,818,0,741,0,796,0,1850,0,1882,0,863,0,1326,0,1317,0,2195,0,2597,0,1107,2,1245,4,1040,13
7/29/2023,493,6,803,0,719,0,756,0,1806,0,1830,0,794,0,1263,0,1258,0,2139,0,2552,2,1093,0,1224,16,1021,11
7/30/2023,566,9,807,15,722,10,732,0,1782,0,1802,0,738,0,1201,0,1197,0,2079,0,2498,0,1070,20,1197,85,993,31
7/31/2023,520,2,821,24,735,0,743,3,1774,1,1791,0,691,3,1163,1,1156,0,2019,1,2446,1,1013,0,1158,39,953,17
8/1/2023,497,44,838,0,749,0,766,0,1779,9,1795,7,671,7,1144,4,1134,3,1986,6,2409,12,945,35,1117,13,916,19
8/2/2023,538,50,850,1,765,0,784,0,1796,0,1815,0,675,6,1141,3,1132,2,1973,17,2399,29,908,50,1087,19,888,32
8/3/2023,553,41,866,0,779,0,795,0,1816,1,1834,0,685,0,1155,4,1147,1,1980,10,2405,20,894,32,1078,36,876,5
8/4/2023,579,3,875,5,788,7,813,0,1829,0,1849,0,702,0,1178,2,1168,3,2002,1,2425,3,896,0,1077,21,874,0
8/5/2023,631,27,877,1,792,1,820,0,1833,0,1855,0,712,0,1191,1,1181,0,2021,4,2439,0,936,0,1087,2,880,2
8/6/2023,750,52,887,0,799,0,827,0,1832,0,1854,0,717,0,1200,0,1189,0,2034,0,2448,0,944,0,1092,2,886,5
8/7/2023,734,8,897,0,809,0,830,0,1824,0,1843,0,713,0,1198,0,1188,0,2041,0,2452,0,948,0,1096,0,890,0
8/8/2023,810,3,909,0,820,0,837,0,1830,0,1847,0,703,0,1193,3,1182,1,2036,5,2451,33,952,0,1101,13,892,4
8/9/2023,714,25,958,0,836,0,850,0,1857,0,1869,0,706,0,1200,0,1190,0,2037,0,2459,1,953,0,1105,28,897,63
8/10/2023,667,10,951,0,859,0,875,33,1893,0,1901,0,723,0,1220,0,1206,0,2055,2,2471,9,957,35,1112,28,902,25
8/11/2023,677,2,981,0,890,0,903,0,1926,16,1934,1,748,3,1253,25,1236,14,2084,0,2483,0,964,0,1116,13,906,23
8/12/2023,654,57,1016,0,921,0,935,0,1956,0,1973,0,775,0,1293,6,1316,0,2118,0,2506,0,973,0,1121,3,910,0
8/13/2023,810,11,1047,0,955,0,965,0,1986,4,2001,0,800,0,1331,1,1349,29,2159,0,2538,0,987,0,1133,3,921,16
8/14/2023,720,0,1075,0,982,0,995,0,2010,0,2023,0,816,0,1368,12,1381,9,2197,0,2573,1,1006,0,1156,0,943,3
8/15/2023,656,21,1092,0,999,0,1011,0,2030,0,2045,0,826,0,1400,0,1412,0,2232,0,2605,0,1037,5,1184,3,971,0
8/16/2023,659,5,1105,0,1011,0,1020,2,2043,0,2059,0,839,0,1428,0,1437,0,2264,0,2635,3,1090,55,1211,2,1001,23
8/17/2023,630,2,1111,1,1018,0,1034,15,2057,0,2074,4,846,1,1452,0,1458,0,2289,0,2661,0,1127,30,1235,0,1025,0
8/18/2023,561,4,1109,0,1016,0,1037,2,2071,0,2088,0,861,0,1475,4,1474,10,2310,0,2681,0,1152,25,1257,20,1051,88
8/19/2023,536,0,1109,0,1015,0,1039,0,2082,3,2101,0,891,0,1493,15,1492,30,2330,0,2701,4,1172,5,1274,0,1072,1
8/20/2023,632,21,1108,0,1015,0,1039,0,2090,0,2107,0,906,0,1509,0,1510,0,2347,0,2716,0,1182,0,1288,0,1088,0
8/21/2023,625,2,1105,106,1015,35,1039,48,2090,2,2108,2,913,0,1523,0,1520,0,2360,0,2727,0,1190,0,1298,0,1101,0
8/22/2023,629,30,1092,6,1011,0,1037,30,2083,1,2103,0,918,0,1527,13,1523,12,2370,0,2738,0,1198,17,1307,1,1110,50
8/23/2023,653,9,1082,30,994,30,1023,6,2069,0,2092,0,915,0,1529,4,1523,0,2373,1,2743,51,1203,15,1316,15,1119,1
8/24/2023,625,19,1060,0,976,0,1015,0,2051,0,2077,0,910,0,1517,0,1513,2,2367,11,2740,2,1207,25,1321,2,1127,13
8/25/2023,672,13,1041,0,956,0,1005,1,2033,0,2060,0,899,0,1500,0,1495,0,2354,0,2730,0,1204,15,1322,15,1128,20
8/26/2023,767,22,1031,0,944,0,994,0,2016,0,2047,0,886,0,1475,0,1473,0,2330,3,2714,0,1193,0,1320,50,1128,62
8/27/2023,797,0,1026,0,941,0,989,0,2013,0,2036,0,876,0,1450,2,1452,2,2308,1,2695,4,1180,5,1313,16,1121,3
8/28/2023,863,40,1020,0,933,0,979,0,2015,0,2034,0,865,0,1435,0,1438,0,2291,0,2678,2,1166,0,1302,10,1111,12
8/29/2023,876,4,1017,0,929,0,973,0,2019,0,2039,0,861,0,1434,0,1435,0,2286,2,2672,0,1148,20,1292,0,1097,0
8/30/2023,791,0,1021,39,932,13,974,44,2026,28,2045,20,865,34,1434,5,1437,0,2285,2,2669,0,1136,0,1287,0,1088,0
8/31/2023,721,4,1039,26,951,17,986,9,2031,24,2052,23,871,3,1448,0,1446,1,2293,0,2672,0,1129,1,1282,0,1083,0
9/1/2023,669,0,1067,0,979,0,1005,2,2036,0,2058,0,876,3,1454,17,1453,20,2301,0,2678,0,1128,22,1281,0,1082,0
9/2/2023,662,21,1090,0,1002,0,1025,0,2049,0,2068,3,882,0,1459,0,1458,0,2306,0,2684,0,1141,0,1285,26,1084,8
9/3/2023,586,0,1121,0,1029,0,1048,3,2070,12,2087,73,890,20,1480,11,1474,12,2316,12,2692,3,1147,0,1288,18,1089,0
9/4/2023,526,0,1148,0,1054,0,1068,0,2086,94,2110,21,905,17,1533,11,1529,4,2359,5,2720,13,1158,7,1294,11,1095,3
9/5/2023,502,0,1163,5,1071,13,1085,20,2107,58,2127,36,926,38,1554,14,1550,16,2394,5,2760,0,1186,3,1306,1,1106,0
9/6/2023,473,0,1167,11,1073,19,1091,14,2121,7,2145,7,960,10,1574,26,1572,33,2414,3,2778,21,1211,10,1327,17,1129,23
9/7/2023,456,60,1157,4,1065,0,1087,25,2129,12,2157,57,1003,34,1603,17,1598,10,2437,3,2797,6,1237,5,1342,2,1150,0
9/8/2023,462,8,1132,2,1044,0,1075,0,2118,0,2150,0,1025,0,1621,5,1616,0,2458,1,2813,12,1257,15,1353,32,1163,12
9/9/2023,432,0,1093,0,1010,0,1057,7,2096,0,2126,0,1023,0,1617,0,1613,0,2465,11,2823,1,1269,15,1363,25,1174,10
9/10/2023,425,8,1038,41,973,13,1030,29,2067,1,2101,0,1010,0,1595,0,1588,0,2447,2,2810,0,1274,9,1368,0,1181,0
9/11/2023,419,21,975,45,904,15,970,13,2028,3,2063,9,988,1,1567,18,1563,1,2423,6,2795,16,1264,20,1368,20,1182,5
9/12/2023,429,2,908,24,846,45,927,7,1980,4,2019,3,960,17,1520,32,1517,22,2389,11,2769,0,1246,0,1362,14,1180,14
9/13/2023,441,42,863,0,798,0,878,0,1919,9,1961,1,926,0,1465,10,1460,8,2341,1,2733,6,1224,3,1354,15,1173,79
9/14/2023,518,25,823,0,764,0,830,3,1863,9,1898,1,881,2,1385,6,1380,16,2280,13,2685,4,1197,25,1341,15,1163,41
9/15/2023,417,0,824,0,757,1,805,2,1826,0,1853,3,826,0,1303,17,1306,17,2208,2,2623,16,1148,30,1320,21,1148,28
9/16/2023,393,0,837,0,767,0,808,0,1813,0,1830,1,796,0,1243,0,1239,0,2128,10,2557,5,1100,12,1287,53,1110,35
9/17/2023,378,0,849,0,787,0,818,0,1825,14,1842,55,771,3,1208,3,1199,2,2076,1,2501,14,1046,12,1244,15,1068,17
9/18/2023,384,36,856,31,790,28,825,5,1830,10,1851,31,774,10,1221,32,1209,31,2065,18,2487,16,1000,15,1202,18,1029,13
9/19/2023,396,0,830,0,766,2,805,27,1823,24,1846,22,788,40,1235,0,1225,0,2086,16,2500,56,963,25,1178,41,998,78
9/20/2023,380,11,802,0,739,0,784,0,1819,0,1835,0,785,0,1229,0,1222,0,2087,0,2500,0,958,9,1167,8,979,3
9/21/2023,432,14,782,1,720,0,767,0,1821,0,1839,1,772,0,1219,5,1211,16,2078,0,2492,0,972,5,1163,30,974,4
9/22/2023,496,2,775,0,711,0,758,0,1817,0,1832,0,771,0,1211,2,1204,0,2066,0,2480,0,967,0,1151,6,964,8
9/23/2023,593,0,773,0,710,0,758,0,1827,0,1841,0,769,0,1205,0,1197,0,2056,0,2465,0,957,0,1140,0,955,0
9/24/2023,566,67,765,0,702,0,751,0,1823,0,1844,0,775,0,1207,0,1198,0,2052,0,2455,0,943,0,1122,3,937,7
9/25/2023,535,68,776,0,709,0,750,0,1809,0,1827,0,781,0,1204,0,1199,0,2053,0,2453,0,933,0,1108,0,919,0
9/26/2023,518,0,800,13,730,0,765,0,1799,0,1812,0,771,0,1189,13,1182,67,2049,73,2460,0,929,0,1102,4,910,3
9/27/2023,446,0,826,0,754,0,783,0,1802,0,1815,0,755,0,1175,30,1170,24,2027,0,2441,0,936,0,1101,0,907,0
9/28/2023,414,0,841,0,769,0,793,0,1807,0,1822,14,751,60,1179,25,1172,8,2025,40,2428,22,929,3,1096,22,905,18
9/29/2023,394,0,844,0,770,0,799,7,1808,24,1824,57,759,6,1211,20,1205,22,2064,24,2462,10,921,20,1085,13,896,7
9/30/2023,378,15,830,34,758,5,790,27,1806,49,1822,48,762,20,1231,7,1224,1,2093,43,2489,13,930,24,1091,12,896,8
10/1/2023,383,0,789,9,722,3,766,5,1802,1,1819,0,770,3,1233,8,1227,14,2100,20,2505,11,959,12,1124,25,932,44
10/2/2023,395,25,735,0,673,0,730,3,1805,3,1820,3,766,5,1220,23,1211,8,2086,2,2498,81,965,0,1146,5,955,11
10/3/2023,427,0,690,0,629,3,694,0,1798,0,1807,2,759,6,1213,24,1206,0,2074,3,2490,16,960,3,1149,12,960,2
10/4/2023,449,0,658,0,601,0,672,2,1767,0,1776,0,749,2,1193,20,1186,19,2061,0,2478,3,949,5,1145,25,957,21
10/5/2023,472,0,645,0,589,0,659,0,1751,0,1747,0,735,0,1160,0,1155,0,2028,0,2453,0,941,0,1133,0,946,3
10/6/2023,566,0,643,0,587,0,653,0,1736,0,1739,0,717,0,1124,0,1117,0,1990,0,2413,0,922,0,1109,0,925,0
10/7/2023,618,0,657,2,598,10,655,0,1719,0,1718,0,708,0,1099,0,1095,0,1959,0,2381,0,900,0,1077,12,897,17
10/8/2023,530,3,688,20,627,15,670,3,1718,18,1704,0,692,0,1079,10,1075,0,1934,19,2359,17,872,15,1046,18,866,29
10/9/2023,550,10,726,3,662,3,690,0,1746,0,1745,0,692,0,1088,0,1083,0,1925,1,2339,0,845,0,1019,8,835,14
10/10/2023,625,0,769,0,702,0,730,0,1754,10,1755,0,714,0,1095,0,1087,0,1934,0,2344,0,817,15,997,7,809,0
10/11/2023,518,27,805,38,739,3,757,0,1762,1,1765,18,741,12,1106,13,1101,24,1942,26,2353,71,817,25,989,5,799,10
10/12/2023,587,31,813,4,742,0,766,0,1771,20,1775,2,761,0,1125,17,1119,9,1960,0,2369,0,830,0,999,0,804,7
10/13/2023,593,50,861,94,791,40,787,10,1776,0,1780,1,772,7,1127,0,1122,0,1970,1,2381,0,852,3,1017,0,818,0
10/14/2023,490,0,911,0,850,0,847,0,1841,0,1839,0,779,0,1135,26,1130,2,1974,0,2383,20,866,0,1028,0,832,0
10/15/2023,440,0,935,0,874,0,900,0,1876,0,1884,0,809,0,1187,0,1182,0,2002,0,2394,0,875,0,1034,0,839,0
10/16/2023,411,0,955,0,891,0,922,0,1895,0,1904,0,846,0,1233,0,1225,0,2057,0,2439,0,887,0,1040,0,843,0
10/17/2023,393,0,964,0,895,0,932,0,1894,0,1910,0,867,0,1263,0,1253,0,2092,0,2481,0,910,0,1060,0,860,0
10/18/2023,375,0,946,0,878,0,924,0,1878,0,1895,0,871,0,1270,0,1262,0,2113,0,2506,0,949,0,1100,32,896,0
10/19/2023,360,0,902,0,838,0,883,0,1855,0,1875,0,863,0,1258,0,1251,0,2112,0,2512,0,971,20,1127,0,928,0
10/20/2023,350,0,835,0,778,0,828,0,1820,0,1839,0,839,0,1236,0,1228,0,2094,0,2501,0,980,0,1138,2,941,0
10/21/2023,339,0,769,0,711,0,760,0,1773,0,1788,0,802,0,1199,0,1192,0,2062,0,2478,0,970,0,1136,0,941,0
10/22/2023,329,0,709,0,649,0,703,0,1722,0,1732,0,757,0,1150,0,1143,0,2016,0,2441,0,957,0,1122,0,928,0
10/23/2023,322,0,659,1,603,19,665,22,1688,0,1678,0,720,0,1090,0,1085,0,1960,10,2395,0,933,0,1092,0,901,1
10/24/2023,316,0,636,4,582,9,630,0,1666,1,1631,2,698,25,1043,38,1035,22,1907,12,2341,6,900,9,1059,0,869,0
10/25/2023,311,3,627,12,574,17,617,7,1651,1,1610,8,671,4,1010,36,1004,8,1865,0,2291,0,854,0,1019,47,832,4
10/26/2023,308,0,620,0,568,0,608,0,1641,0,1600,0,642,0,976,0,967,0,1834,0,2261,0,803,0,970,0,785,0
10/27/2023,381,0,603,0,552,0,586,0,1635,0,1588,0,622,0,950,0,943,0,1811,0,2230,0,760,0,929,0,741,0
10/28/2023,430,0,593,0,540,0,571,0,1633,0,1587,0,609,0,931,0,922,0,1793,0,2210,8,724,7,891,0,701,0
10/29/2023,337,0,580,0,525,0,554,0,1638,0,1595,0,605,0,926,0,917,0,1779,0,2192,0,693,0,856,0,668,37
10/30/2023,315,0,556,0,504,0,540,0,1617,0,1575,0,609,0,923,0,914,0,1775,0,2185,0,667,0,828,0,642,0
10/31/2023,303,0,578,0,521,0,547,0,1599,0,1541,0,606,0,908,0,903,0,1768,0,2180,0,652,0,812,11,625,27
11/1/2023,294,0,599,0,542,0,568,0,1601,0,1533,0,593,0,874,0,868,0,1747,0,2166,0,646,0,803,32,614,0
11/2/2023,292,0,578,0,518,0,548,0,1607,0,1539,0,585,2,860,0,857,1,1726,0,2144,0,639,0,795,0,605,0
11/3/2023,288,0,544,0,494,0,522,0,1594,0,1528,1,579,26,867,3,863,2,1720,67,2127,0,626,0,784,0,594,0
11/4/2023,281,0,520,0,466,0,490,0,1575,0,1506,0,573,0,857,0,852,0,1720,0,2126,0,615,0,772,0,580,0
11/5/2023,277,0,503,0,451,0,466,0,1554,0,1482,0,562,0,828,0,826,0,1703,0,2117,0,609,0,762,0,568,0
11/6/2023,274,0,487,0,432,0,443,0,1535,0,1459,0,550,0,811,0,805,0,1679,0,2097,0,604,0,757,0,562,0
11/7/2023,276,0,479,0,425,0,432,0,1519,0,1439,0,535,0,791,0,787,0,1655,0,2075,0,594,0,745,0,552,0
11/8/2023,266,0,470,0,416,0,421,0,1506,0,1426,0,523,0,768,0,764,0,1634,0,2053,0,575,0,724,0,532,0
11/9/2023,261,0,466,0,409,0,416,0,1495,0,1414,0,516,0,758,0,754,0,1617,0,2032,0,553,0,702,0,510,0
11/10/2023,257,0,459,0,402,0,405,0,1487,0,1405,0,504,0,745,0,741,0,1604,0,2016,0,534,0,682,0,492,0
11/11/2023,253,0,453,0,396,0,402,0,1480,0,1395,0,488,0,737,0,731,0,1591,0,2004,0,518,0,668,0,477,0
11/12/2023,249,0,446,0,388,0,394,0,1473,0,1388,0,471,0,724,0,721,0,1580,0,1993,0,507,0,655,0,465,0
11/13/2023,245,0,436,0,381,0,386,0,1465,0,1376,0,466,0,716,0,712,0,1565,0,1981,0,492,0,644,0,454,0
11/14/2023,244,0,427,0,372,0,377,0,1458,0,1366,0,462,0,706,0,701,0,1551,0,1968,0,480,0,633,0,442,0
11/15/2023,241,0,419,0,364,0,366,0,1449,0,1357,0,459,0,699,0,694,0,1539,0,1956,0,467,0,621,0,430,0
11/16/2023,238,0,416,0,361,0,363,0,1439,0,1349,0,457,0,691,0,687,0,1531,0,1946,0,456,0,610,0,420,0
11/17/2023,236,1,414,1,357,2,357,7,1434,16,1343,21,454,10,683,4,679,13,1522,6,1938,0,446,0,603,2,412,0
11/18/2023,242,42,421,22,365,22,363,34,1432,28,1347,41,452,45,689,21,687,18,1515,0,1931,0,436,0,596,0,405,0
11/19/2023,286,0,437,24,381,23,376,2,1438,6,1344,6,450,10,716,4,711,2,1525,0,1929,0,427,0,590,0,398,0
11/20/2023,296,0,448,0,395,0,392,0,1451,0,1360,0,456,0,711,0,707,0,1547,0,1948,0,423,0,585,0,393,0
11/21/2023,255,0,463,0,411,0,410,0,1476,0,1392,0,467,0,713,0,709,0,1543,0,1962,0,435,0,592,0,397,0
11/22/2023,242,0,476,0,424,0,435,0,1499,0,1432,0,474,0,739,0,732,0,1551,0,1960,0,443,0,600,0,405,0
11/23/2023,237,0,493,0,437,0,456,0,1518,0,1445,0,493,0,768,0,758,0,1577,0,1971,0,437,0,609,0,413,0
11/24/2023,234,0,496,0,442,0,466,0,1533,0,1442,0,508,0,779,0,772,0,1602,0,1992,0,450,0,619,0,421,0
11/25/2023,229,0,468,0,413,0,444,0,1528,0,1439,0,520,0,773,0,770,0,1610,0,2016,0,470,0,635,0,435,0
11/26/2023,226,0,442,0,387,0,420,0,1506,0,1418,0,514,0,770,0,766,0,1609,0,2027,0,485,0,653,0,452,0
11/27/2023,222,0,423,0,368,0,400,0,1488,0,1387,0,501,0,753,0,749,0,1600,0,2024,0,497,0,667,0,466,0
11/28/2023,219,0,406,0,351,0,370,0,1466,0,1361,0,482,0,728,0,724,0,1579,0,2013,0,502,0,670,0,472,0
11/29/2023,217,0,402,0,347,0,357,0,1443,0,1335,0,463,0,703,0,698,0,1553,0,1993,0,492,0,661,0,466,0
11/30/2023,215,0,398,0,343,0,350,0,1430,0,1326,0,447,0,684,0,677,0,1528,0,1967,0,477,0,647,0,455,0
12/1/2023,213,0,390,0,336,0,340,0,1423,0,1316,0,434,0,667,0,661,0,1507,0,1945,0,463,0,624,0,433,0
12/2/2023,212,0,386,0,331,0,335,1,1414,0,1318,0,425,0,663,0,656,0,1493,0,1927,0,446,0,601,0,412,0
12/3/2023,210,0,378,0,323,0,326,0,1408,0,1304,0,421,0,653,0,648,0,1483,0,1914,0,426,0,582,0,391,0
12/4/2023,208,0,373,0,319,0,318,0,1396,0,1290,0,417,0,646,0,640,0,1473,0,1903,0,405,0,566,0,375,0
12/5/2023,207,0,369,0,315,0,316,0,1389,0,1282,0,410,0,637,0,631,0,1463,0,1893,0,387,0,554,0,362,0
12/6/2023,206,0,364,0,311,0,311,0,1384,0,1276,0,406,0,625,0,622,0,1455,0,1884,0,374,0,544,0,351,0
12/7/2023,204,0,359,0,299,0,304,0,1379,0,1268,0,402,0,619,0,615,0,1445,0,1874,0,363,0,535,0,342,0
12/8/2023,204,19,349,1,292,0,294,0,1371,2,1260,3,397,3,614,3,608,3,1438,0,1865,0,354,0,527,0,333,0
12/9/2023,236,2,348,4,289,1,291,0,1365,1,1250,1,392,0,608,5,603,5,1431,5,1858,5,347,12,519,13,325,6
12/10/2023,280,0,348,0,289,0,286,0,1360,0,1246,0,388,0,598,0,594,0,1424,0,1852,0,342,0,512,0,318,0
12/11/2023,246,0,347,0,289,0,285,0,1359,0,1246,0,386,0,593,0,587,0,1414,0,1844,0,337,0,505,0,311,0
12/12/2023,220,0,353,0,293,0,285,0,1360,0,1256,0,384,0,591,0,585,0,1410,0,1838,0,331,0,499,0,305,0
12/13/2023,212,0,362,0,301,0,291,0,1365,0,1264,0,387,0,596,0,589,0,1410,0,1832,0,326,0,493,0,299,0
12/14/2023,206,0,374,0,313,0,300,0,1372,0,1265,0,392,0,605,0,595,0,1415,0,1834,1,321,0,489,0,294,0
12/15/2023,204,0,386,0,325,0,312,0,1378,0,1267,0,396,0,607,0,600,0,1420,0,1838,0,325,0,488,0,292,0
12/16/2023,237,0,377,0,317,0,315,0,1385,0,1274,0,399,0,606,0,602,0,1422,0,1842,0,333,0,492,0,295,0
12/17/2023,213,0,363,0,303,0,306,0,1385,0,1274,0,401,0,612,0,608,0,1424,0,1845,0,338,0,498,0,300,0
12/18/2023,205,0,351,0,293,0,295,0,1378,0,1262,0,399,0,613,0,609,0,1429,0,1848,0,342,0,501,0,303,0
12/19/2023,199,0,343,0,285,0,286,0,1367,0,1250,0,396,0,606,0,603,0,1430,0,1852,0,346,0,503,0,306,0
12/20/2023,197,0,345,0,285,0,285,0,1360,0,1241,0,390,0,593,0,589,0,1419,0,1851,0,349,0,506,0,309,0
12/21/2023,194,0,344,0,285,0,286,0,1356,0,1233,0,385,0,585,0,579,0,1406,0,1841,0,347,0,506,0,310,0
12/22/2023,192,0,338,0,279,0,282,0,1351,0,1230,0,379,0,580,0,572,0,1395,0,1829,0,342,0,501,0,306,0
12/23/2023,191,0,329,0,271,0,276,0,1347,0,1225,0,376,0,575,0,567,0,1386,0,1820,0,337,0,494,0,299,0
12/24/2023,190,0,320,0,265,0,268,0,1340,0,1218,0,373,0,570,0,562,0,1378,0,1813,0,332,0,486,0,291,0
12/25/2023,190,13,318,0,259,0,260,0,1334,0,1212,0,369,0,565,0,558,0,1372,0,1806,0,328,0,479,0,283,0
12/26/2023,194,1,315,0,256,0,254,0,1327,0,1205,0,365,0,557,0,552,0,1366,0,1800,0,324,0,475,0,279,0
12/27/2023,190,0,313,0,254,0,253,0,1322,0,1201,0,363,0,551,0,545,0,1358,0,1793,0,320,0,471,0,275,0
12/28/2023,188,0,311,0,254,0,253,0,1318,0,1197,0,359,0,545,0,538,0,1351,0,1786,0,317,0,467,0,271,0
12/29/2023,186,0,310,0,254,0,252,0,1317,0,1194,0,355,0,540,0,534,0,1347,0,1780,0,313,0,460,0,267,0
12/30/2023,184,0,314,0,255,0,253,0,1315,0,1192,0,351,0,536,0,529,0,1342,0,1776,0,309,0,455,0,261,0
12/31/2023,183,0,311,0,250,0,250,0,1314,0,1190,0,350,0,534,0,528,0,1340,0,1771,0,304,0,450,0,257,0
1/1/2024,182,0,305,0,244,0,244,0,1311,0,1187,0,348,0,533,0,526,0,1337,0,1769,0,300,0,447,0,254,0
1/2/2024,180,0,300,0,238,0,240,0,1306,0,1184,0,346,0,531,0,524,0,1335,0,1766,0,296,0,444,0,251,0
1/3/2024,179,0,297,0,235,0,238,0,1301,0,1179,0,345,0,529,0,522,0,1335,0,1764,0,292,0,441,0,248,0
1/4/2024,178,0,295,0,235,0,235,0,1297,0,1176,0,343,0,523,0,517,0,1329,0,1761,0,291,0,438,0,245,0
1/5/2024,177,0,301,0,240,0,237,0,1295,0,1172,0,341,0,515,0,510,0,1321,0,1756,0,288,0,436,0,243,0
1/6/2024,176,0,298,0,239,0,235,0,1295,0,1171,0,340,0,511,0,506,0,1315,0,1750,0,286,0,434,0,241,0
1/7/2024,175,0,290,0,229,0,227,0,1294,0,1171,0,339,0,509,0,504,0,1311,0,1746,0,284,0,431,0,239,0
1/8/2024,174,0,284,0,226,0,224,0,1290,0,1168,0,337,0,507,0,502,0,1309,0,1743,0,282,0,427,0,237,0
1/9/2024,173,0,283,0,222,0,222,0,1287,0,1162,0,335,0,505,0,500,0,1308,0,1741,0,279,0,423,0,234,0
1/10/2024,172,0,281,0,222,0,220,0,1286,0,1158,0,334,0,502,0,497,0,1305,0,1739,0,277,0,420,0,231,0
1/11/2024,171,0,279,0,219,0,218,0,1283,0,1155,0,333,0,498,0,493,0,1299,0,1735,0,276,0,418,0,229,0
1/12/2024,170,0,277,0,218,0,216,0,1280,0,1152,0,332,0,494,0,489,0,1295,0,1731,0,274,0,415,0,227,0
1/13/2024,169,0,275,0,215,0,213,0,1277,0,1148,0,331,0,491,0,488,0,1291,0,1727,0,270,0,413,0,224,0
1/14/2024,170,0,275,0,217,0,211,0,1274,0,1146,0,329,0,486,0,484,0,1287,0,1723,0,269,0,410,0,222,0
1/15/2024,170,0,272,0,212,0,208,0,1272,0,1145,0,328,0,482,0,481,0,1284,0,1720,0,265,0,408,0,219,0
1/16/2024,168,0,271,0,214,0,206,0,1270,0,1142,0,326,0,480,0,478,0,1279,0,1717,0,263,0,407,0,217,0
1/17/2024,167,0,269,0,210,0,205,0,1269,0,1141,0,324,0,479,0,477,0,1278,0,1714,0,262,0,405,0,215,0
1/18/2024,166,0,267,0,207,0,204,0,1267,0,1140,0,323,0,477,0,475,0,1277,0,1713,0,261,0,404,0,214,0
1/19/2024,166,0,264,0,206,0,204,0,1266,0,1136,0,322,0,474,0,473,0,1275,0,1712,0,260,0,403,0,213,0
1/20/2024,166,0,266,0,207,0,202,0,1265,0,1134,0,320,0,471,0,469,0,1271,0,1709,0,258,0,402,0,212,0
1/21/2024,166,0,265,0,207,0,203,0,1264,0,1131,0,319,0,470,0,467,0,1269,0,1706,0,257,0,399,0,210,0
1/22/2024,164,0,265,0,207,0,203,0,1263,0,1130,0,319,0,466,0,464,0,1266,0,1703,0,253,0,396,0,209,0
1/23/2024,163,0,265,0,206,0,202,0,1262,0,1129,0,317,0,464,0,462,0,1263,0,1700,0,252,0,392,0,208,0
1/24/2024,163,0,263,0,204,0,201,0,1261,0,1129,0,316,0,464,0,462,0,1261,0,1697,0,249,0,389,0,207,0
1/25/2024,162,1,259,0,197,0,198,0,1259,0,1127,0,314,0,461,0,460,0,1260,0,1696,0,245,0,386,0,205,0
1/26/2024,161,0,257,0,200,0,198,0,1257,0,1124,0,313,0,460,0,459,0,1259,0,1695,0,244,0,384,0,204,0
1/27/2024,166,0,256,0,198,0,196,0,1255,0,1121,0,312,0,459,0,458,0,1258,0,1694,0,243,0,383,0,203,0
1/28/2024,168,0,255,0,197,0,194,0,1253,0,1119,0,310,0,456,0,454,0,1257,0,1693,0,242,0,382,0,202,0
1/29/2024,166,0,255,0,197,0,193,0,1251,0,1118,0,309,0,452,0,451,0,1255,0,1691,0,241,0,381,0,201,0
1/30/2024,164,0,255,0,198,0,192,0,1250,0,1117,0,309,0,450,0,449,0,1252,0,1689,0,240,0,380,0,200,0
1/31/2024,162,0,258,0,200,0,191,0,1249,0,1116,0,308,0,448,0,447,0,1250,0,1687,0,239,0,379,0,199,0
2/1/2024,160,0,257,0,200,0,191,0,1248,0,1115,0,307,0,448,0,447,0,1248,0,1685,0,238,0,378,0,198,0
2/2/2024,159,0,255,0,197,0,190,0,1248,0,1115,0,305,0,447,0,445,0,1247,0,1684,0,237,0,376,0,197,0
2/3/2024,163,9,254,0,195,0,190,0,1247,0,1114,0,304,0,447,0,445,0,1247,0,1683,0,236,0,375,0,196,0
2/4/2024,185,2,251,0,193,0,189,0,1246,0,1113,0,303,0,447,0,444,0,1246,0,1682,0,235,0,373,0,195,0
2/5/2024,197,0,248,0,189,0,188,0,1245,0,1112,0,303,0,446,0,443,0,1246,0,1682,0,234,0,371,0,194,0
2/6/2024,177,0,245,0,187,0,187,0,1244,0,1110,0,302,0,445,0,443,0,1245,0,1681,0,233,0,370,0,193,0
2/7/2024,171,6,243,0,186,0,185,0,1242,0,1106,0,300,0,443,0,441,0,1243,0,1679,0,231,0,369,0,192,0
2/8/2024,219,0,247,0,190,0,186,0,1240,0,1103,0,299,0,440,0,439,0,1240,0,1676,0,229,0,368,0,191,0
2/9/2024,199,0,251,0,193,0,190,0,1240,0,1102,0,299,0,436,0,436,0,1238,0,1674,0,229,0,367,0,190,0
2/10/2024,179,0,262,0,204,0,193,0,1241,0,1103,0,298,0,433,0,433,0,1235,0,1671,0,228,0,366,0,189,0
2/11/2024,174,0,266,0,206,0,198,0,1244,0,1105,0,298,0,433,0,433,0,1234,0,1669,0,227,0,364,0,188,0
2/12/2024,172,0,265,0,205,0,200,0,1246,0,1109,0,296,0,432,0,432,0,1234,0,1668,0,226,0,363,0,187,0
2/13/2024,174,0,275,0,211,0,203,0,1249,0,1113,0,296,0,437,0,434,0,1235,0,1668,0,225,0,362,0,186,0
2/14/2024,172,0,280,0,218,0,209,0,1252,0,1114,0,300,0,443,0,439,0,1238,0,1669,0,224,0,361,0,185,0
2/15/2024,170,0,273,0,211,0,210,0,1255,0,1121,0,302,0,445,0,441,0,1240,0,1671,0,222,0,360,0,184,0
2/16/2024,170,0,265,0,205,0,203,0,1255,0,1123,0,306,0,446,0,444,0,1242,0,1673,0,221,0,359,0,183,0
2/17/2024,170,0,260,0,200,0,197,0,1249,0,1116,0,307,0,453,0,449,0,1245,0,1675,0,222,0,358,0,182,0
2/18/2024,174,0,254,0,195,0,191,0,1243,0,1111,0,309,0,450,0,448,0,1249,0,1678,0,223,0,359,0,182,0
2/19/2024,170,0,249,0,188,0,185,0,1238,0,1105,0,308,0,445,0,442,0,1249,0,1681,0,224,0,360,0,183,0
2/20/2024,170,0,247,0,188,0,184,0,1233,0,1100,0,306,0,443,0,437,0,1243,0,1680,0,225,0,361,0,184,0
2/21/2024,166,0,247,0,187,0,179,0,1230,0,1097,0,304,0,438,0,432,0,1238,0,1677,0,225,0,362,0,185,0
2/22/2024,166,0,245,0,186,0,179,0,1227,0,1095,0,303,0,430,0,425,0,1233,0,1674,0,224,0,362,0,185,0
2/23/2024,277,0,244,0,187,0,177,0,1226,0,1092,0,302,0,430,0,424,0,1228,0,1670,0,223,0,361,0,185,0
2/24/2024,405,0,242,0,184,0,178,0,1224,0,1090,0,302,0,428,0,421,0,1226,0,1668,0,222,0,359,0,184,0
2/25/2024,350,0,236,0,177,0,174,0,1223,0,1088,0,301,0,425,0,419,0,1225,0,1666,0,221,0,357,0,183,0
2/26/2024,256,0,233,0,175,0,172,0,1219,0,1084,0,300,0,423,0,416,0,1223,0,1665,0,220,0,356,0,182,0
2/27/2024,226,0,238,0,176,0,170,0,1216,0,1078,0,298,0,419,0,414,0,1221,0,1663,0,219,0,355,0,181,0
2/28/2024,213,0,304,0,231,0,200,0,1214,0,1076,0,297,0,417,0,413,0,1218,0,1661,0,218,0,353,0,180,0
2/29/2024,199,0,388,0,321,0,,0,1239,0,1085,0,299,0,411,0,413,0,1214,0,1659,0,217,0,352,0,179,0
3/1/2024,191,0,389,0,328,0,,,1299,0,1154,0,327,0,406,0,409,0,1212,0,1657,0,217,0,350,0,178,0
3/2/2024,191,0,360,0,302,0,,,1331,0,1197,0,371,0,458,0,436,0,1216,0,1656,0,216,0,348,0,177,0
3/3/2024,194,0,321,0,269,0,,,1327,0,1195,0,399,0,516,0,501,0,1263,0,1673,0,215,0,347,0,176,0
3/4/2024,186,0,302,0,243,0,,,1304,0,1175,0,410,0,530,0,517,0,1316,0,1713,0,240,0,352,0,177,0
3/5/2024,182,0,287,0,230,0,,,1282,0,1155,0,409,0,518,0,508,0,1329,0,1766,0,275,0,377,0,201,0
3/6/2024,181,0,277,0,221,0,,,1264,0,1136,0,393,0,500,0,488,0,1319,0,1777,0,310,0,412,0,238,0
3/7/2024,198,0,273,0,216,0,,,1252,0,1126,0,374,0,487,0,471,0,1297,0,1769,0,321,0,437,0,267,0
3/8/2024,187,0,267,0,209,0,,,1244,0,1118,0,359,0,468,0,455,0,1277,0,1752,0,304,0,437,0,270,0
3/9/2024,180,0,264,0,204,0,,,1238,0,1112,0,349,0,460,0,448,0,1263,0,1733,0,285,0,424,0,264,0
3/10/2024,178,0,257,0,198,0,,,1232,0,1105,0,335,0,459,0,445,0,1254,0,1721,0,269,0,410,0,256,0
3/11/2024,178,0,254,0,198,0,,,1228,0,1101,0,322,0,449,0,436,0,1246,0,1711,0,257,0,398,0,250,0
3/12/2024,174,0,257,0,201,0,,,1224,0,1095,0,312,0,443,0,431,0,1239,0,1702,0,245,0,386,0,242,0
3/13/2024,177,0,256,0,200,0,,,1220,0,1091,0,305,0,436,0,428,0,1233,0,1693,0,235,0,378,0,235,0
3/14/2024,186,0,255,0,199,0,,,1218,0,1090,0,302,0,432,0,424,0,1227,0,1685,0,227,0,371,0,228,0
3/15/2024,202,0,251,0,194,0,192,0,1216,0,1089,0,298,0,431,0,422,0,1223,0,1679,0,220,0,367,0,221,0
3/16/2024,189,0,248,0,192,0,189,0,1214,0,1087,0,295,0,429,0,420,0,1222,0,1675,0,214,0,362,0,216,0
3/17/2024,179,0,245,0,187,0,184,0,1210,0,1083,0,292,0,428,0,419,0,1220,0,1672,0,208,0,357,0,211,0
3/18/2024,174,0,242,0,187,0,182,0,1206,0,1080,0,289,0,424,0,415,0,1219,0,1669,0,203,0,353,0,206,0
3/19/2024,177,0,248,0,193,0,185,0,1204,0,1077,0,288,0,423,0,414,0,1217,0,1667,0,199,0,350,0,201,0
3/20/2024,180,0,251,0,194,0,184,0,1204,0,1077,0,285,0,418,0,411,0,1213,0,1664,0,197,0,347,0,198,0
3/21/2024,180,0,251,0,194,0,191,0,1208,0,1079,0,287,0,415,0,410,0,1209,0,1662,0,196,0,345,0,196,0
3/22/2024,181,8,254,6,201,11,196,5,1212,6,1082,14,291,22,417,9,412,3,1208,1,1659,0,198,0,343,0,194,0
3/23/2024,210,13,247,0,193,0,192,0,1215,0,1085,0,297,0,422,0,417,0,1209,0,1659,0,192,0,341,0,192,0
3/24/2024,230,2,244,0,192,0,188,0,1211,0,1084,0,300,0,424,0,419,0,1215,0,1662,0,191,0,340,0,190,0
3/25/2024,216,0,246,0,192,0,186,0,1208,0,1080,0,297,0,425,0,419,0,1216,0,1666,0,194,0,341,0,189,0
3/26/2024,230,0,251,0,199,0,192,0,1206,0,1076,0,295,0,420,0,416,0,1216,0,1668,0,198,0,343,0,191,0
3/27/2024,209,4,253,0,199,0,191,0,1208,0,1080,0,294,0,417,0,413,0,1213,0,1667,0,200,0,347,0,194,0
3/28/2024,278,0,263,0,209,0,199,0,1211,0,1083,0,294,0,416,0,411,0,1210,0,1664,0,201,0,348,0,196,0
3/29/2024,246,0,271,0,215,0,206,0,1215,0,1085,0,299,0,420,0,413,0,1210,0,1663,0,198,0,347,0,196,0
3/30/2024,215,0,280,0,221,0,214,0,1220,0,1088,0,302,0,420,0,415,0,1212,0,1664,0,197,0,345,0,194,0
3/31/2024,206,0,289,0,232,0,226,0,1228,0,1096,0,306,0,424,0,420,0,1215,0,1666,0,197,0,344,0,193,0
4/1/2024,245,0,285,0,229,0,229,0,1236,0,1105,0,311,0,433,0,427,0,1218,0,1669,0,200,0,345,0,192,0
4/2/2024,485,0,296,0,239,0,236,0,1241,0,1109,0,316,0,438,0,433,0,1224,0,1674,0,202,0,346,0,193,0
4/3/2024,450,0,307,0,248,0,244,0,1249,0,1113,0,319,0,445,0,439,0,1228,0,1678,0,203,0,347,0,195,0
4/4/2024,328,0,299,0,242,0,241,0,1254,0,1121,0,322,0,450,0,444,0,1234,0,1683,0,204,0,348,0,196,0
4/5/2024,311,0,289,0,231,0,231,0,1251,0,1128,0,326,0,456,0,450,0,1239,0,1687,0,205,0,351,0,198,0
4/6/2024,318,0,374,0,299,0,260,0,1245,0,1120,0,327,0,460,0,453,0,1246,0,1692,0,209,0,356,0,201,0
4/7/2024,353,0,476,0,412,0,366,0,1266,0,1133,0,324,0,465,0,454,0,1251,0,1697,0,213,0,360,0,204,0
4/8/2024,370,0,471,0,412,0,405,0,1356,0,1218,0,333,0,461,0,452,0,1252,0,1700,0,217,0,365,0,207,0
4/9/2024,343,0,433,0,374,0,382,0,1391,0,1270,0,366,0,506,0,499,0,1263,0,1701,0,221,0,369,0,210,0
4/10/2024,300,0,407,0,348,0,347,0,1374,0,1258,0,407,0,589,0,564,0,1336,0,1733,0,228,0,372,0,213,0
4/11/2024,288,0,406,0,343,0,340,0,1349,0,1234,0,423,0,595,0,574,0,1393,0,1802,0,242,0,382,0,220,0
4/12/2024,270,0,426,0,364,0,347,0,1342,0,1222,0,420,0,579,0,560,0,1401,0,1856,0,269,0,404,0,242,0
4/13/2024,254,0,434,0,375,0,360,0,1348,0,1229,0,407,0,566,0,549,0,1384,0,1852,0,293,0,444,0,280,0
4/14/2024,239,0,419,0,341,0,352,0,1359,0,1248,0,400,0,565,0,546,0,1372,0,1836,0,293,0,473,0,312,0
4/15/2024,228,0,394,0,336,0,336,0,1354,0,1250,0,397,0,581,0,560,0,1375,0,1833,0,278,0,474,0,318,0
4/16/2024,237,0,373,0,315,0,323,0,1336,0,1235,0,391,0,587,0,566,0,1389,0,1840,0,278,0,468,0,312,0
4/17/2024,243,0,349,0,295,0,304,0,1319,0,1218,0,380,0,579,0,560,0,1393,0,1852,0,288,0,470,0,311,0
4/18/2024,245,43,337,0,282,0,288,0,1302,0,1201,0,372,0,565,0,548,0,1383,0,1851,0,298,0,477,0,316,0
4/19/2024,273,0,324,0,268,0,273,0,1290,0,1188,0,361,0,550,0,529,0,1366,0,1843,0,295,0,484,0,322,0
4/20/2024,248,24,314,0,258,0,265,0,1277,0,1175,0,352,0,533,0,516,0,1349,0,1828,0,290,0,481,0,320,0
4/21/2024,278,31,308,0,247,0,250,0,1266,0,1161,0,341,0,520,0,501,0,1331,0,1811,0,283,0,472,0,310,0
4/22/2024,290,0,308,0,249,0,245,0,1254,0,1152,0,333,0,510,0,491,0,1314,0,1793,0,277,0,462,0,301,0
4/23/2024,361,0,324,0,264,0,258,0,1248,0,1142,0,329,0,498,0,483,0,1301,0,1777,1,269,0,450,0,291,0
4/24/2024,298,0,331,0,271,0,263,0,1254,0,1145,0,325,0,486,0,476,0,1289,0,1765,0,260,0,438,0,279,0
4/25/2024,322,0,330,0,274,0,266,0,1259,0,1153,0,324,0,480,0,472,0,1279,0,1755,0,250,0,428,0,270,0
4/26/2024,352,0,346,0,284,0,272,0,1263,0,1156,0,329,0,491,0,481,0,1276,0,1747,0,242,0,419,0,261,0
4/27/2024,327,0,381,0,318,0,300,0,1267,0,1159,0,334,0,495,0,487,0,1282,0,1745,0,236,2,410,0,254,0
4/28/2024,294,0,403,0,344,0,315,0,1288,0,1176,0,340,0,498,0,491,0,1286,0,1748,0,231,0,407,0,251,0
4/29/2024,267,0,401,0,340,0,320,0,1308,0,1202,0,350,0,508,0,498,0,1289,0,1751,0,234,0,407,0,250,0
4/30/2024,405,0,407,0,344,0,322,0,1319,0,1218,0,365,0,531,0,523,0,1304,0,1760,0,239,0,410,0,253,0
5/1/2024,371,0,414,0,351,0,332,0,1327,0,1225,0,373,0,553,0,542,0,1326,0,1775,0,247,0,413,0,255,0
5/2/2024,449,11,398,1,338,0,325,3,1332,0,1235,0,377,0,562,0,553,0,1351,0,1797,0,255,0,419,0,260,0
5/3/2024,492,3,377,9,317,24,307,7,1325,12,1236,17,383,10,573,2,563,2,1365,0,1816,0,263,0,431,0,272,0
5/4/2024,471,0,394,0,330,0,306,0,1309,0,1219,0,386,0,580,3,566,0,1376,0,1830,0,273,0,444,0,284,0
5/5/2024,373,0,444,0,378,0,328,2,1306,0,1210,2,383,0,566,0,553,0,1377,0,1838,0,281,0,458,0,298,0
5/6/2024,331,7,490,0,428,0,378,0,1328,0,1236,0,382,0,555,0,542,0,1366,0,1833,0,286,15,465,0,306,11
5/7/2024,352,0,544,0,480,0,440,0,1379,0,1279,0,394,0,562,0,549,0,1359,0,1824,0,282,0,467,0,308,0
5/8/2024,333,0,560,0,498,0,475,0,1436,0,1331,0,420,0,601,0,586,0,1377,0,1827,0,274,0,463,0,304,0
5/9/2024,313,0,533,0,474,0,468,0,1471,0,1362,0,449,0,643,0,631,0,1417,16,1847,0,277,0,459,33,300,1
5/10/2024,298,0,488,1,428,2,440,0,1481,0,1375,0,469,0,662,0,656,1,1467,0,1881,4,287,0,466,0,305,0
5/11/2024,300,0,446,0,398,0,415,0,1477,0,1338,0,480,0,682,0,669,0,1504,0,1927,0,305,0,483,0,319,0
5/12/2024,296,0,438,0,385,0,395,0,1450,0,1316,0,474,0,668,0,654,0,1508,0,1959,0,332,0,511,0,346,0
5/13/2024,290,0,428,0,365,0,375,0,1428,0,1301,0,461,0,661,0,640,0,1490,0,1959,0,361,0,541,2,376,0
5/14/2024,286,0,406,0,344,0,357,0,1411,0,1287,0,447,0,640,0,623,0,1472,0,1945,0,374,0,559,0,396,0
5/15/2024,285,0,396,0,331,0,345,0,1394,0,1266,0,439,0,629,0,612,0,1455,0,1929,0,367,0,559,0,396,0
5/16/2024,278,0,389,0,326,0,338,0,1379,0,1246,0,434,0,615,0,598,0,1438,0,1914,0,355,0,547,0,385,0
5/17/2024,279,0,383,0,318,0,323,0,1367,0,1237,0,426,0,597,0,584,0,1418,0,1897,0,338,0,535,0,373,0
5/18/2024,278,16,379,7,314,0,313,0,1357,0,1232,0,418,0,583,0,571,0,1397,0,1877,0,325,0,522,0,360,0
5/19/2024,288,0,373,0,306,0,303,0,1349,0,1226,2,412,0,575,0,565,0,1385,0,1862,1,315,0,509,0,347,0
5/20/2024,278,0,368,0,301,0,292,0,1342,0,1219,0,408,0,573,0,562,0,1377,0,1854,0,307,0,500,0,337,0
5/21/2024,288,2,366,1,299,12,287,7,1335,32,1210,0,405,0,564,0,555,0,1371,0,1846,0,298,0,493,0,330,1
5/22/2024,288,0,368,0,301,0,284,0,1330,3,1203,2,403,0,560,0,548,0,1368,11,1840,21,290,5,490,49,325,36
5/23/2024,278,0,370,0,302,0,284,0,1326,0,1202,1,401,20,553,74,544,50,1357,0,1835,0,284,0,487,0,322,0
5/24/2024,284,0,370,0,302,14,282,12,1324,4,1204,0,397,0,551,0,542,0,1350,1,1831,0,278,0,484,0,319,13
5/25/2024,300,0,369,18,303,13,285,37,1322,8,1207,1,395,0,550,1,541,0,1346,1,1827,5,273,20,482,58,316,41
5/26/2024,288,5,375,0,308,0,285,0,1325,0,1208,2,397,2,550,8,540,8,1345,22,1825,26,271,30,480,64,313,36
5/27/2024,362,24,374,0,305,0,290,0,1327,0,1206,2,405,2,567,34,552,28,1349,9,1829,13,272,25,478,10,312,26
5/28/2024,588,7,363,1,300,0,282,0,1328,0,1205,0,411,0,573,27,553,35,1365,6,1842,32,280,5,479,11,311,17
5/29/2024,720,9,371,0,305,0,280,0,1327,0,1204,0,416,1,560,4,550,1,1364,0,1850,5,290,0,486,3,316,21
5/30/2024,928,16,395,0,328,0,296,0,1328,0,1205,0,418,0,558,0,548,0,1360,0,1849,2,296,3,492,2,322,0
5/31/2024,631,0,439,0,370,0,325,0,1347,0,1220,0,415,0,554,0,547,0,1357,0,1846,0,293,5,492,2,325,0
6/1/2024,496,0,578,2,503,47,446,0,1388,0,1247,0,428,0,565,0,555,0,1356,0,1844,0,285,0,490,0,322,0
6/2/2024,465,23,709,17,643,28,586,23,1562,0,1504,2,507,0,588,0,578,0,1367,6,1849,26,281,45,488,2,320,0
6/3/2024,488,14,782,2,714,8,667,0,1756,0,1700,0,652,0,759,0,757,2,1439,1,1870,17,285,15,488,67,318,20
6/4/2024,441,4,814,0,751,0,737,0,1836,0,1769,5,770,0,973,0,936,0,1697,0,2015,0,297,0,496,8,324,7
6/5/2024,451,8,820,0,757,0,766,0,1871,0,1773,0,842,0,1060,0,1025,1,1851,7,2207,0,507,0,590,1,398,0
6/6/2024,403,5,797,0,719,1,745,0,1872,0,1763,0,882,0,1088,0,1057,0,1917,1,2297,0,727,0,800,0,583,0
6/7/2024,389,22,753,52,683,0,710,0,1839,7,1731,5,892,16,1089,31,1058,4,1939,10,2335,8,807,15,903,7,698,6
6/8/2024,391,87,702,4,635,21,662,0,1792,0,1685,1,843,0,1061,0,1031,0,1922,0,2335,0,845,0,936,0,732,4
6/9/2024,383,10,658,0,590,0,610,0,1744,0,1636,0,779,0,1019,0,991,0,1891,0,2313,0,845,0,957,0,751,0
6/10/2024,393,0,620,0,552,0,582,0,1702,0,1590,0,728,0,972,0,943,0,1853,0,2272,0,819,0,952,0,750,0
6/11/2024,385,0,534,0,514,0,563,0,1665,0,1546,1,688,0,925,0,891,0,1792,15,2227,4,778,0,922,15,724,17
6/12/2024,402,58,567,0,495,0,552,0,1637,10,1505,0,666,0,887,0,850,0,1746,9,2186,1,746,0,882,2,688,0
6/13/2024,489,13,564,0,490,0,548,0,1617,0,1475,0,641,0,842,1,812,1,1704,3,2146,6,705,0,841,47,650,39
6/14/2024,603,87,561,1,488,0,547,2,1607,0,1460,0,628,0,817,6,785,10,1667,19,2111,23,660,15,801,35,613,54
6/15/2024,526,38,566,7,491,11,548,0,1602,0,1456,0,620,0,794,0,768,0,1638,1,2088,6,621,5,764,5,576,13
6/16/2024,501,12,585,0,511,0,555,0,1600,0,1456,0,616,0,789,0,759,0,1620,0,2065,0,593,0,736,8,549,6
6/17/2024,567,44,633,0,555,0,586,0,1615,0,1472,0,619,0,787,5,758,11,1613,0,2049,0,570,0,714,15,526,3
6/18/2024,547,64,699,0,622,0,642,0,1652,0,1508,0,628,0,794,0,766,0,1613,0,2041,0,542,0,699,17,509,2
6/19/2024,595,32,749,0,671,0,690,0,1722,0,1583,0,641,0,828,0,791,0,1627,0,2041,0,525,0,689,6,499,0
6/20/2024,759,27,777,0,699,0,718,0,1781,0,1652,0,674,0,885,0,852,0,1668,2,2053,2,527,15,687,11,497,19
6/21/2024,796,3,793,0,718,0,733,1,1815,1,1694,0,735,0,957,2,922,2,1746,3,2138,44,538,0,695,19,503,9
6/22/2024,625,0,812,0,736,0,752,0,1834,0,1709,0,779,0,1005,0,966,0,1811,0,2204,8,578,10,737,0,545,1
6/23/2024,568,2,832,0,756,0,772,0,1849,0,1718,0,809,0,1030,0,990,0,1851,0,2250,0,620,0,806,0,614,2
6/24/2024,546,11,861,0,783,0,798,0,1867,0,1727,0,833,0,1043,4,1003,0,1872,0,2278,0,687,0,865,35,672,0
6/25/2024,573,69,891,0,813,0,828,0,1891,0,1746,0,858,0,1056,0,1018,0,1885,0,2290,0,735,0,898,2,709,1
6/26/2024,581,0,921,3,840,3,856,16,1911,1,1772,9,872,0,1057,0,1037,0,1901,8,2303,4,762,0,917,0,728,1
6/27/2024,635,109,933,0,853,0,867,14,1933,1,1801,23,887,10,1098,0,1064,5,1927,2,2324,4,779,0,932,16,743,31
6/28/2024,622,21,933,0,849,1,868,0,1944,6,1820,1,900,0,1139,4,1098,3,1960,0,2348,0,800,5,947,3,758,13
6/29/2024,812,13,921,0,842,0,865,0,1944,0,1825,0,908,7,1161,0,1124,2,1991,0,2381,18,825,0,969,8,778,29
6/30/2024,1102,3,908,0,826,0,850,0,1935,0,1821,0,915,0,1165,0,1127,1,2006,2,2399,8,854,8,993,25,803,60
7/1/2024,1346,41,893,0,813,0,842,0,1925,0,1821,0,918,0,1166,0,1127,0,2009,0,2405,0,881,0,1012,1,824,0
7/2/2024,1252,112,890,1,812,0,842,0,1919,0,1821,0,915,0,1166,1,1127,0,2009,5,2407,0,901,10,1025,27,837,10
7/3/2024,986,19,911,0,826,5,848,0,1928,0,1844,0,920,0,1169,0,1132,0,2010,5,2408,6,902,10,1028,37,843,26
7/4/2024,907,66,946,0,858,0,864,0,1953,0,1883,0,935,4,1191,4,1152,5,2023,15,2418,4,908,0,1030,0,845,1
7/5/2024,952,4,997,0,910,0,910,0,1980,0,1931,0,959,0,1233,0,1196,0,2049,0,2437,0,917,3,1036,0,851,0
7/6/2024,913,28,1076,0,979,0,981,0,2007,0,1981,0,993,0,1283,0,1246,0,2097,0,2480,10,933,5,1049,5,864,16
7/7/2024,856,0,1160,4,1058,3,1050,1,2048,0,2029,0,1029,0,1341,0,1304,0,2154,0,2530,0,955,0,1083,1,890,5
7/8/2024,830,29,1230,0,1122,0,1102,13,2089,0,2068,0,1072,0,1398,0,1364,0,2214,2,2586,0,989,0,1122,2,928,0
7/9/2024,766,5,1275,0,1167,0,1150,0,2126,0,2114,0,1098,0,1449,0,1419,0,2271,0,2638,0,1018,0,1165,30,973,11
7/10/2024,819,48,1298,0,1186,0,1177,0,2174,0,2171,0,1141,0,1508,0,1474,0,2322,15,2688,0,1050,7,1205,10,1008,0
7/11/2024,790,15,1308,1,1197,4,1194,6,2222,0,2219,0,1205,0,1570,0,1535,0,2379,1,2736,0,1090,8,1238,9,1041,0
7/12/2024,762,23,1310,1,1200,0,1205,2,2260,0,2255,0,1321,0,1639,0,1604,0,2442,0,2789,0,1141,0,1273,7,1068,11
7/13/2024,789,0,1304,0,1195,0,1208,0,2277,0,2277,0,1468,0,1707,0,1678,0,2503,1,2843,1,1190,3,1310,0,1106,2
7/14/2024,735,0,1298,0,1191,0,1208,0,2282,0,2280,0,1488,0,1754,5,1730,1,2555,0,2888,21,1236,0,1348,1,1144,21
7/15/2024,691,5,1288,0,1181,0,1204,0,2276,0,2277,0,1499,0,1781,7,1758,0,2589,1,2918,1,1277,0,1380,18,1183,13
7/16/2024,707,10,1277,2,1173,1,1195,0,2270,0,2270,0,1494,0,1792,0,1767,0,2604,2,2935,2,1304,5,1409,17,1217,18
7/17/2024,685,0,1265,0,1165,0,1188,0,2263,0,2261,0,1486,0,1794,0,1771,0,2607,1,2939,4,1322,0,1432,43,1245,131
7/18/2024,661,0,1251,0,1155,0,1180,2,2253,0,2253,0,1477,0,1784,0,1764,0,2602,0,2935,0,1331,0,1438,8,1252,7
7/19/2024,635,0,1233,6,1139,3,1168,3,2240,11,2241,0,1468,0,1775,1,1753,0,2592,2,2929,0,1328,7,1440,10,1256,9
7/20/2024,598,11,1211,0,1118,0,1154,1,2225,0,2226,0,1455,0,1761,7,1739,2,2583,0,2920,9,1315,8,1439,32,1256,7
7/21/2024,644,3,1188,0,1097,0,1136,0,2206,0,2211,0,1436,0,1741,8,1720,2,2570,2,2908,6,1301,0,1436,35,1253,30
7/22/2024,710,0,1164,0,1075,0,1116,0,2186,1,2193,1,1418,4,1720,0,1700,0,2552,2,2894,4,1288,0,1429,8,1248,13
7/23/2024,710,0,1135,0,1048,0,1095,0,2163,0,2173,0,1407,0,1694,0,1672,6,2532,19,2879,11,1273,10,1424,34,1244,23
7/24/2024,714,0,1103,0,1018,0,1076,0,2134,0,2148,0,1390,0,1667,0,1646,0,2507,23,2860,10,1261,0,1417,18,1237,24
7/25/2024,679,0,1050,0,991,0,1050,0,2100,0,2112,0,1366,0,1627,0,1609,0,2481,16,2841,37,1250,28,1412,43,1233,25
7/26/2024,645,0,1047,0,964,0,1021,5,2065,0,2075,0,1347,0,1585,0,1567,0,2453,12,2830,29,1242,20,1411,110,1233,151
7/27/2024,655,9,1029,0,946,0,998,0,2035,0,2041,0,1332,0,1538,2,1519,1,2417,0,2808,33,1234,50,1410,93,1232,24
7/28/2024,629,7,1019,0,937,0,985,0,2018,0,2023,0,1318,11,1495,3,1476,0,2371,3,2769,0,1221,10,1404,79,1228,115
7/29/2024,615,5,1014,0,932,0,978,0,2014,0,2016,0,1300,0,1460,0,1443,0,2330,4,2728,15,1202,25,1386,105,1208,68
7/30/2024,624,18,1010,0,928,0,974,0,2016,0,2014,0,1276,2,1440,4,1424,3,2303,38,2702,8,1177,0,1362,40,1183,80
7/31/2024,665,22,1005,0,924,0,969,0,2015,0,2018,0,1252,0,1433,5,1416,3,2293,20,2689,10,1150,15,1345,31,1164,42
8/1/2024,572,0,1000,0,914,0,962,0,2004,0,2008,0,1234,0,1431,10,1414,9,2288,51,2681,11,1127,12,1328,26,1145,32
8/2/2024,557,9,983,0,900,0,950,0,2000,0,1999,3,1224,13,1431,34,1418,32,2301,3,2714,4,1115,5,1320,0,1132,0
8/3/2024,546,30,971,0,889,0,937,0,1996,0,1995,0,1217,5,1442,4,1432,3,2317,0,2726,4,1125,0,1327,46,1135,21
8/4/2024,586,9,969,13,888,5,933,0,2004,0,1999,0,1213,0,1473,4,1456,0,2329,34,2733,7,1140,20,1333,5,1145,26
8/5/2024,694,60,972,1,886,0,930,0,2003,0,2007,0,1217,0,1476,32,1463,17,2329,0,2722,2,1150,0,1336,2,1148,56
8/6/2024,709,34,967,0,887,0,930,0,1987,0,1996,0,1224,0,1468,0,1454,6,2327,19,2718,6,1137,0,1333,11,1146,35
8/7/2024,635,78,961,0,882,0,927,0,1967,20,1974,0,1218,5,1443,0,1430,0,2306,2,2704,0,1124,15,1329,14,1138,76
8/8/2024,623,21,962,0,882,0,926,0,1968,0,1965,0,1202,0,1413,7,1400,2,2278,4,2681,2,1109,0,1322,1,1132,27
8/9/2024,639,25,982,0,899,0,942,0,1984,0,1980,0,1189,0,1395,3,1382,2,2253,0,2654,0,1097,10,1309,1,1123,0
8/10/2024,680,44,1008,0,927,0,958,0,2009,0,1990,0,1199,0,1399,0,1383,0,2246,0,2633,12,1087,0,1293,0,1108,2
8/11/2024,732,28,1032,0,954,0,980,0,2030,0,2020,0,1213,0,1418,0,1402,0,2254,1,2636,15,1074,0,1278,2,1090,0
8/12/2024,732,50,1061,12,980,18,1000,27,2040,22,2036,7,1231,5,1442,0,1427,0,2277,0,2660,0,1067,0,1267,0,1081,0
8/13/2024,637,0,1081,14,997,2,1022,15,2044,16,2040,9,1247,3,1460,0,1444,0,2298,3,2680,0,1090,0,1272,3,1080,3
8/14/2024,565,0,1078,0,997,0,1025,0,2047,0,2043,0,1255,7,1468,1,1454,6,2310,1,2693,1,1113,0,1279,0,1087,1
8/15/2024,530,0,1078,0,997,0,1025,2,2046,5,2044,0,1261,0,1472,0,1461,38,2318,36,2703,0,1127,0,1287,0,1096,0
8/16/2024,548,2,1085,0,1002,7,1027,6,2046,10,2044,8,1264,3,1474,17,1462,3,2322,0,2707,0,1135,10,1294,22,1105,65
8/17/2024,508,2,1093,4,1010,3,1032,17,2046,1,2043,0,1267,0,1476,17,1462,27,2324,15,2710,0,1145,0,1299,33,1109,41
8/18/2024,506,1,1094,0,1011,0,1033,3,2051,15,2050,15,1269,0,1478,5,1464,0,2324,1,2710,1,1153,0,1305,23,1115,28
8/19/2024,471,53,1084,0,1001,0,1028,2,2050,1,2051,0,1273,0,1481,10,1469,7,2328,7,2714,72,1154,0,1305,10,1117,0
8/20/2024,468,47,1063,0,982,0,1016,0,2049,0,2049,0,1276,0,1483,4,1470,1,2331,0,2717,0,1157,9,1307,12,1117,4
8/21/2024,451,0,1037,13,962,4,1000,3,2060,0,2058,0,1277,0,1483,17,1470,0,2332,0,2720,0,1159,15,1312,80,1120,38
8/22/2024,441,0,1013,0,939,0,983,0,2068,6,2072,0,1282,4,1495,0,1481,2,2336,0,2721,0,1162,7,1316,5,1126,16
8/23/2024,439,0,974,0,900,0,966,0,2060,0,2072,0,1285,0,1505,0,1490,0,2345,9,2728,2,1163,7,1317,2,1128,5
8/24/2024,423,0,941,4,867,0,950,23,2036,0,2047,0,1282,0,1512,37,1496,42,2060,4,2740,7,1168,5,1322,30,1129,16
8/25/2024,429,0,909,0,842,0,932,12,2007,0,2021,4,1273,0,1490,1,1477,1,2354,1,2735,8,1174,5,1327,35,1131,56
8/26/2024,429,0,905,0,848,0,922,5,1985,0,1991,0,1258,0,1458,0,1442,0,2325,11,2720,0,1170,0,1327,1,1134,11
8/27/2024,412,0,909,0,852,18,925,0,1978,0,1983,0,1245,0,1427,40,1407,1,2290,1,2690,23,1160,3,1324,26,1132,49
8/28/2024,406,8,892,13,835,1,905,0,1976,0,1983,0,1235,0,1403,2,1388,0,2265,13,2667,8,1147,0,1314,0,1125,2
8/29/2024,411,0,873,119,818,65,890,47,1963,4,1974,0,1226,0,1395,0,1378,0,2249,0,2645,2,1131,0,1296,7,1113,0
8/30/2024,392,14,847,3,787,0,860,0,1942,2,1958,16,1215,18,1380,2,1362,2,2237,5,2637,9,1116,20,1279,2,1096,6
8/31/2024,411,68,814,12,761,18,838,2,1899,0,1912,1,1203,6,1364,0,1345,0,2220,0,2623,3,1100,0,1269,15,1086,7
9/1/2024,444,9,793,9,745,3,810,30,1864,0,1866,0,1188,0,1310,0,1293,0,2190,0,2600,0,1087,0,1257,0,1073,0
9/2/2024,408,0,780,5,725,3,784,2,1838,19,1833,5,1164,0,1257,20,1240,14,2141,43,2565,1,1071,0,1242,1,1060,0
9/3/2024,397,4,772,1,713,0,770,10,1814,0,1799,7,1129,0,1213,14,1196,3,2091,2,2518,3,1050,0,1214,4,1042,0
9/4/2024,420,0,770,0,709,0,762,0,1796,0,1777,0,1090,20,1168,0,1158,0,2043,0,2470,0,1013,20,1175,9,1013,11
9/5/2024,499,2,775,0,712,0,765,0,1787,0,1759,0,1055,0,1133,3,1125,0,2004,0,2429,3,974,0,1130,3,964,0
9/6/2024,500,5,766,3,704,6,760,36,1783,3,1757,4,1017,0,1113,0,1100,0,1977,0,2400,8,935,0,1085,11,920,16
9/7/2024,460,0,750,0,689,0,746,0,1785,0,1755,20,991,4,1109,5,1095,12,1964,15,2387,0,900,29,1052,6,881,14
9/8/2024,419,55,751,0,691,0,744,8,1778,0,1751,0,985,0,1105,0,1093,2,1959,1,2378,13,876,20,1029,16,853,26
9/9/2024,409,2,775,8,711,1,760,5,1773,0,1745,0,981,0,1094,0,1084,0,1951,0,2373,2,860,15,1020,8,842,37
9/10/2024,393,2,808,47,735,48,780,5,1778,1,1750,0,977,0,1085,20,1079,24,1944,8,2363,9,855,0,1013,16,835,16
9/11/2024,385,0,808,39,742,19,790,60,1795,54,1765,56,974,72,1096,34,1088,37,1941,42,2369,31,850,25,1002,46,826,13
9/12/2024,402,6,795,30,734,34,788,10,1807,237,1797,216,979,120,1163,74,1154,76,1976,62,2415,60,872,45,1012,23,827,27
9/13/2024,397,0,805,3,771,6,812,12,1822,21,1789,12,996,7,1227,25,1221,18,2085,26,2539,22,908,23,1078,6,874,2
9/14/2024,418,16,879,2,849,5,878,6,1854,5,1821,6,1012,8,1218,2,1215,2,2098,0,2552,2,946,4,1158,12,961,8
9/15/2024,422,0,858,0,818,0,880,0,1893,4,1881,2,1030,0,1241,0,1234,1,2085,0,2523,11,943,0,1180,8,1000,5
9/16/2024,411,0,819,0,786,0,850,0,1903,0,1896,0,1048,0,1293,1,1284,0,2121,0,2530,0,913,3,1164,0,986,0
9/17/2024,414,8,791,0,742,0,810,0,1907,0,1896,0,1060,2,1305,0,1301,0,2155,0,2561,0,907,0,1160,3,977,0
9/18/2024,401,0,748,0,-9,0,777,2,1889,0,1880,0,1060,0,1301,11,1300,8,2157,2,2568,16,933,0,1177,1,986,3
9/19/2024,377,0,720,0,675,0,750,5,1858,0,1844,0,1053,3,1287,45,1282,51,2156,10,2574,22,960,2,1191,8,1002,12
9/20/2024,361,0,698,0,650,0,730,0,1830,0,1794,0,1041,0,1250,17,1244,14,2132,21,2560,0,968,0,1198,0,1010,1
9/21/2024,349,0,673,0,627,0,705,0,1804,7,1739,24,1020,20,1190,14,1186,21,2081,0,2531,0,948,0,1195,2,1010,4
9/22/2024,346,0,651,0,603,0,685,0,1778,0,1697,0,989,0,1130,6,1126,5,2032,28,2477,28,922,32,1173,10,990,27
9/23/2024,338,0,618,0,570,1,655,0,1754,8,1663,7,961,4,1085,20,1082,18,2021,36,2493,16,910,15,1141,19,958,9
9/24/2024,336,9,602,7,555,8,626,0,1722,1,1631,37,938,0,1061,32,1056,23,1969,10,2434,31,929,17,1140,19,950,36
9/25/2024,359,7,591,3,546,1,615,6,1698,11,1617,1,919,7,1028,2,1023,0,1924,17,2381,24,870,58,1112,10,938,13
9/26/2024,395,0,584,0,537,0,605,0,1689,0,1613,0,906,0,1025,6,1019,0,1898,2,2343,0,830,0,1059,5,902,3
9/27/2024,419,36,588,65,539,14,600,9,1695,0,1629,0,898,0,1005,3,997,6,1887,0,2326,5,811,5,1010,5,855,0
9/28/2024,389,0,590,0,542,3,608,0,1731,0,1670,0,901,0,1018,0,1007,0,1874,0,2302,1,798,0,976,0,803,0
9/29/2024,409,31,616,0,564,0,621,0,1746,0,1697,0,910,0,1043,0,1032,0,1896,0,2306,0,779,0,947,0,765,0
9/30/2024,418,11,647,0,596,0,648,0,1757,0,1713,0,918,0,1058,0,1047,0,1915,0,2323,0,787,0,938,0,747,13
10/1/2024,416,0,659,14,608,12,662,0,1774,0,1715,0,928,0,1068,0,1058,0,1931,0,2338,0,807,0,948,1,749,0
10/2/2024,390,0,671,75,618,43,672,26,1781,92,1710,101,934,555,1081,47,1079,89,1950,19,2362,8,825,6,970,57,765,8
10/3/2024,379,0,682,11,629,1,677,12,1782,4,1690,12,942,1,1100,5,1086,24,1962,11,2381,14,850,10,985,10,780,2
10/4/2024,482,23,712,17,662,0,712,17,1801,0,1716,2,950,0,1099,13,1076,6,1970,28,2397,10,879,31,1007,6,798,34
10/5/2024,615,11,735,0,683,0,733,5,1838,18,1780,5,966,16,1098,4,1080,6,1951,0,2381,8,895,25,1029,10,819,0
10/6/2024,730,15,728,2,678,0,733,0,1867,0,1812,0,983,0,1140,0,1121,2,1970,6,2387,2,875,2,1033,0,830,0
10/7/2024,680,0,730,0,680,0,729,0,1886,0,1845,0,1002,0,1175,0,1157,0,2005,0,2421,0,854,0,1019,0,817,0
10/8/2024,607,0,768,0,709,11,750,0,1898,0,1870,0,1020,0,1210,0,1189,0,2037,0,2449,6,878,0,1032,2,821,2
10/9/2024,524,0,824,8,767,1,807,0,1916,0,1886,0,1035,0,1243,0,1223,0,2074,1,2484,44,900,0,1055,0,844,2
10/10/2024,533,0,873,0,811,0,850,0,1943,0,1904,0,1051,0,1263,0,1242,0,2098,0,2508,0,925,0,1084,0,875,3
10/11/2024,553,0,906,0,844,0,880,30,1968,3,1927,4,1075,50,1286,0,1266,0,2120,0,2526,0,945,0,1105,0,905,0
10/12/2024,677,0,926,0,859,0,900,0,1984,0,1937,0,1089,0,1310,0,1291,0,2145,0,2548,0,968,0,1124,0,928,0
10/13/2024,691,2,919,0,856,0,901,0,1983,0,1930,0,1096,0,1323,0,1302,0,2162,0,2567,0,982,0,1141,0,944,0
10/14/2024,544,0,906,0,834,0,885,3,1956,5,1910,7,1093,1,1321,0,1298,0,2165,0,2572,0,997,0,1157,0,958,0
10/15/2024,481,0,874,0,812,0,861,0,1923,0,1885,0,1083,0,1305,0,1281,0,2154,0,2564,10,1012,0,1166,4,970,0
10/16/2024,458,7,871,3,808,3,854,5,1892,0,1861,0,1068,0,1273,0,1254,0,2132,0,2548,0,1005,0,1167,0,973,0
10/17/2024,504,0,888,0,822,0,862,0,1878,107,1852,6,1048,0,1243,0,1224,0,2103,0,2524,0,984,0,1158,5,969,0
10/18/2024,451,0,888,0,822,0,867,0,1873,0,1847,0,1029,0,1229,0,1210,0,2079,1,2500,0,965,0,1141,0,953,0
10/19/2024,423,0,861,0,798,0,845,2,1868,8,1836,0,1007,0,1216,0,1200,0,2066,0,2487,0,942,0,1119,0,932,0
10/20/2024,405,5,815,0,752,0,810,0,1842,0,1822,0,989,0,1203,0,1186,0,2053,0,2473,0,927,0,1104,0,916,6
10/21/2024,395,14,785,41,715,14,772,0,1812,0,1784,12,977,0,1189,18,1169,27,2044,46,2470,29,913,55,1096,68,906,75
10/22/2024,380,0,736,0,674,0,734,0,1776,0,1745,0,963,0,1148,3,1133,1,2015,7,2452,17,902,17,1088,41,901,49
10/23/2024,368,20,693,2,638,7,697,27,1742,61,1726,42,932,20,1119,34,1105,27,1989,24,2436,7,888,0,1075,7,890,14
10/24/2024,364,12,667,24,612,58,673,50,1713,26,1698,50,903,33,1120,1,1104,0,1978,14,2417,0,876,0,1058,9,874,15
10/25/2024,477,4,642,2,589,0,650,5,1702,24,1689,6,878,43,1102,35,1087,16,1967,0,2405,0,867,0,1043,14,857,4
10/26/2024,455,0,621,0,569,0,635,0,1693,0,1700,0,862,0,1065,0,1056,0,1939,0,2384,0,852,0,1031,0,844,0
10/27/2024,425,0,608,0,557,0,620,0,1684,0,1681,0,843,0,1060,0,1050,0,1923,0,2362,0,834,0,1010,0,827,0
10/28/2024,385,0,606,0,552,0,610,0,1667,0,1656,0,826,0,1041,0,1027,0,1903,0,2343,0,818,0,990,0,806,0
10/29/2024,363,0,649,0,591,0,642,0,1651,0,1635,0,814,0,1011,0,998,0,1875,0,2316,0,801,0,969,0,787,0
10/30/2024,348,0,660,0,598,0,650,0,1656,0,1637,0,808,0,986,0,975,0,1845,0,2287,0,780,0,943,0,769,0
10/31/2024,345,0,641,0,584,0,630,0,1653,0,1634,0,814,0,975,0,970,0,1829,0,2266,0,755,0,917,0,748,0
11/1/2024,343,0,610,0,554,13,596,15,1634,0,1617,0,809,0,975,0,970,0,1824,0,2257,0,731,0,896,0,730,0
11/2/2024,341,0,576,0,517,0,569,0,1603,0,1591,0,800,0,958,0,951,0,1812,0,2250,0,713,0,886,0,719,0
11/3/2024,328,0,552,0,497,0,546,0,1571,0,1562,0,792,0,929,0,921,0,1788,0,2232,7,698,20,879,19,712,0
11/4/2024,320,0,538,0,484,0,533,0,1545,0,1535,0,786,0,901,0,893,0,1761,0,2206,0,683,0,869,8,704,7
11/5/2024,314,0,532,0,477,0,528,0,1530,0,1518,0,779,0,873,0,866,0,1734,0,2177,0,666,15,854,0,691,0
11/6/2024,312,42,523,33,470,8,519,2,1519,0,1503,0,769,1,857,25,849,35,1712,22,2155,16,654,7,826,5,666,3
11/7/2024,312,6,535,25,481,12,523,19,1509,14,1495,4,761,2,847,9,842,14,1700,21,2149,26,640,10,803,72,641,123
11/8/2024,308,5,517,0,461,0,505,22,1507,0,1494,0,751,0,836,0,834,0,1690,2,2137,20,634,20,791,26,629,20
11/9/2024,320,0,517,0,461,0,498,0,1497,0,1482,0,742,0,831,8,831,5,1681,15,2125,15,627,10,779,2,619,3
11/10/2024,309,0,523,0,467,0,494,0,1487,0,1477,0,735,0,819,0,819,1,1671,0,2118,0,618,0,771,2,609,3
11/11/2024,293,0,528,0,473,0,490,0,1482,0,1476,0,728,0,811,0,812,0,1659,0,2106,0,608,0,763,0,601,0
11/12/2024,288,0,520,0,467,0,485,0,1479,0,1475,0,721,0,809,0,808,0,1653,0,2097,0,598,0,753,0,593,0
11/13/2024,281,0,511,0,456,0,474,0,1473,0,1469,0,715,0,805,0,804,0,1651,0,2091,0,587,0,744,0,585,0
11/14/2024,279,0,496,0,444,0,466,0,1465,0,1461,0,711,0,801,0,798,0,1646,0,2087,0,575,0,737,0,576,0
11/15/2024,275,0,481,0,418,0,450,0,1454,0,1448,0,706,0,795,0,791,0,1638,0,2080,0,566,0,733,0,572,0
11/16/2024,271,0,468,0,407,0,438,0,1443,0,1437,0,704,0,792,0,784,0,1626,0,2071,0,555,0,729,0,568,0
11/17/2024,267,0,453,0,397,0,429,0,1431,0,1420,0,701,0,781,0,779,0,1613,0,2059,0,545,0,722,0,564,0
11/18/2024,265,0,447,0,392,0,424,0,1422,0,1408,0,698,0,761,0,766,0,1597,0,2045,0,534,0,714,0,556,0
11/19/2024,262,0,444,0,388,0,420,0,1414,0,1396,0,697,0,746,0,754,0,1581,0,2030,0,525,0,704,0,548,0
11/20/2024,258,0,439,0,384,0,416,0,1407,0,1388,0,694,0,736,0,744,0,1568,0,2017,0,517,0,694,0,538,0
11/21/2024,256,18,437,0,383,0,413,0,1400,0,1381,0,692,0,727,0,736,0,1554,0,2007,0,506,0,682,0,528,0
11/22/2024,256,2,433,0,378,0,409,0,1395,0,1377,0,690,0,708,0,725,0,1543,0,1996,0,496,0,670,0,517,0
11/23/2024,252,0,428,0,372,0,404,0,1391,0,1372,0,688,0,703,0,719,0,1536,0,1990,0,484,0,658,0,505,0
11/24/2024,252,0,426,0,372,0,402,0,1383,0,1364,0,686,0,698,0,713,0,1528,0,1983,0,475,0,650,0,496,0
11/25/2024,254,0,423,0,368,0,398,0,1379,0,1360,0,684,0,691,0,705,0,1521,0,1978,0,465,0,644,0,488,0
11/26/2024,251,0,420,0,364,0,394,0,1374,0,1358,0,682,0,687,0,701,0,1515,0,1972,0,463,0,638,0,483,0
11/27/2024,254,0,418,0,364,0,392,0,1369,0,1355,0,679,0,680,0,697,0,1511,0,1968,0,458,0,632,0,477,0
11/28/2024,246,0,414,0,359,0,388,0,1365,0,1353,0,678,0,675,0,692,0,1508,0,1964,0,453,0,627,0,473,0
11/29/2024,241,0,411,0,355,0,385,0,1361,0,1349,0,676,0,673,0,691,0,1506,0,1962,0,449,0,623,0,469,0
11/30/2024,238,0,404,0,351,0,378,0,1357,0,1344,0,674,0,670,0,687,0,1502,0,1958,0,446,0,619,0,465,0
12/1/2024,236,0,402,0,345,0,368,0,1350,0,1338,0,672,0,667,0,682,0,1498,0,1954,0,443,0,615,0,461,0
12/2/2024,232,0,394,0,333,0,356,0,1344,0,1332,0,670,0,659,0,675,0,1493,0,1950,0,442,0,611,0,457,0
12/3/2024,230,0,402,0,336,0,355,0,1337,0,1323,0,668,0,652,0,667,0,1483,0,1944,0,438,0,607,0,453,0
12/4/2024,230,0,399,0,333,0,353,0,1333,0,1321,0,666,0,650,0,660,0,1476,0,1936,0,434,0,604,0,450,0
12/5/2024,227,0,390,0,328,0,348,0,1328,0,1321,0,665,0,650,0,658,0,1469,0,1932,0,429,0,601,0,446,0
12/6/2024,225,0,385,0,324,0,344,0,1321,0,1315,0,662,0,650,0,657,0,1467,0,1928,0,422,0,597,0,442,0
12/7/2024,224,0,379,0,316,0,338,0,1316,0,1308,0,659,0,648,0,654,0,1463,0,1925,0,416,0,593,0,438,0
12/8/2024,222,0,369,0,311,0,332,0,1310,0,1304,0,657,0,638,0,645,0,1457,0,1919,0,411,0,589,0,434,0
12/9/2024,220,0,365,0,309,0,329,0,1305,0,1293,0,654,0,633,0,640,0,1449,0,1913,0,406,0,586,0,430,0
12/10/2024,219,0,363,0,307,0,326,0,1299,0,1286,0,653,0,626,0,633,0,1443,0,1908,0,400,0,583,0,427,0
12/11/2024,217,0,360,0,301,0,322,0,1295,0,1282,0,649,0,618,0,627,0,1434,0,1901,0,396,0,579,0,424,0
12/12/2024,215,0,357,0,298,0,319,0,1291,0,1278,0,647,0,615,0,623,0,1428,0,1895,0,391,0,576,0,421,0
12/13/2024,215,0,354,0,293,0,315,0,1288,0,1272,0,643,0,610,0,620,0,1422,0,1890,0,385,0,572,0,417,0
12/14/2024,213,0,352,0,291,0,311,0,1284,0,1266,0,639,0,606,0,615,0,1417,0,1885,0,381,0,569,0,414,0
12/15/2024,211,0,349,0,285,0,306,0,1280,0,1261,0,637,0,601,0,609,0,1412,0,1880,0,377,0,566,0,410,0
12/16/2024,210,0,346,0,280,0,302,0,1274,0,1257,0,634,0,597,0,605,0,1407,0,1876,0,372,0,563,0,407,0
12/17/2024,209,0,343,0,276,0,300,0,1270,0,1253,0,630,0,595,0,602,0,1401,0,1872,0,368,0,560,0,403,0
12/18/2024,207,0,339,0,274,0,299,0,1266,0,1249,0,628,0,589,0,598,0,1396,0,1867,0,363,0,557,0,399,0
12/19/2024,205,0,338,0,270,0,296,0,1262,0,1245,0,626,0,586,0,594,0,1392,0,1863,0,359,0,554,0,396,0
12/20/2024,204,0,336,0,268,0,294,0,1258,0,1241,0,623,0,582,0,591,0,1387,0,1859,0,353,0,551,0,393,0
12/21/2024,203,0,335,0,267,0,292,0,1255,0,1240,0,620,0,579,0,588,0,1384,0,1855,0,347,0,548,0,389,0
12/22/2024,202,0,332,0,266,0,290,0,1252,0,1237,0,618,0,576,0,585,0,1380,0,1851,0,341,0,544,0,385,0
12/23/2024,202,0,328,0,262,0,287,0,1249,0,1233,0,614,0,573,0,582,0,1377,0,1847,0,336,0,540,0,381,0
12/24/2024,200,0,329,0,265,0,287,0,1246,0,1229,0,610,0,570,0,579,0,1373,0,1844,0,329,0,536,0,377,0
12/25/2024,199,0,325,0,260,0,283,0,1245,0,1228,0,608,0,567,0,577,0,1369,0,1840,0,324,0,532,0,374,0
12/26/2024,198,0,329,0,261,0,284,0,1242,0,1224,0,604,0,562,0,573,0,1367,0,1837,0,319,0,528,0,370,0
12/27/2024,197,0,329,0,261,0,285,0,1241,0,1221,0,602,0,560,0,570,0,1364,0,1833,0,314,0,525,0,367,0
12/28/2024,196,0,328,0,259,0,283,0,1240,0,1228,0,600,0,558,0,569,0,1361,0,1830,0,310,0,522,0,364,0
12/29/2024,195,0,326,0,257,0,282,0,1239,0,1227,0,598,0,560,0,570,0,1360,0,1828,0,306,0,519,0,361,0
12/30/2024,193,0,322,0,254,0,279,0,1237,0,1225,0,597,0,563,0,572,0,1362,0,1828,0,303,0,516,0,357,0
12/31/2024,193,0,320,0,252,0,277,0,1235,0,1222,0,593,0,561,0,571,0,1364,0,1830,0,303,0,513,0,354,0
1/1/2025,192,0,316,0,252,0,277,0,1233,0,1218,0,591,0,559,0,567,0,1362,0,1830,0,307,0,512,0,352,0
1/2/2025,192,0,315,0,248,0,274,0,1232,0,1217,0,588,0,556,0,565,0,1357,0,1827,0,308,0,514,0,353,0
1/3/2025,191,0,312,0,246,0,272,0,1229,0,1214,0,586,0,555,0,564,0,1355,0,1824,0,305,0,514,0,355,0
1/4/2025,191,0,310,0,245,0,270,0,1227,0,1202,0,584,0,552,0,561,0,1354,0,1822,0,301,0,513,0,352,0
1/5/2025,190,0,305,0,240,0,266,0,1223,0,1200,0,582,0,551,0,558,0,1352,0,1820,0,297,0,511,0,351,0
1/6/2025,188,0,299,0,234,0,261,0,1220,0,1198,0,579,0,548,0,555,0,1349,0,1818,0,293,0,510,0,349,0
1/7/2025,187,0,293,0,231,0,259,0,1216,0,1190,0,577,0,547,0,552,0,1345,0,1812,0,288,0,509,0,347,0
1/8/2025,186,13,295,0,233,0,260,0,1213,0,1184,0,575,0,546,0,548,0,1339,0,1811,0,287,0,507,0,346,0
1/9/2025,198,2,293,0,231,0,259,0,1212,0,1183,0,572,0,544,0,544,0,1331,0,1807,0,283,0,505,0,344,0
1/10/2025,220,0,287,0,225,0,253,0,1210,0,1181,0,571,0,538,0,539,0,1325,0,1801,0,279,0,503,0,342,0
1/11/2025,200,0,284,0,224,0,251,0,1206,0,1177,0,569,0,537,0,537,0,1321,0,1795,0,274,0,499,0,339,0
1/12/2025,191,0,283,0,224,0,250,0,1203,0,1173,0,567,0,528,0,533,0,1319,0,1791,0,270,0,496,0,336,0
1/13/2025,187,0,280,0,220,0,247,0,1201,0,1170,0,565,0,513,0,528,0,1315,0,1788,0,266,0,494,0,333,0
1/14/2025,186,0,282,0,224,0,248,0,1199,0,1168,0,561,0,509,0,525,0,1310,0,1784,0,262,0,492,0,330,0
1/15/2025,190,0,294,0,232,0,254,0,1198,0,1165,0,559,0,504,0,523,0,1306,0,1780,0,258,0,488,0,327,0
1/16/2025,196,0,295,0,236,0,258,0,1202,0,1170,0,557,0,501,0,521,0,1303,0,1776,0,254,0,485,0,325,0
1/17/2025,187,0,291,0,228,0,254,0,1205,0,1175,0,560,0,500,0,521,0,1301,0,1773,0,251,0,482,0,323,0
1/18/2025,184,0,281,0,218,0,245,0,1201,0,1174,0,562,0,504,0,525,0,1300,0,1771,0,247,0,479,0,320,0
1/19/2025,184,0,273,0,212,0,239,0,1195,0,1168,0,560,0,508,0,527,0,1302,0,1770,0,243,0,476,0,318,0
1/20/2025,182,0,271,0,211,0,237,0,1191,0,1161,0,557,0,507,0,526,0,1303,0,1772,0,242,0,474,0,316,0
1/21/2025,180,0,270,0,209,0,235,0,1187,0,1157,0,555,0,500,0,521,0,1299,0,1771,0,244,0,474,0,316,0
1/22/2025,180,0,269,0,206,0,232,0,1185,0,1152,0,552,0,492,0,514,0,1293,0,1766,0,244,0,475,0,316,0
1/23/2025,179,0,267,0,203,0,228,0,1182,0,1150,0,550,0,489,0,511,0,1288,0,1760,0,240,0,474,0,316,0
1/24/2025,179,0,263,0,200,0,223,0,1180,0,1147,0,548,0,487,0,508,0,1284,0,1756,0,236,0,471,0,314,0
1/25/2025,178,0,261,0,198,0,219,0,1178,0,1143,0,545,0,485,0,507,0,1281,0,1752,0,232,0,469,0,311,0
1/26/2025,177,0,259,0,196,0,217,0,1175,0,1139,0,542,0,482,0,503,0,1279,0,1749,0,229,0,466,0,308,0
1/27/2025,181,0,257,0,194,0,213,0,1172,0,1135,0,539,0,478,0,499,0,1276,0,1746,0,225,0,464,0,305,0
1/28/2025,179,0,256,0,192,0,210,0,1170,0,1133,0,537,0,474,0,495,0,1272,0,1743,0,222,0,462,0,303,0
1/29/2025,177,0,254,0,190,0,208,0,1167,0,1131,0,535,0,470,0,493,0,1268,0,1739,0,219,0,459,0,299,0
1/30/2025,177,0,252,0,186,0,205,0,1166,0,1128,0,533,0,468,0,491,0,1265,0,1736,0,216,0,456,0,296,0
1/31/2025,178,0,250,0,185,0,204,0,1164,0,1125,0,532,0,462,0,488,0,1261,0,1733,0,213,0,454,0,293,0
2/1/2025,208,0,249,0,186,0,204,0,1162,0,1123,0,530,0,459,0,485,0,1258,0,1729,0,211,0,451,0,290,0
2/2/2025,210,0,248,0,185,0,203,0,1161,0,1122,0,529,0,458,0,484,0,1256,0,1726,0,207,0,449,0,288,0
2/3/2025,193,0,251,0,187,0,203,0,1160,0,1121,0,526,0,456,0,481,0,1253,0,1724,0,205,0,446,0,285,0
2/4/2025,183,0,252,0,186,0,202,0,1160,0,1120,0,524,0,454,0,479,0,1250,0,1721,0,201,0,443,0,283,0
2/5/2025,180,0,250,0,183,0,200,0,1159,0,1120,0,522,0,456,0,481,0,1250,0,1720,0,198,0,440,0,280,0
2/6/2025,178,0,254,0,186,0,202,0,1156,0,1118,0,520,0,454,0,480,0,1251,0,1721,0,197,0,437,0,277,0
2/7/2025,177,0,263,0,195,0,207,0,1156,0,1118,0,518,0,453,0,478,0,1251,0,1720,0,194,0,436,0,275,0
2/8/2025,175,0,266,0,201,0,213,0,1159,0,1121,0,517,0,451,0,477,0,1250,0,1719,0,193,0,433,0,274,0
2/9/2025,173,0,261,0,195,0,209,0,1162,0,1126,0,514,0,451,0,478,0,1248,0,1718,0,192,0,430,0,272,0
2/10/2025,184,0,252,0,183,0,201,0,1158,0,1126,0,512,0,457,0,484,0,1250,0,1717,0,191,0,429,0,270,0
2/11/2025,179,0,246,0,180,0,196,0,1153,0,1119,0,514,0,459,0,487,0,1253,0,1719,0,190,0,427,0,268,0
2/12/2025,179,0,242,0,175,0,191,0,1149,0,1114,0,513,0,455,0,483,0,1254,0,1720,0,192,0,425,0,266,0
2/13/2025,210,0,240,0,173,0,189,0,1145,0,1111,0,510,0,453,0,479,0,1251,0,1719,0,193,0,426,0,266,0
2/14/2025,208,0,242,0,174,0,188,0,1144,0,1107,0,508,0,447,0,476,0,1244,0,1716,0,192,0,427,0,267,0
2/15/2025,210,0,244,0,176,0,189,0,1143,0,1105,0,505,0,444,0,473,0,1237,0,1710,0,190,0,426,0,266,0
2/16/2025,228,0,242,0,174,0,188,0,1143,0,1104,0,502,0,443,0,471,0,1235,0,1705,0,187,0,423,0,265,0
2/17/2025,201,0,240,0,174,0,187,0,1142,0,1103,0,499,0,441,0,470,0,1232,0,1702,0,184,0,420,0,264,0
2/18/2025,188,0,245,0,178,0,190,0,1140,0,1101,0,497,0,440,0,469,0,1231,0,1700,0,183,0,417,0,262,0
2/19/2025,183,0,255,0,188,0,196,0,1142,0,1100,0,494,0,440,0,467,0,1230,0,1698,0,179,0,416,0,260,0
2/20/2025,195,1,262,0,195,0,202,0,1148,0,1103,0,492,0,439,0,467,0,1229,0,1696,0,177,0,414,0,259,0
2/21/2025,210,0,262,0,202,0,207,0,1155,0,1109,0,491,0,438,0,467,0,1228,0,1694,0,176,0,412,0,258,0
2/22/2025,194,0,269,0,204,0,210,0,1159,0,1114,0,494,0,443,0,472,0,1228,0,1693,0,174,0,411,0,257,0
2/23/2025,188,0,261,0,197,0,203,0,1161,0,1119,0,498,0,449,0,477,0,1232,0,1695,0,173,0,410,0,256,0
2/24/2025,189,0,253,0,187,0,196,0,1157,0,1117,0,500,0,453,0,482,0,1239,0,1699,0,174,0,409,0,254,0
2/25/2025,183,0,249,0,183,0,193,0,1151,0,1112,0,498,0,457,0,483,0,1241,0,1703,0,175,0,410,0,254,0
2/26/2025,207,0,254,0,188,0,196,0,1146,0,1104,0,496,0,453,0,480,0,1243,0,1705,0,176,0,412,10,256,0
2/27/2025,195,0,257,0,190,0,199,0,1147,0,1104,0,494,0,448,0,474,0,1240,0,1706,0,177,0,414,0,258,0
2/28/2025,195,0,252,0,187,0,196,0,1150,0,1106,0,492,0,443,0,471,0,1234,0,1702,0,176,0,415,0,260,0
3/1/2025,190,0,249,0,183,0,191,0,1147,0,1105,0,491,0,443,0,471,0,1230,0,1699,0,174,0,414,0,260,0
3/2/2025,189,0,250,0,189,0,190,0,1143,0,1104,0,490,0,448,0,474,0,1229,0,1696,0,173,0,413,0,258,0
3/3/2025,325,0,254,0,194,0,193,0,1144,0,1102,0,488,0,449,0,476,0,1231,0,1696,0,172,0,411,0,256,0
3/4/2025,343,0,257,0,199,0,196,0,1148,0,1107,0,487,0,445,0,472,0,1231,0,1697,0,171,0,409,0,254,0
3/5/2025,260,0,258,0,200,0,200,0,1153,0,1110,0,485,0,444,0,472,0,1230,0,1696,0,170,0,408,0,253,0
3/6/2025,228,0,254,0,196,0,197,0,1154,0,1112,0,488,0,449,0,477,0,1230,0,1695,0,170,0,407,0,252,0
3/7/2025,219,0,258,0,198,0,200,0,1152,0,1111,0,489,0,452,0,481,0,1234,0,1696,0,169,0,406,0,251,0
3/8/2025,236,0,326,0,255,0,235,0,1154,0,1110,0,491,0,454,0,481,0,1239,0,1699,0,171,0,405,0,250,0
3/9/2025,212,0,360,0,298,0,285,0,1180,0,1124,0,492,0,451,0,479,0,1239,0,1701,0,172,0,406,0,249,0
3/10/2025,221,0,339,0,280,0,290,0,1217,0,1173,0,507,0,458,0,484,0,1238,0,1701,0,174,0,407,0,250,0
3/11/2025,222,0,314,0,256,0,270,0,1220,0,1185,0,528,0,497,0,516,0,1243,0,1701,0,176,0,407,0,251,0
3/12/2025,210,0,297,0,237,0,254,0,1203,0,1172,0,538,0,524,0,540,0,1282,0,1711,0,178,0,408,0,252,0
3/13/2025,210,0,293,0,232,0,251,0,1190,0,1157,0,533,0,520,0,538,0,1307,0,1745,0,183,0,410,0,253,0
3/14/2025,246,0,288,0,227,0,247,0,1185,0,1146,0,516,0,506,0,524,0,1306,0,1763,0,205,0,422,0,260,0
3/15/2025,350,0,285,0,225,0,244,0,1181,0,1140,0,498,0,497,0,515,0,1291,0,1756,0,221,0,438,0,273,0
3/16/2025,395,0,281,0,219,0,238,0,1178,0,1138,0,487,0,483,0,503,0,1279,0,1744,0,217,0,446,0,282,0
3/17/2025,354,0,274,0,215,0,233,0,1175,0,1135,0,479,0,480,0,498,0,1271,0,1736,0,211,0,442,0,282,0
3/18/2025,461,0,271,0,212,0,230,0,1171,0,1130,0,473,0,477,0,493,0,1269,0,1728,0,205,0,434,0,278,0
3/19/2025,434,0,299,0,229,0,240,0,1168,0,1122,0,470,0,473,0,489,0,1265,0,1724,0,200,0,427,0,273,0
3/20/2025,398,0,389,0,316,0,297,0,1173,0,1124,0,467,0,470,0,483,0,1260,0,1719,0,196,0,423,0,268,0
3/21/2025,325,0,433,0,365,0,350,0,1222,0,1168,0,471,0,465,0,481,0,1254,0,1714,0,192,0,419,0,263,0
3/22/2025,294,4,488,3,419,1,422,2,1273,1,1230,0,491,0,491,0,506,0,1252,0,1711,0,189,0,414,0,260,0
3/23/2025,309,0,515,0,449,0,460,0,1328,0,1290,0,524,0,550,0,560,0,1280,0,1717,0,188,0,411,0,257,0
3/24/2025,316,2,500,0,436,0,461,0,1354,0,1331,0,556,0,603,0,607,0,1340,0,1749,0,194,0,409,0,262,0
3/25/2025,301,0,459,0,396,0,430,0,1355,0,1342,0,581,0,643,0,644,0,1397,0,1805,0,218,0,420,0,262,0
3/26/2025,277,0,415,0,350,0,390,0,1343,0,1322,0,597,0,653,0,661,0,1438,0,1855,0,238,0,442,0,281,0
3/27/2025,270,0,388,0,319,0,360,0,1315,0,1287,0,592,0,643,0,651,0,1450,0,1898,0,269,0,471,0,306,0
3/28/2025,265,0,384,0,312,0,345,0,1291,0,1255,0,571,0,621,0,629,0,1440,0,1913,0,299,0,506,0,341,0
3/29/2025,260,0,369,0,303,0,337,0,1275,0,1248,0,547,0,600,0,607,0,1416,0,1903,0,320,0,527,0,364,0
3/30/2025,253,0,342,0,270,0,323,0,1266,0,1270,0,525,0,592,0,600,0,1394,0,1881,0,319,0,541,0,378,0
3/31/2025,341,0,325,0,249,0,310,0,1257,0,1234,0,510,0,594,0,608,0,1388,0,1867,0,299,0,539,0,383,0
4/1/2025,290,0,313,0,239,0,298,0,1244,0,1210,0,497,0,580,0,597,0,1392,0,1867,0,283,0,513,0,360,0
4/2/2025,265,0,307,0,234,0,288,0,1233,0,1192,0,489,0,555,0,577,0,1375,0,1868,0,280,0,494,0,338,0
4/3/2025,268,0,302,0,222,0,270,0,1224,0,1182,0,483,0,540,0,561,0,1352,0,1856,0,280,0,492,0,332,0
4/4/2025,264,0,320,0,239,0,274,0,1213,0,1172,0,478,0,531,0,550,0,1332,0,1835,0,255,0,483,0,330,0
4/5/2025,265,0,349,0,272,0,296,0,1208,0,1167,0,473,0,522,0,543,0,1318,0,1818,0,230,0,459,0,309,0
4/6/2025,248,0,346,26,273,24,299,0,1221,0,1186,0,470,0,511,0,534,0,1311,0,1807,0,217,0,445,0,295,0
4/7/2025,257,0,329,0,256,0,285,0,1224,0,1198,0,476,0,519,0,540,0,1303,0,1800,0,207,0,437,0,286,0
4/8/2025,238,0,324,4,254,0,283,0,1218,0,1190,0,482,0,539,0,552,0,1313,0,1800,0,198,0,432,7,280,0
4/9/2025,235,0,313,0,242,0,275,0,1211,0,1181,0,479,0,539,0,551,0,1325,0,1812,0,196,0,429,0,276,0
4/10/2025,257,8,305,0,234,0,268,0,1203,0,1174,0,473,0,530,0,543,0,1326,0,1818,0,192,0,426,0,272,0
4/11/2025,265,2,299,0,229,0,264,0,1196,0,1165,0,464,0,521,0,534,0,1316,0,1815,0,197,0,428,0,269,0
4/12/2025,286,13,297,0,231,0,260,0,1190,0,1158,0,460,0,515,9,525,42,1309,0,1806,12,203,27,433,0,273,30
4/13/2025,280,3,294,0,230,0,261,0,1186,0,1153,0,457,0,511,0,520,1,1299,3,1799,3,197,4,433,20,277,41
4/14/2025,270,0,301,0,246,1,271,0,1183,0,1152,0,453,0,505,0,515,0,1292,0,1791,0,190,0,427,0,271,0
4/15/2025,276,2,309,6,253,8,277,1,1185,19,1158,81,450,30,505,2,514,0,1287,0,1785,0,185,3,421,0,265,0
4/16/2025,263,0,324,66,265,44,288,2,1192,8,1171,11,454,0,507,0,519,0,1289,2,1782,0,180,5,417,2,261,0
4/17/2025,283,0,333,0,268,0,291,0,1198,0,1176,0,460,0,515,5,528,7,1290,0,1782,0,177,4,413,0,257,0
4/18/2025,275,2,335,0,267,0,293,0,1203,0,1181,2,468,7,526,0,536,0,1300,0,1786,2,176,0,411,0,254,42
4/19/2025,268,0,327,0,261,0,287,0,1204,0,1184,0,473,0,533,0,540,0,1308,0,1794,4,180,0,413,0,254,0
4/20/2025,276,0,321,0,255,0,282,0,1202,0,1182,0,475,0,537,0,543,0,1313,0,1800,0,184,17,417,0,257,0
4/21/2025,266,3,318,0,252,0,278,0,1197,0,1179,0,473,0,540,0,543,0,1317,0,1804,0,189,0,421,0,261,0
4/22/2025,293,0,323,0,255,0,280,0,1194,0,1178,0,471,0,535,0,540,0,1318,0,1807,0,193,0,425,0,265,0
4/23/2025,267,4,323,0,252,0,277,0,1195,0,1179,0,469,0,533,0,537,0,1315,0,1806,0,196,0,428,0,268,0
4/24/2025,488,4,317,0,247,0,273,0,1192,0,1177,0,467,0,527,0,534,0,1309,0,1802,0,197,0,429,0,271,0
4/25/2025,558,0,315,0,245,0,270,0,1188,0,1172,0,465,0,527,0,534,0,1307,0,1798,6,193,0,430,0,272,0
4/26/2025,429,0,321,0,249,0,270,0,1184,0,1168,0,463,0,525,0,533,0,1306,0,1796,0,189,0,426,0,270,0
4/27/2025,395,0,330,0,257,0,274,0,1183,0,1166,0,461,0,522,0,528,0,1304,0,1794,0,187,0,422,0,266,0
4/28/2025,379,0,408,0,322,0,317,0,1188,0,1170,0,463,0,519,0,528,0,1299,0,1791,0,186,0,420,0,262,0
4/29/2025,342,3,527,2,451,0,437,0,1224,0,1194,0,466,0,519,0,530,0,1298,0,1789,0,185,0,418,0,261,0
4/30/2025,335,0,550,6,475,14,482,10,1323,0,1298,2,499,0,535,0,544,0,1301,18,1789,3,185,5,416,0,259,0
5/1/2025,316,0,529,34,452,6,477,2,1358,9,1358,111,562,1,621,4,626,45,1330,44,1799,6,187,18,415,48,257,12
5/2/2025,307,9,510,5,436,8,463,4,1355,4,1361,4,596,23,683,25,687,17,1418,1,1842,2,194,3,421,0,261,0
5/3/2025,297,0,478,0,407,0,440,0,1342,9,1348,0,606,0,703,15,716,41,1487,5,1920,0,225,0,442,6,278,5
5/4/2025,292,0,444,20,375,3,411,1,1323,0,1332,0,591,0,697,0,708,0,1502,0,1950,0,281,0,488,28,326,24
5/5/2025,305,0,433,0,368,0,405,1,1303,0,1306,0,574,0,690,0,698,0,1496,0,1952,0,314,0,532,0,374,0
5/6/2025,287,0,414,0,347,0,388,0,1290,0,1295,0,554,0,675,0,678,0,1480,0,1942,0,324,0,562,0,409,0
5/7/2025,296,0,394,0,328,0,366,0,1275,0,1282,0,540,0,660,0,664,0,1459,0,1925,0,307,0,568,0,418,0
5/8/2025,321,1,385,0,321,0,359,0,1258,0,1263,0,531,0,641,0,653,0,1443,0,1910,0,293,0,554,0,406,0
5/9/2025,379,0,380,0,312,0,349,0,1248,0,1248,0,525,0,620,0,636,0,1430,0,1897,0,281,0,537,0,390,0
5/10/2025,312,0,374,0,306,0,345,0,1239,0,1241,0,521,0,606,0,622,0,1412,0,1883,0,275,0,524,0,376,0
5/11/2025,299,0,369,15,305,0,343,0,1234,0,1234,0,517,0,596,0,613,0,1398,0,1869,0,268,0,511,0,364,0
5/12/2025,295,0,378,1,311,2,344,7,1230,23,1234,84,513,3,592,0,608,2,1389,12,1862,41,256,40,499,40,352,17
5/13/2025,306,6,410,0,339,0,360,0,1230,0,1230,0,511,0,590,2,607,5,1384,0,1855,0,248,0,490,0,342,0
5/14/2025,341,0,416,8,345,44,370,2,1241,0,1243,0,509,0,587,0,604,0,1377,1,1852,0,243,0,484,0,335,0
5/15/2025,369,7,392,0,323,0,353,0,1247,0,1259,0,513,0,589,0,609,0,1375,0,1848,0,239,10,480,9,331,0
5/16/2025,346,0,382,0,314,0,343,0,1236,0,1250,0,520,3,605,0,623,0,1383,2,1849,2,235,25,477,0,327,2
5/17/2025,341,32,381,0,309,0,336,3,1224,4,1232,0,523,0,613,0,628,0,1396,2,1862,0,239,0,476,0,325,0
5/18/2025,315,0,405,11,329,20,347,3,1219,0,1228,0,520,0,604,0,613,0,1395,0,1867,0,245,7,481,1,328,9
5/19/2025,300,0,449,0,373,0,382,0,1227,0,1236,0,517,0,590,10,605,9,1380,0,1856,0,252,0,487,1,334,5
5/20/2025,293,1,492,0,412,0,419,4,1254,0,1268,0,520,0,580,15,606,0,1371,1,1846,0,250,0,491,22,340,0
5/21/2025,296,5,499,83,424,58,432,35,1290,0,1305,0,537,0,611,0,626,23,1377,0,1847,0,242,0,486,6,339,7
5/22/2025,330,4,504,2,424,2,433,0,1308,0,1334,0,558,0,642,0,657,0,1401,0,1859,2,243,0,481,27,334,0
5/23/2025,317,4,460,1,391,2,405,6,1308,0,1346,0,578,2,672,1,687,3,1438,0,1884,3,250,0,485,0,331,0
5/24/2025,302,1,435,8,373,0,393,0,1287,0,1329,0,591,0,687,0,702,0,1470,0,1917,22,259,7,495,4,340,3
5/25/2025,349,19,436,15,367,0,387,0,1269,5,1314,12,586,20,689,9,701,3,1484,6,1932,8,284,0,516,5,360,2
5/26/2025,382,12,450,0,375,1,395,5,1272,30,1323,48,580,60,678,21,693,17,1491,41,1943,0,300,7,533,5,380,2
5/27/2025,362,24,460,0,392,0,414,10,1304,41,1353,42,589,60,709,33,722,29,1515,44,1964,20,312,7,545,22,396,5
5/28/2025,637,7,461,36,390,20,415,31,1322,21,1376,31,609,23,753,21,762,18,1538,3,1980,16,324,15,565,33,414,26
5/29/2025,546,2,481,0,407,0,428,2,1331,3,1381,3,628,8,763,16,774,5,1576,25,2006,24,342,15,582,33,431,51
5/30/2025,573,16,519,0,444,0,470,0,1348,0,1392,1,643,4,758,9,768,7,1583,16,2029,14,366,20,601,36,450,32
5/31/2025,848,4,546,2,472,3,500,0,1392,0,1431,8,657,11,772,15,783,13,1593,36,2040,24,397,27,625,23,471,12
6/1/2025,1105,2,640,11,562,9,578,2,1459,0,1492,1,680,1,793,16,808,20,1613,1,2072,0,426,5,649,3,494,22
6/2/2025,1195,26,687,0,610,1,628,3,1549,10,1590,26,721,26,857,39,867,30,1647,13,2093,8,461,7,678,47,523,29
6/3/2025,977,99,733,6,658,0,691,0,1706,0,1726,0,797,3,983,1,989,1,1742,75,2205,101,498,15,713,52,555,98
6/4/2025,838,4,816,0,722,1,767,0,1822,3,1818,11,891,0,1090,0,1092,0,1865,0,2276,0,633,0,813,8,647,4
6/5/2025,707,0,859,0,783,0,822,0,1893,5,1873,0,973,0,1183,0,1182,0,1978,0,2363,0,718,0,871,0,708,0
6/6/2025,610,0,915,0,836,0,870,0,9,0,1910,0,1037,0,1247,0,1250,0,2057,6,2446,0,816,0,939,10,767,0
6/7/2025,533,0,976,0,895,0,920,0,1949,0,1936,0,1079,0,1283,0,1287,0,2111,0,2503,0,901,0,1015,4,831,2
6/8/2025,499,2,1041,0,954,0,967,6,1971,0,1959,0,1110,0,1317,0,1318,0,2145,0,2540,30,970,0,1070,0,881,2
6/9/2025,464,0,1093,4,1003,15,1005,1,1988,0,1978,9,1131,0,1343,1,1345,7,2173,0,2566,0,1009,0,1116,0,920,0
6/10/2025,456,0,1123,4,1030,1,1040,0,1996,17,1985,16,1146,9,1367,0,1368,9,2199,2,2594,0,1030,10,1147,3,951,8
6/11/2025,451,0,1127,25,1035,93,1048,9,1999,0,1993,18,1157,20,1388,11,1389,19,2224,3,2618,6,1056,0,1174,4,975,8
6/12/2025,448,0,1106,8,1018,5,1042,48,1992,14,1989,15,1163,4,1400,19,1401,35,2242,47,2636,41,1078,7,1201,34,1003,44
6/13/2025,400,0,1062,2,977,1,1013,3,1975,0,1976,0,1159,2,1412,35,1414,31,2254,1,2651,5,1092,0,1222,7,1024,32
6/14/2025,385,73,975,0,897,0,955,10,1946,0,1950,4,1149,2,1404,16,1406,20,2262,3,2662,0,1095,10,1235,39,1037,26
6/15/2025,409,0,852,0,780,0,875,3,1890,0,1902,0,1133,0,1368,2,1367,0,2232,1,2641,0,1101,0,1245,36,1047,53
6/16/2025,387,8,737,0,662,0,790,0,1803,2,1826,1,1100,0,1309,8,1308,11,2184,0,2609,10,1074,6,1246,23,1050,34
6/17/2025,454,15,653,0,584,0,715,0,1710,0,1735,0,1062,3,1230,0,1228,1,2118,7,2558,76,1037,10,1225,32,1032,18
6/18/2025,462,13,587,0,537,0,668,0,1634,0,1660,1,1019,0,1130,2,1125,3,2035,48,2499,19,979,8,1190,16,1003,7
6/19/2025,644,4,580,0,527,0,645,0,1582,0,1618,1,981,1,1055,2,1050,4,1953,14,2418,7,825,0,1144,41,957,13
6/20/2025,705,2,575,0,519,0,625,0,1556,0,1598,0,944,0,1008,3,1001,1,1885,7,2354,49,862,10,1085,6,905,14
6/21/2025,739,14,590,0,528,0,622,0,1562,0,1617,0,913,0,990,0,980,0,1843,0,2305,0,791,0,1028,43,853,76
6/22/2025,733,17,643,0,566,0,638,0,1598,14,1643,0,916,0,990,0,979,0,1830,0,2272,0,736,15,972,22,794,15
6/23/2025,626,60,720,0,637,0,680,0,1635,0,1678,0,928,2,1011,0,1004,7,1841,14,2271,0,708,0,925,6,744,18
6/24/2025,655,11,775,0,687,0,719,0,1700,0,1760,7,954,1,1044,0,1038,0,1865,4,2290,19,727,15,908,7,725,20
6/25/2025,761,2,824,0,739,0,784,0,1805,0,1837,0,991,0,1112,2,1108,5,1921,2,2333,0,772,0,914,9,726,0
6/26/2025,802,2,864,0,779,0,830,0,1889,0,1892,0,1047,0,1195,40,1185,2,1998,7,2396,19,831,0,947,12,756,39
6/27/2025,645,0,898,0,811,0,872,0,1949,0,1939,0,1115,0,1257,1,1248,4,2086,23,2476,45,876,0,995,7,797,0
6/28/2025,559,0,921,0,839,0,892,0,1987,0,1976,0,1186,0,1305,0,1292,0,2130,0,2527,0,951,10,1062,36,856,26
6/29/2025,545,0,946,0,863,0,902,0,2016,0,2008,0,1249,0,1350,0,1337,0,2177,5,2572,7,1016,7,1121,21,920,11
6/30/2025,635,48,978,0,890,0,933,0,2039,0,2030,0,1295,0,1385,0,1374,0,2221,26,2618,1,1048,5,1161,35,965,15
7/1/2025,600,8,999,0,914,0,963,1,2054,0,2047,0,1334,0,1415,2,1407,0,2255,0,2655,3,1073,0,1204,20,1004,39
7/2/2025,590,27,1012,0,926,0,979,0,2064,0,2056,2,1364,0,1440,11,1433,9,2280,2,2677,6,1108,5,1240,47,1036,19
7/3/2025,623,37,1013,0,926,0,986,0,2069,0,2062,0,1387,0,1455,0,1450,0,2300,0,2695,0,1132,0,1262,87,1059,36
7/4/2025,625,25,999,0,912,0,980,0,2062,0,2059,0,1399,0,1469,3,1464,6,2310,4,2710,25,1149,0,1276,29,1071,47
7/5/2025,695,17,981,0,895,0,971,1,2048,0,2046,0,1402,0,1469,0,1464,0,2317,17,2718,11,1160,0,1288,43,1087,19
7/6/2025,720,1,959,0,874,0,958,0,2031,0,2032,0,1393,0,1465,1,1458,0,2312,0,2718,7,1164,3,1296,35,1094,26
7/7/2025,754,6,946,0,861,0,950,0,2010,0,2010,0,1379,0,1444,16,1441,22,2301,11,2710,3,1158,2,1298,7,1098,13
7/8/2025,691,12,943,0,856,0,937,1,2003,0,2000,1,1359,0,1428,18,1426,25,2292,17,2708,20,1161,15,1299,29,1098,32
7/9/2025,649,106,955,1,868,1,935,3,2017,0,2011,0,1340,2,1426,6,1422,9,2287,14,2702,14,1159,0,1301,2,1100,7
7/10/2025,575,23,971,0,883,0,943,0,2040,0,2032,0,1347,0,1439,0,1435,0,2288,0,2703,0,1146,0,1299,1,1100,26
7/11/2025,541,0,995,1,908,0,966,0,2063,0,2057,0,1364,0,1463,0,1460,0,2303,0,2713,5,1144,0,1297,15,1098,5
7/12/2025,535,11,1023,0,934,0,996,0,2084,2,2081,6,1384,2,1487,7,1488,3,2326,10,2724,0,1148,0,1295,0,1097,23
7/13/2025,521,3,1050,68,960,6,1021,82,2105,58,2104,8,1406,3,1512,2,1551,4,2348,81,2748,6,1159,7,1298,0,1098,2
7/14/2025,511,96,1069,0,976,0,1033,0,2115,0,2118,0,1425,5,1539,0,1539,0,2371,3,2766,0,1176,5,1314,0,1112,0
7/15/2025,491,0,1077,0,986,0,1045,3,2117,0,2121,7,1442,0,1560,6,1559,5,2395,0,2785,40,1190,5,1326,19,1125,2
7/16/2025,484,0,1067,17,977,4,1043,2,2116,0,2120,0,1445,0,1568,0,1565,1,2408,9,2800,0,1203,0,1336,7,1137,0
7/17/2025,472,18,1047,14,959,28,1033,18,2112,2,2117,6,1443,0,1575,5,1571,5,2423,11,2810,12,1211,0,1343,0,1144,2
7/18/2025,445,0,1014,3,927,1,1010,2,2090,8,2101,0,1436,0,1575,29,1570,24,2425,4,2811,28,1219,13,1353,1,1155,0
7/19/2025,429,0,975,0,890,0,979,3,2052,0,2066,5,1413,0,1558,0,1558,0,2410,5,2801,0,1212,5,1359,29,1163,18
7/20/2025,487,15,930,0,847,0,933,0,2012,0,2026,0,1372,0,1520,0,1520,3,2379,0,2781,0,1203,0,1358,32,1163,18
7/21/2025,508,69,887,0,802,0,892,0,1962,5,1978,0,1322,0,1465,0,1469,0,2337,0,2753,3,1185,3,1351,6,1157,14
7/22/2025,471,50,841,0,761,0,854,0,1910,0,1923,0,1253,0,1407,0,1412,0,2286,0,2706,39,1163,0,1340,13,1146,34
7/23/2025,446,0,797,1,723,0,820,0,1867,0,1880,0,1174,0,1339,0,1346,0,2223,0,2652,0,1123,0,1318,10,1123,37
7/24/2025,448,0,791,20,714,21,802,7,1833,0,1842,0,1112,10,1279,0,1285,0,2160,1,2591,4,1062,7,1288,34,1094,38
7/25/2025,450,0,806,0,722,0,800,0,1811,2,1819,0,1044,0,1233,11,1233,7,2105,5,2544,8,1035,40,1251,42,1062,72
7/26/2025,502,31,813,0,734,0,805,0,1803,0,1812,0,993,0,1201,2,1208,1,2068,2,2511,7,985,7,1215,61,1025,20
7/27/2025,534,8,820,2,737,0,807,0,1810,0,1827,0,957,1,1196,4,1202,1,2055,5,2494,20,955,0,1181,12,991,26
7/28/2025,567,0,812,13,726,7,802,8,1832,4,1848,2,962,0,1212,7,1215,6,2055,8,2493,3,940,5,1154,5,965,7
7/29/2025,541,0,816,2,733,4,805,11,1863,0,1866,0,977,1,1237,2,1237,1,2078,2,2516,0,937,7,1143,23,950,20
7/30/2025,496,0,846,4,760,0,830,53,1911,0,1908,0,992,0,1255,0,1259,0,2103,0,2539,8,984,0,1152,0,955,8
7/31/2025,508,8,880,4,794,0,863,0,1946,0,1941,0,1015,0,1296,8,1295,2,2131,2,2551,5,993,0,1166,0,968,0
8/1/2025,561,97,907,0,820,0,885,0,1978,0,1979,0,1046,0,1333,1,1332,0,2166,2,2579,0,1001,0,1170,0,973,0
8/2/2025,573,0,929,0,835,0,916,0,1992,0,1996,0,1071,0,1370,0,1367,0,2203,0,2612,2,1033,0,1183,1,983,8
8/3/2025,582,40,928,8,837,15,928,5,1982,0,1990,0,1089,0,1390,0,1387,0,2232,0,2640,0,1069,0,1205,0,1003,15
8/4/2025,620,54,912,4,824,8,906,0,1962,0,1972,0,1098,0,1389,0,1387,0,2242,12,2654,2,1094,0,1228,1,1023,0
8/5/2025,626,35,907,0,819,0,893,0,1940,0,1950,0,1084,0,1374,0,1370,0,2234,0,2645,0,1100,0,1240,0,1037,18
8/6/2025,576,13,917,7,827,1,900,0,1930,0,1935,0,1064,0,1350,0,1342,0,2211,0,2628,0,1089,0,1240,0,1039,1
8/7/2025,515,2,932,3,841,1,909,2,1934,0,1938,17,1046,5,1331,0,1324,0,2188,1,2607,0,1062,0,1232,12,1033,26
8/8/2025,523,6,956,1,862,0,922,6,1943,24,1946,0,1048,0,1323,0,1319,0,2177,0,2594,6,1037,0,1220,7,1022,17
8/9/2025,567,0,985,1,890,0,938,0,1957,0,1957,0,1057,0,1327,0,1322,0,2176,11,2591,37,1020,5,1207,0,1011,32
8/10/2025,620,36,1015,0,919,0,956,0,1972,0,1973,0,1068,0,1335,0,1333,0,2182,8,2596,25,1017,15,1201,10,1005,40
8/11/2025,615,50,1031,0,939,0,975,0,1990,0,1990,0,1085,0,1354,0,1349,0,2196,4,2606,29,1022,10,1201,0,1005,0
8/12/2025,585,33,1038,0,945,0,990,0,2006,0,2005,0,1104,0,1373,0,1369,0,2212,0,2617,0,1033,0,1207,1,1009,0
8/13/2025,640,9,1029,2,937,1,985,1,2018,0,2020,0,1119,0,1392,0,1388,0,2230,1,2632,1,1045,5,1216,15,1019,0
8/14/2025,710,9,1022,0,932,0,983,0,2029,0,2029,0,1128,0,1410,0,1406,0,2248,0,2649,0,1066,0,1225,7,1026,6
8/15/2025,650,0,1026,0,937,0,986,0,2043,0,2044,0,1140,0,1423,8,1420,0,2264,0,2665,0,1080,15,1235,25,1038,0
8/16/2025,569,37,1040,0,953,0,1000,0,2061,98,2059,26,1149,2,1445,0,1439,0,2278,0,2680,0,1094,0,1248,0,1049,0
8/17/2025,532,0,1055,1,969,0,1020,29,2069,1,2073,3,1159,12,1464,80,1459,28,2301,7,2700,10,1113,28,1259,12,1060,2
8/18/2025,501,0,1071,0,983,0,1040,1,2075,4,2078,8,1168,10,1485,5,1483,3,2323,6,2722,5,1130,0,1270,2,1072,1
8/19/2025,519,0,1090,7,1002,8,1060,10,2078,0,2082,23,1178,13,1498,10,1495,2,2339,0,2737,0,1147,10,1282,2,1086,3
8/20/2025,503,0,1103,0,1014,0,1065,0,2082,0,2087,0,1184,0,1505,0,1502,0,2348,0,2746,0,1160,0,1294,10,1099,7
8/21/2025,560,38,1100,0,1013,0,1065,0,2082,0,2089,0,1187,0,1511,19,1506,28,2353,0,2751,4,1171,25,1304,23,1110,15
8/22/2025,629,8,1085,0,999,0,1056,0,2072,0,2081,0,1184,0,1513,2,1508,0,2356,0,2753,0,1175,0,1309,2,1117,2
8/23/2025,651,14,1057,8,972,3,1036,0,2052,0,2062,0,1175,1,1505,0,1499,0,2353,5,2751,0,1177,20,1311,22,1120,10
8/24/2025,670,0,1013,0,930,0,1013,0,2026,0,2038,0,1162,0,1488,0,1479,0,2339,7,2742,12,1173,0,1312,0,1122,0
8/25/2025,630,2,978,0,892,0,984,0,2002,0,2014,0,1142,0,1456,2,1453,0,2317,19,2726,11,1161,0,1310,2,1121,1
8/26/2025,600,0,960,33,875,26,952,0,1996,3,2001,11,1121,8,1422,0,1420,0,2289,0,2700,0,1146,0,1302,16,1116,3
8/27/2025,561,0,966,0,879,0,943,1,2000,2,2001,0,1102,10,1408,25,1402,23,2265,0,2675,1,1125,0,1289,5,1104,0
8/28/2025,512,0,981,6,892,9,947,2,2007,3,2012,0,1096,0,1402,0,1399,0,2256,0,2661,0,1107,0,1273,1,1089,9
8/29/2025,551,47,1002,9,917,6,980,0,2010,2,2017,2,1102,1,1407,0,1403,0,2254,0,2657,2,1091,20,1258,14,1076,7
8/30/2025,526,5,1019,1,936,0,994,0,2013,0,2018,0,1110,0,1413,0,1408,1,2261,0,2662,21,1089,10,1251,0,1067,0
8/31/2025,528,23,1029,1,946,81,998,0,2008,0,2015,0,1114,0,1417,0,1411,0,2264,0,2666,0,1093,0,1250,2,1066,0
9/1/2025,480,0,1025,1,942,10,998,0,2004,24,2011,1,1115,0,1417,9,1411,9,2280,43,2704,136,1111,25,1253,25,1067,12
9/2/2025,462,9,1008,7,927,0,992,0,1993,0,2001,2,1110,0,1414,10,1409,1,2283,1,2706,5,1143,7,1269,7,1079,6
9/3/2025,453,0,985,1,904,0,967,0,1984,0,1993,0,1103,13,1410,3,1404,7,2267,5,2683,6,1137,10,1282,3,1094,7
9/4/2025,432,0,965,0,884,0,946,0,1972,0,1981,0,1092,2,1396,0,1391,0,2258,4,2672,4,1119,30,1273,2,1090,4
9/5/2025,449,0,936,0,857,0,928,0,1959,0,1968,9,1077,0,1383,0,1376,0,2241,0,2657,0,1103,0,1264,0,1079,0
9/6/2025,485,0,900,0,824,0,904,0,1933,0,1945,0,1059,0,1363,0,1356,0,2224,0,2639,0,1085,0,1251,0,1070,5
9/7/2025,475,0,859,0,783,0,868,0,1897,0,1910,0,1042,0,1337,0,1329,0,2201,0,2621,0,1068,0,1239,0,1058,0
9/8/2025,502,0,824,2,749,32,838,0,1862,0,1871,0,1027,0,1295,0,1288,0,2168,0,2592,0,1049,0,1226,0,1046,0
9/9/2025,485,0,803,19,728,7,815,3,1832,2,1837,0,1008,0,1246,1,1242,0,2126,0,2555,0,1026,3,1211,3,1032,0
9/10/2025,485,0,802,21,726,9,815,2,1810,0,1812,0,988,0,1202,0,1199,0,2083,0,2513,1,988,0,1184,0,1005,0
9/11/2025,488,0,803,0,727,6,813,37,1801,7,1802,0,967,0,1177,0,1168,0,2047,0,2474,0,953,0,1145,1,964,0
9/12/2025,492,22,807,0,730,0,814,0,1796,0,1799,0,949,0,1160,4,1149,0,2023,7,2447,0,926,0,1113,0,930,2
9/13/2025,555,12,803,0,725,0,812,0,1795,0,1796,0,945,0,1152,1,1141,0,2011,0,2432,2,900,29,1082,0,897,0
9/14/2025,567,15,814,59,737,35,822,16,1791,0,1795,0,942,0,1146,20,1136,1,2006,0,2424,0,873,35,1060,5,878,0
9/15/2025,511,23,820,20,743,8,826,3,1798,0,1811,9,937,0,1146,4,1135,5,2002,5,2420,0,864,0,1045,6,862,37
9/16/2025,475,22,839,5,763,15,840,0,1820,5,1839,0,941,0,1159,8,1147,4,2011,1,2424,0,860,10,1036,0,852,0
9/17/2025,572,8,870,0,794,0,865,0,1854,0,1876,0,954,0,1179,0,8,0,2033,0,2439,0,863,5,1032,2,847,0
9/18/2025,576,0,895,0,818,0,883,0,1895,0,1922,0,973,0,1233,0,1217,0,2067,0,2466,0,883,0,1037,17,850,0
9/19/2025,561,0,904,0,827,0,897,0,1944,7,1960,5,995,13,1279,4,1268,10,2116,5,2507,0,907,5,1057,1,869,1
9/20/2025,510,0,904,21,826,1,902,0,1959,4,1975,4,1011,10,1322,0,1311,0,2165,70,2562,6,953,0,1093,17,900,1
9/21/2025,496,0,909,17,829,28,905,21,1966,27,1977,39,1021,16,1353,15,1358,16,2197,47,2601,10,1000,15,1147,72,953,82
9/22/2025,515,0,914,1,833,0,908,10,1961,0,1971,11,1028,5,1360,4,1348,5,2214,1,2630,0,1048,24,1181,0,986,0
9/23/2025,480,0,917,10,837,38,912,8,1959,26,1969,0,1032,0,1363,38,1349,23,2227,2,2643,62,1074,30,1209,62,1015,29
9/24/2025,460,17,914,36,837,69,914,107,1953,16,1962,0,1029,0,1354,0,1340,0,2217,0,2639,0,1086,25,1231,50,1037,93
9/25/2025,433,0,905,1,826,0,910,0,1942,23,1953,39,1022,44,1363,53,1350,41,2233,13,2646,25,1083,25,1235,0,1043,1
9/26/2025,406,0,888,0,812,2,903,8,1923,7,1933,7,1012,20,1365,2,1351,3,2225,19,2646,4,1090,5,1234,8,1043,7
9/27/2025,387,4,870,1,794,19,886,10,1901,1,1909,0,998,10,1367,9,1350,16,2232,1,2652,8,1086,35,1238,4,1044,22
9/28/2025,412,14,843,0,769,0,859,2,1877,0,1887,0,986,35,1338,35,1320,49,2213,14,2636,2,1078,25,1238,2,1047,0
9/29/2025,392,0,808,0,738,0,822,0,1858,3,1883,1,972,2,1322,0,1303,0,2195,0,2618,8,1068,9,1232,1,1043,0
9/30/2025,375,0,781,32,696,0,781,0,1838,25,1865,32,956,30,1301,50,1286,72,2187,37,2610,42,1056,15,1222,0,1034,2
10/1/2025,368,36,748,16,660,2,749,0,1810,4,1829,5,945,14,1277,6,1263,6,2169,5,2598,2,1041,20,1213,30,1023,28
10/2/2025,586,28,731,16,649,5,735,17,1778,4,1786,41,928,2,1236,8,1223,7,2131,1,2572,5,1025,5,1202,20,1014,14
10/3/2025,533,9,734,0,658,0,733,0,1761,0,1767,0,911,0,1193,12,1169,20,2080,28,2527,0,995,0,1185,3,1002,2
10/4/2025,522,6,746,0,674,0,755,0,1754,0,1761,0,893,0,1143,0,1125,0,2034,0,2467,0,953,0,1152,1,976,0
10/5/2025,512,4,781,0,708,0,788,0,1767,0,1765,0,879,0,1126,0,1113,0,2001,0,2427,0,917,5,1112,0,939,4
10/6/2025,516,0,823,4,749,4,825,0,1789,0,1778,0,873,0,1120,1,1107,0,1991,0,2411,0,890,0,1069,15,896,3
10/7/2025,485,0,848,0,770,0,850,0,1819,0,1810,0,884,0,1135,0,1123,0,1990,0,2407,0,881,5,1046,5,875,18
10/8/2025,456,35,857,0,779,0,857,0,1836,0,1829,0,906,0,1157,0,1149,0,2013,0,2420,0,878,15,1040,6,869,16
10/9/2025,529,0,867,43,791,4,868,2,1842,0,1831,0,923,0,1182,0,1165,0,2035,0,2440,0,887,3,1040,0,868,6
10/10/2025,540,0,871,6,795,18,875,5,1845,3,1834,3,939,0,1187,0,1168,0,2046,0,2453,0,908,0,1053,2,878,2
10/11/2025,463,7,868,23,792,24,871,2,1845,0,1836,2,945,2,1189,0,1171,0,2048,0,2457,0,915,0,1063,0,891,0
10/12/2025,496,0,863,0,787,0,867,0,1841,0,1830,0,947,0,1190,0,1172,0,2048,0,2458,0,915,0,1068,3,897,6
10/13/2025,578,0,857,0,781,0,860,0,1833,0,1823,0,943,0,1177,0,1162,0,2048,0,2458,38,915,0,1069,1,898,0
10/14/2025,468,0,842,3,766,0,843,0,1826,0,1817,0,933,0,1170,7,1157,10,2040,20,2453,0,915,0,1069,46,898,0
10/15/2025,419,0,824,0,749,0,825,0,1819,0,1815,0,918,30,1165,0,1152,1,2035,28,2447,19,911,3,1067,0,897,8
10/16/2025,394,0,819,4,743,0,819,0,1813,0,1809,0,909,0,1165,8,1151,34,2044,45,2457,73,901,1,1062,2,892,4
10/17/2025,377,0,826,15,750,4,823,15,1808,0,1810,60,902,10,1171,23,1157,33,2048,0,2472,0,912,0,1059,0,889,0
10/18/2025,366,0,819,1,746,1,822,10,1810,0,1816,0,900,0,1171,0,1158,0,2045,0,2479,0,922,0,1068,0,895,1
10/19/2025,356,9,799,4,724,0,807,0,1805,0,1809,0,904,0,1169,0,1154,0,2038,0,2457,0,927,0,1073,0,901,1
10/20/2025,346,5,776,0,703,0,784,0,1788,0,1789,2,901,0,1158,0,1145,0,2033,0,2448,0,914,0,1073,3,901,0
10/21/2025,341,0,755,0,679,0,768,0,1765,0,1767,0,890,0,1142,2,1127,0,2018,0,2435,9,906,0,1063,0,891,0
10/22/2025,335,0,732,0,660,0,753,0,1747,0,1746,0,874,0,1117,0,1109,0,1997,0,2418,0,898,0,1051,0,879,0
10/23/2025,323,0,710,0,642,0,738,0,1728,0,1726,0,860,0,1095,0,1079,2,1972,4,2396,0,890,0,1036,0,866,0
10/24/2025,318,0,693,0,624,0,722,0,1712,0,1709,0,843,1,1074,0,1060,0,1947,0,2371,0,879,0,1019,0,849,0
10/25/2025,330,0,662,0,596,0,696,0,1695,0,1679,0,828,0,1059,0,1042,0,1928,0,2351,0,867,0,994,6,825,0
10/26/2025,323,0,632,0,567,0,669,0,1670,0,1649,0,813,0,1024,0,1008,4,1900,0,2328,0,846,0,972,0,803,0
10/27/2025,311,0,612,0,542,0,649,0,1641,0,1619,0,799,0,993,0,975,0,1865,0,2297,0,820,0,951,0,783,1
10/28/2025,301,0,591,0,522,0,633,0,1619,0,1591,0,788,0,960,2,943,0,1833,0,2265,0,775,0,928,0,763,0
10/29/2025,296,0,581,0,510,0,626,0,1600,0,1571,0,774,0,934,0,917,0,1800,0,2234,0,732,0,903,0,739,0
10/30/2025,291,0,578,0,506,0,625,0,1586,0,1552,0,757,0,908,0,893,0,1774,0,2207,0,700,0,875,0,709,0
10/31/2025,299,0,569,0,496,0,616,0,1578,0,1543,0,740,0,888,0,879,0,1750,0,2185,0,669,0,845,0,680,0
11/1/2025,299,0,560,0,479,0,605,0,1569,0,1530,0,725,0,875,0,867,2,1735,52,2173,39,646,10,818,18,654,14
11/2/2025,452,2,537,15,460,5,590,0,1557,0,1519,0,714,0,868,61,862,67,1726,52,2165,26,634,7,798,2,629,4
11/3/2025,445,41,531,0,454,5,586,0,1541,0,1500,0,699,0,848,4,852,10,1719,1,2164,6,632,20,786,8,613,8
11/4/2025,479,0,549,8,473,3,594,0,1533,11,1495,3,681,1,841,4,843,2,1699,5,2148,5,629,5,782,18,608,14
11/5/2025,355,16,613,8,536,19,655,4,1553,9,1518,7,684,0,844,9,845,3,1688,0,2136,0,619,0,775,0,603,0
11/6/2025,416,9,688,0,618,0,740,0,1610,0,1583,0,704,0,869,0,867,0,1701,0,2136,0,605,0,767,0,594,0
11/7/2025,402,12,764,0,688,0,808,0,1696,0,1678,0,742,0,926,0,913,0,1734,0,2154,0,600,0,763,0,590,15
11/8/2025,354,0,793,0,715,0,837,0,1759,0,1721,0,792,0,1001,0,989,1,1800,0,2206,0,620,0,762,3,588,0
11/9/2025,325,0,761,0,685,0,810,0,1770,0,1730,0,838,0,1044,0,1033,0,1872,0,2278,0,680,0,776,9,597,2
11/10/2025,309,0,752,0,653,0,780,0,1747,0,1713,0,866,0,1059,0,1045,0,1907,0,2319,0,750,0,828,0,639,0
11/11/2025,297,0,694,0,624,0,756,0,1718,0,1687,0,856,0,1046,0,1031,0,1911,0,2332,0,786,0,875,0,687,0
11/12/2025,293,0,652,0,583,0,720,0,1691,0,1664,0,827,0,1023,0,1009,0,1890,0,2318,0,788,0,891,0,707,0
11/13/2025,287,0,601,0,533,0,670,0,1661,0,1634,0,792,0,999,0,985,0,1867,0,2298,0,780,0,892,0,710,0
11/14/2025,285,0,568,0,496,0,630,0,1620,0,1594,0,764,0,980,0,960,0,1838,0,2274,0,747,0,880,0,704,0
11/15/2025,281,0,547,0,474,0,610,0,1584,0,1551,0,738,0,937,0,920,0,1803,0,2243,0,712,0,857,0,680,0
11/16/2025,275,0,524,0,459,0,600,0,1562,0,1521,0,711,0,888,0,876,0,1761,0,2205,0,683,0,834,0,658,0
11/17/2025,270,0,516,0,443,0,585,0,1542,0,1496,0,691,0,854,0,844,0,1724,0,2169,0,651,0,804,0,630,0
11/18/2025,267,0,503,0,426,0,572,0,1526,0,1478,0,673,0,830,0,821,0,1691,0,2137,0,624,0,777,0,600,0
11/19/2025,260,0,490,0,416,0,565,0,1511,0,1458,0,659,0,809,0,804,0,1666,0,2112,0,593,0,750,0,574,0
11/20/2025,260,2,479,0,406,0,560,0,1498,0,1442,0,647,0,790,0,787,0,1645,0,2093,0,570,0,724,3,549,0
11/21/2025,260,0,471,0,399,0,555,0,1488,0,1428,0,638,0,769,0,772,0,1625,0,2074,0,550,0,704,14,529,0
11/22/2025,258,6,464,0,392,0,548,0,1479,0,1417,0,631,0,756,0,762,0,1611,0,2061,0,533,0,688,0,513,0
11/23/2025,262,0,453,0,384,0,540,0,1470,0,1405,0,625,0,752,0,755,0,1598,0,2049,0,518,0,674,0,499,0
11/24/2025,260,0,446,0,377,0,534,0,1461,0,1396,0,619,0,747,0,748,0,1585,0,2037,0,507,0,662,0,486,0
11/25/2025,270,0,444,0,374,0,530,0,1454,0,1387,0,613,0,738,0,741,0,1572,0,2025,0,494,0,651,0,474,0
11/26/2025,258,0,441,0,369,0,525,0,1448,0,1379,0,609,0,731,0,734,0,1561,0,2014,0,482,0,640,0,464,0
11/27/2025,253,0,437,0,365,0,519,0,1441,0,1374,0,604,0,722,0,727,0,1552,0,2006,0,472,0,631,0,454,0
11/28/2025,250,0,439,0,366,0,519,0,1436,0,1369,0,600,0,718,0,722,0,1543,0,1998,0,460,0,622,0,446,0
11/29/2025,248,0,440,0,369,0,521,0,1433,0,1367,0,597,0,716,0,719,0,1536,0,1989,0,450,0,614,0,438,0
11/30/2025,243,0,434,0,362,0,512,0,1431,0,1365,0,594,0,711,0,716,0,1531,0,1984,0,442,0,607,0,431,0
12/1/2025,235,0,422,0,352,0,497,0,1424,0,1358,0,591,0,711,0,715,0,1528,0,1981,0,438,0,601,0,425,0
12/2/2025,232,0,417,0,346,0,486,0,1415,0,1348,0,587,0,706,0,710,0,1524,0,1978,0,434,0,597,0,421,0
12/3/2025,231,0,412,0,338,0,476,0,1406,0,1340,0,583,0,698,0,703,0,1518,0,1973,0,431,0,593,0,417,0
12/4/2025,228,0,404,0,330,0,466,0,1399,0,1334,0,579,0,693,0,695,0,1510,0,1967,0,428,0,589,0,413,0
12/5/2025,225,0,396,0,324,0,458,0,1393,0,1324,0,574,0,687,0,689,0,1504,0,1961,0,426,0,585,0,409,0
12/6/2025,223,0,394,0,319,0,449,0,1385,0,1321,0,571,0,681,0,682,0,1496,0,1955,0,422,0,582,0,405,0
12/7/2025,221,0,391,0,309,0,432,0,1378,0,1313,0,568,0,675,0,677,0,1490,0,1948,0,417,0,578,0,401,0
12/8/2025,219,0,386,0,304,0,422,0,1368,0,1301,0,564,0,671,0,671,0,1481,0,1942,0,412,0,574,0,397,0
12/9/2025,217,0,391,0,312,0,419,0,1358,0,1295,0,560,0,661,0,664,0,1474,0,1934,0,407,0,570,0,393,0
12/10/2025,215,0,384,0,307,0,411,0,1354,0,1293,0,558,0,655,0,657,0,1465,0,1927,0,403,0,565,0,389,0
12/11/2025,213,0,381,0,305,0,406,0,1350,0,1292,0,554,0,652,0,653,0,1459,0,1919,0,399,0,560,0,385,0
12/12/2025,212,0,371,0,295,0,397,0,1347,0,1289,0,550,0,649,0,652,0,1456,0,1915,0,395,0,555,0,381,0
12/13/2025,211,0,367,0,291,0,390,0,1340,0,1280,0,548,0,647,0,649,0,1455,0,1912,0,390,0,551,0,377,0
12/14/2025,210,0,366,0,291,0,390,0,1334,0,1274,0,543,0,640,0,642,0,1448,0,1909,0,385,0,547,0,374,0
12/15/2025,208,0,360,0,284,0,383,0,1330,0,1272,0,539,0,633,0,636,0,1441,0,1902,0,378,0,545,0,372,0
12/16/2025,206,0,355,0,282,0,375,0,1323,0,1266,0,536,0,630,0,633,0,1435,0,1897,0,371,0,543,0,370,0
12/17/2025,206,0,352,0,281,0,375,0,1318,0,1261,0,533,0,629,0,630,0,1428,0,1893,0,365,0,538,0,367,0
12/18/2025,204,0,347,0,276,0,368,0,1314,0,1258,0,532,0,624,0,626,0,1423,0,1888,0,361,0,533,0,364,0
12/19/2025,203,0,345,0,274,0,363,0,1310,0,1252,0,530,0,618,0,622,0,1417,0,1884,0,356,0,529,0,361,0
12/20/2025,201,0,342,0,268,0,358,0,1307,0,1251,0,527,0,613,0,618,0,1414,0,1880,0,350,0,525,0,357,0
12/21/2025,200,0,339,0,268,0,354,0,1303,0,1246,0,526,0,608,0,614,0,1407,0,1877,0,346,0,521,0,354,0
12/22/2025,199,0,346,0,271,0,356,0,1298,0,1241,0,524,0,606,0,613,0,1400,0,1873,0,341,0,518,0,351,0
12/23/2025,198,0,353,0,280,0,360,0,1296,0,1240,0,521,0,603,0,610,0,1392,0,1869,0,337,0,514,0,348,0
12/24/2025,196,0,347,0,275,0,361,0,1296,0,1243,0,520,0,602,0,608,0,1387,0,1865,0,332,0,511,0,345,0
12/25/2025,195,0,340,0,270,0,355,0,1293,0,1243,0,518,0,603,0,609,0,1386,0,1863,0,328,0,508,0,341,0
12/26/2025,195,0,335,0,265,0,347,0,1289,0,1237,0,516,0,606,0,611,0,1386,0,1862,0,324,0,505,0,338,0
12/27/2025,194,0,332,0,261,0,343,0,1283,0,1232,0,515,0,602,0,607,0,1388,0,1864,0,322,0,502,0,335,0
12/28/2025,194,0,330,0,262,0,343,0,1280,0,1228,0,513,0,599,0,601,0,1384,0,1862,0,320,0,500,0,332,0
12/29/2025,193,0,325,0,252,0,334,0,1276,0,1226,0,512,0,592,0,596,0,1376,0,1857,0,317,0,498,0,330,0
12/30/2025,192,0,326,0,259,0,333,0,1272,0,1221,0,511,0,589,0,593,0,1372,0,1852,0,313,0,495,0,327,0
12/31/2025,191,0,325,0,257,0,334,0,1268,0,1217,0,508,0,587,0,591,0,1369,0,1849,0,309,0,491,0,324,0
1/1/2026,190,0,323,0,256,0,332,0,1266,0,1218,0,506,0,585,0,589,0,1365,0,1846,0,305,0,487,0,321,0
1/2/2026,192,0,325,0,254,0,330,0,1264,0,1216,0,504,0,582,0,587,0,1361,0,1843,0,303,0,484,0,318,0
1/3/2026,190,0,315,0,244,0,320,0,1261,0,1214,0,502,0,582,0,586,0,1359,0,1840,0,299,0,483,0,315,0
1/4/2026,188,0,307,0,239,0,316,0,1257,0,1210,0,501,0,581,0,584,0,1358,0,1838,0,297,0,481,0,312,0
1/5/2026,186,0,296,0,223,0,300,0,1253,0,1204,0,498,0,574,0,579,0,1355,0,1836,0,293,0,479,0,310,0
1/6/2026,185,0,293,0,225,0,299,0,1247,0,1195,0,497,0,569,0,575,0,1351,0,1833,0,291,0,477,0,308,0
1/7/2026,184,0,293,0,226,0,300,0,1243,0,1187,0,496,0,564,0,569,0,1346,0,1829,0,287,0,475,0,306,0
1/8/2026,181,0,294,0,227,0,297,0,1240,0,1184,0,494,0,558,0,563,0,1337,0,1824,0,284,0,472,0,304,0
1/9/2026,181,0,296,0,230,0,299,0,1238,0,1183,0,493,0,552,0,560,0,1330,0,1819,0,283,0,469,0,301,0
1/10/2026,180,0,298,0,231,0,301,0,1237,0,1182,0,492,0,551,0,559,0,1327,0,1815,0,279,0,466,0,298,0
1/11/2026,180,0,298,0,228,0,299,0,1237,0,1182,0,491,0,549,0,558,0,1327,0,1813,0,275,0,463,0,295,0
1/12/2026,179,0,294,0,220,0,292,0,1234,0,1180,0,490,0,548,0,557,0,1325,0,1811,0,272,0,461,0,292,0
1/13/2026,178,0,292,0,225,0,291,0,1230,0,1177,0,488,0,547,0,555,0,1323,0,1809,0,270,0,459,0,290,0
1/14/2026,178,0,292,0,227,0,293,0,1228,0,1175,0,487,0,545,0,552,0,1321,0,1807,0,267,0,457,0,288,0
1/15/2026,177,0,290,0,220,0,289,0,1228,0,1175,0,487,0,543,0,550,0,1319,0,1804,0,266,0,455,0,286,0
1/16/2026,176,0,284,0,212,0,278,0,1223,0,1173,0,486,0,542,0,549,0,1317,0,1802,0,263,0,453,0,284,0
1/17/2026,176,0,281,0,206,0,272,0,1219,0,1167,0,485,0,542,0,547,0,1316,0,1800,0,261,0,451,0,282,0
1/18/2026,175,0,278,0,209,0,273,0,1215,0,1163,0,483,0,542,0,545,0,1315,0,1799,0,259,0,450,0,281,0
1/19/2026,174,0,275,0,200,0,267,0,1212,0,1161,0,481,0,538,0,540,0,1311,0,1797,0,257,0,449,0,280,0
1/20/2026,172,0,273,0,201,0,265,0,1208,0,1157,0,480,0,535,0,536,0,1304,0,1794,0,256,0,448,0,279,0
1/21/2026,171,0,277,0,211,0,270,0,1206,0,1155,0,478,0,531,0,533,0,1299,0,1790,0,255,0,447,0,278,0
1/22/2026,170,0,273,0,203,0,263,0,1206,0,1155,0,478,0,525,0,530,0,1296,0,1787,0,254,0,446,0,277,0
1/23/2026,170,0,270,0,204,0,260,0,1202,0,1154,0,476,0,520,0,529,0,1293,0,1784,0,253,0,444,0,276,0
1/24/2026,170,0,267,0,202,0,256,0,1199,0,1150,0,474,0,524,0,528,0,1292,0,1782,0,250,0,442,0,275,0
1/25/2026,169,0,262,0,192,0,248,0,1196,0,1148,0,473,0,523,0,526,0,1292,0,1781,0,249,0,441,0,273,0
1/26/2026,168,0,256,0,183,0,239,0,1191,0,1145,0,471,0,520,0,524,0,1291,0,1780,0,248,0,439,0,272,0
1/27/2026,167,0,258,0,192,0,240,0,1186,0,1141,0,469,0,516,0,521,0,1289,0,1779,0,247,0,438,0,271,0
1/28/2026,166,0,261,0,198,0,245,0,1186,0,1139,0,467,0,512,0,517,0,1287,0,1777,0,246,0,437,0,270,0
1/29/2026,166,0,259,0,196,0,238,0,1187,0,1142,0,466,0,506,0,514,0,1282,0,1774,0,245,0,435,0,269,0
1/30/2026,165,0,257,0,194,0,234,0,1183,0,1142,0,464,0,507,0,515,0,1276,0,1771,0,244,0,434,0,267,0
1/31/2026,165,0,260,0,200,0,235,0,1180,0,1140,0,462,0,508,0,515,0,1275,0,1769,0,243,0,433,0,266,0
2/1/2026,170,0,260,0,202,0,236,0,1179,0,1140,0,460,0,508,0,514,0,1275,0,1768,0,242,0,432,0,265,0
2/2/2026,168,0,245,0,182,0,228,0,1177,0,1139,0,459,0,506,0,511,0,1275,0,1767,0,241,0,431,0,264,0
2/3/2026,166,0,250,0,182,0,225,0,1173,0,1136,0,458,0,506,0,511,0,1274,0,1766,0,240,0,430,0,263,0
2/4/2026,162,0,249,0,182,0,219,0,1169,0,1125,0,457,0,507,0,512,0,1274,0,1764,0,240,0,428,0,262,0
2/5/2026,160,0,245,0,177,0,213,0,1165,0,1123,0,454,0,503,0,506,0,1273,0,1763,0,238,0,427,0,260,0
2/6/2026,160,0,245,0,177,0,212,0,1161,0,1121,0,451,0,496,0,500,0,1268,0,1761,0,237,0,426,0,259,0
2/7/2026,159,0,245,0,177,0,214,0,1160,0,1119,0,448,0,493,0,498,0,1263,0,1757,0,235,0,424,0,258,0
2/8/2026,158,0,245,0,176,0,215,0,1159,0,1118,0,445,0,490,0,496,0,1259,0,1754,0,234,0,422,0,257,0
2/9/2026,157,0,240,0,166,0,210,0,1157,0,1117,0,441,0,487,0,493,0,1258,0,1752,0,233,0,420,0,255,0
2/10/2026,157,0,242,0,182,0,207,0,1153,0,1113,0,438,0,489,0,493,0,1256,0,1751,0,232,0,418,0,253,0
2/11/2026,156,0,247,0,189,0,225,0,1151,0,1106,0,434,0,489,0,492,0,1255,0,1750,0,231,0,417,0,252,0
2/12/2026,156,0,246,0,191,0,231,0,1155,0,1118,0,432,0,484,0,487,0,1252,0,1748,0,229,0,416,0,251,0
2/13/2026,155,0,241,0,177,0,219,0,1156,0,1120,0,437,0,488,0,491,0,1248,0,1746,0,228,0,415,0,250,0
2/14/2026,155,0,234,0,164,0,208,0,1150,0,1119,0,446,0,495,0,498,0,1251,0,1745,0,227,0,414,0,249,0
2/15/2026,155,0,232,0,160,0,204,0,1146,0,1110,0,444,0,495,0,498,0,1257,0,1748,0,226,0,412,0,248,0
2/16/2026,154,0,230,0,153,0,199,0,1142,0,1100,0,441,0,490,0,494,0,1257,0,1750,0,225,0,411,0,247,0
2/17/2026,154,0,228,0,144,0,193,0,1138,0,1095,0,436,0,481,0,486,0,1251,0,1748,0,228,0,413,0,248,0
2/18/2026,154,0,227,0,144,0,190,0,1134,0,1089,0,433,0,472,0,480,0,1244,0,1744,0,225,0,414,0,249,0
2/19/2026,154,0,229,0,155,0,195,0,1131,0,1084,0,428,0,466,0,474,0,1238,0,1739,0,221,0,412,0,248,0
2/20/2026,154,0,235,0,161,0,205,0,1131,0,1084,0,424,0,459,0,468,0,1234,0,1734,0,218,0,410,0,247,0
2/21/2026,154,0,235,0,172,0,211,0,1136,0,1089,0,419,0,452,0,465,0,1227,0,1730,0,215,0,408,0,245,0
2/22/2026,153,0,233,0,169,0,208,0,1136,0,1093,0,424,0,462,0,470,0,1226,0,1728,0,211,0,406,0,243,0
2/23/2026,153,0,229,0,158,0,201,0,1132,0,1100,0,429,0,468,0,475,0,1230,0,1728,0,209,0,404,0,241,0
2/24/2026,153,0,232,0,167,0,205,0,1128,0,1095,0,433,0,470,0,479,0,1234,0,1732,0,210,0,403,0,239,0
2/25/2026,153,0,235,0,173,0,208,0,1128,0,1091,0,432,0,472,0,480,0,1237,0,1735,0,212,0,403,6,239,5
2/26/2026,153,3,235,0,171,0,206,0,1125,0,1096,1,427,0,466,0,475,0,1236,0,1735,0,214,0,405,2,241,1
2/27/2026,153,0,228,0,163,0,202,0,1123,0,1097,0,423,0,467,0,473,0,1231,0,1733,0,213,0,407,0,243,0
2/28/2026,153,0,226,0,159,0,200,0,1121,0,1095,0,419,0,468,0,476,0,1230,0,1732,0,210,0,406,0,242,0
3/1/2026,152,0,222,0,149,0,196,0,1117,0,1090,0,414,0,473,0,477,0,1233,0,1733,0,208,0,405,0,241,0
3/2/2026,152,0,214,0,134,0,186,0,1112,0,1085,0,409,0,461,0,469,0,1234,0,1734,0,207,0,404,0,240,0
3/3/2026,156,0,208,0,126,0,178,0,1104,0,1078,0,404,0,452,0,464,0,1229,0,1732,0,206,0,404,0,239,0
3/4/2026,158,0,215,0,147,0,188,0,1098,0,1071,0,400,0,450,0,460,0,1224,0,1728,0,205,0,403,0,238,0
3/5/2026,158,0,219,0,150,0,192,0,1101,0,1067,0,395,0,443,0,452,0,1219,0,1724,0,202,0,402,0,237,0
3/6/2026,154,0,217,0,148,0,194,0,1102,0,1071,0,392,0,436,0,447,0,1213,0,1720,0,200,0,400,0,236,0
3/7/2026,152,0,215,0,147,0,193,0,1102,0,1075,0,396,0,441,0,450,0,1208,0,1717,0,196,0,398,0,234,0
3/8/2026,152,0,214,0,146,0,192,0,1101,0,1072,0,402,0,446,0,456,0,1207,0,1714,0,194,0,396,0,232,0
3/9/2026,152,0,223,0,152,0,195,0,1099,0,1072,0,404,0,443,0,453,0,1212,0,1716,0,192,0,394,0,230,0
3/10/2026,152,0,232,0,166,0,205,0,1102,0,1073,0,400,0,441,0,449,0,1214,0,1719,0,193,0,393,0,229,0
3/11/2026,152,0,232,0,167,0,206,0,1108,0,1081,0,395,0,439,0,449,0,1213,0,1718,0,195,0,394,0,228,0
3/12/2026,155,0,233,0,172,0,209,0,1109,0,1084,0,401,0,447,0,453,0,1212,0,1718,0,194,0,394,0,229,0
3/13/2026,156,3,230,0,164,0,206,0,1110,0,1088,0,409,0,454,0,460,0,1215,0,1719,0,194,0,393,0,228,0
3/14/2026,158,16,224,0,154,T,201,0,1106,0,1089,0,413,0,456,0,462,0,1221,0,1722,0,195,0,393,0,228,0
3/15/2026,331,0,219,0,147,0,194,0,1102,0,1085,0,410,0,458,0,462,0,1224,0,1726,0,197,0,394,0,228,0
3/16/2026,341,4,218,0,140,0,193,0,1097,0,1076,0,404,0,456,0,461,0,1226,0,1728,0,199,0,395,0,230,0
3/17/2026,363,6,225,0,155,0,196,0,1092,0,1070,0,399,0,450,0,454,0,1224,0,1729,0,201,0,396,0,231,0
3/18/2026,357,0,234,0,164,0,202,0,1096,0,1068,0,394,0,445,0,449,0,1220,0,1727,0,203,0,398,0,233,0
3/19/2026,321,0,237,0,161,0,203,0,1100,0,1077,0,390,0,440,0,445,0,1214,0,1723,0,200,0,398,0,233,0
3/20/2026,310,0,310,0,227,0,240,0,1105,0,1086,0,384,0,440,0,447,0,1211,0,1719,0,199,0,397,0,233,0
3/21/2026,252,0,384,0,301,0,286,0,1126,0,1100,0,388,0,453,0,456,0,1211,0,1719,0,196,0,395,0,232,0
3/22/2026,222,3,406,5,329,4,334,0,1168,0,1172,1,418,0,460,0,462,0,1218,1,1722,1,197,0,392,0,230,0
3/23/2026,221,0,406,0,332,0,350,0,1207,0,1227,0,458,0,517,0,510,0,1228,0,1728,0,200,0,392,0,228,0
3/24/2026,264,0,397,0,322,0,348,0,1216,0,1242,0,488,0,568,0,563,0,1278,0,1742,0,204,0,396,0,227,0
3/25/2026,264,0,376,0,298,0,340,0,1212,0,1241,0,500,0,594,0,592,0,1333,0,1781,0,214,0,404,0,231,0
3/26/2026,245,0,340,0,270,0,324,0,1204,0,1230,0,492,0,599,0,595,0,1358,0,1832,0,242,0,424,0,242,0
3/27/2026,265,0,307,0,249,0,304,0,1186,0,1214,0,483,0,596,0,590,0,1365,0,1849,0,274,0,458,0,266,0
3/28/2026,228,0,305,0,241,0,281,0,1167,0,1198,0,470,0,589,0,580,0,1360,0,1852,0,286,0,487,0,288,0
3/29/2026,213,2,318,0,249,0,270,0,1152,0,1188,0,458,0,574,0,567,0,1347,0,1848,0,290,0,497,0,298,0
3/30/2026,289,0,323,0,248,0,272,0,1145,0,1184,6,445,0,560,0,553,0,1333,0,1838,0,281,0,500,0,303,0
3/31/2026,301,0,318,0,245,0,270,0,1146,0,1188,0,434,0,554,0,550,0,1321,0,1827,0,271,0,498,0,303,0
4/1/2026,264,0,316,0,242,0,268,0,1144,0,1187,0,421,0,556,0,550,0,1315,0,1820,0,262,0,491,0,298,0
4/2/2026,243,0,310,0,242,0,266,0,1140,0,1185,0,416,0,556,0,550,0,1315,0,1818,0,254,0,482,0,290,0
4/3/2026,397,0,307,0,239,0,264,0,1137,0,1182,0,412,0,552,0,545,0,1313,0,1817,0,249,0,476,0,284,0
4/4/2026,365,0,334,0,264,0,272,0,1135,0,1180,0,409,0,549,0,543,0,1311,0,1815,0,247,0,472,0,280,0
4/5/2026,295,0,351,0,280,0,290,0,1143,0,1182,0,407,0,547,0,541,0,1311,0,1814,0,245,0,471,0,276,0
4/6/2026,261,0,339,1,263,2,293,0,1158,0,1202,0,416,0,546,0,539,0,1310,0,1813,0,245,0,469,0,275,0
4/7/2026,355,0,352,12,279,11,294,0,1157,0,1206,0,428,0,562,0,551,0,1310,0,1812,0,244,5,468,0,273,0
4/8/2026,300,0,412,0,322,0,320,0,1160,0,1198,0,433,0,571,1,560,17,1318,1,1813,9,243,0,467,0,272,0
4/9/2026,302,2,417,0,338,0,349,0,1178,0,1225,0,436,0,567,1,557,0,1325,0,1819,0,245,0,466,0,271,0
4/10/2026,260,3,386,0,308,0,352,0,1202,0,1254,0,453,0,583,0,571,0,1323,0,1821,0,249,0,467,0,270,0
4/11/2026,247,0,371,0,293,0,335,0,1201,0,1245,0,468,0,611,0,596,0,1345,0,1821,0,251,0,469,0,272,0
4/12/2026,305,0,385,0,304,0,336,0,1186,0,1226,0,466,0,616,0,602,0,1375,0,1838,0,254,0,470,0,273,0
4/13/2026,260,0,384,0,305,0,346,0,1187,0,1227,0,456,0,601,0,588,0,1375,0,1863,0,258,0,474,0,276,0
4/14/2026,259,0,371,0,293,0,338,0,1190,0,1234,0,442,0,597,0,585,0,1363,0,1859,0,286,0,484,0,281,0
4/15/2026,310,1,353,0,276,0,324,0,1184,0,1234,0,431,0,599,0,587,0,1360,0,1852,0,313,0,500,0,295,0
4/16/2026,318,2,345,0,270,0,302,0,1171,0,1224,0,428,0,603,0,590,0,1364,0,1850,0,314,0,518,0,313,0
4/17/2026,300,0,353,0,281,0,303,0,1156,0,1214,0,422,0,600,0,584,0,1365,0,1852,0,299,0,517,0,315,0
4/18/2026,259,0,352,0,284,0,313,0,1155,0,1212,0,418,0,589,0,574,0,1359,0,1852,0,299,0,511,0,308,0
4/19/2026,249,0,351,0,273,0,313,0,1159,0,1219,0,411,0,586,0,572,0,1349,0,1847,0,297,0,511,0,306,0
4/20/2026,267,6,361,0,279,0,312,0,1157,0,1214,4,414,0,588,0,575,0,1346,0,1841,0,292,0,508,0,304,0
4/21/2026,272,0,370,0,290,0,321,0,1155,0,1210,0,414,0,587,0,575,0,1348,0,1842,0,289,0,505,0,301,0
4/22/2026,474,0,366,0,286,0,329,0,1160,0,1214,1,411,0,580,0,568,0,1345,0,1842,0,288,0,503,0,300,0
4/23/2026,478,0,359,3,273,0,315,2,1161,0,1217,0,413,0,582,0,571,0,1340,0,1839,0,287,0,502,0,298,0
4/24/2026,393,0,350,0,265,0,306,0,1153,0,1208,0,410,0,585,0,573,0,1339,0,1837,0,283,0,501,0,297,0
4/25/2026,330,0,349,0,263,0,302,0,1144,0,1199,0,405,0,581,0,570,0,1340,0,1837,0,282,0,498,0,296,0
4/26/2026,305,14,415,5,325,27,322,8,1143,0,1196,0,402,0,571,0,563,5,1337,1,1837,0,281,0,497,0,294,0
4/27/2026,324,3,493,13,418,5,409,3,1169,0,1220,0,396,0,564,0,559,0,1327,0,1833,0,279,0,496,0,293,0
4/28/2026,314,11,511,0,433,T,444,0,1249,0,1295,0,408,0,570,0,566,0,1323,0,1828,0,277,0,495,0,292,0
4/29/2026,465,7,470,0,399,1,426,0,1282,3,1336,0,452,0,633,0,624,0,1344,0,1833,0,275,0,493,0,291,0
4/30/2026,371,2,431,9,360,1,392,1,1270,0,1336,0,495,0,688,0,674,0,1404,0,1856,0,285,0,493,0,289,0
5/1/2026,397,49,409,0,330,0,371,0,1241,0,1306,0,517,0,693,0,683,0,1447,0,1901,5,318,5,501,3,290,9
5/2/2026,516,27,410,2,333,0,369,0,1220,0,1284,1,498,0,674,0,666,0,1453,0,1935,0,357,0,526,0,308,0
5/3/2026,593,10,451,9,371,1,395,0,1217,0,1267,0,468,0,651,0,645,1,1434,0,1927,0,371,0,554,0,334,0
5/4/2026,529,2,488,5,412,9,436,5,1239,0,1283,0,456,0,635,0,632,0,1413,0,1903,0,373,0,569,1,351,0
5/5/2026,440,0,501,0,425,0,448,0,1276,0,1318,0,471,0,643,0,639,0,1401,0,1889,0,364,0,569,0,354,0
5/6/2026,385,3,561,1,487,5,488,0,1291,0,1338,0,494,0,671,0,663,0,1412,0,1887,0,349,0,561,0,349,0
5/7/2026,365,0,622,0,549,0,561,0,1328,0,1376,0,528,0,694,0,687,0,1439,0,1900,0,344,0,552,0,341,0
5/8/2026,345,0,640,0,564,0,594,0,1389,0,1429,0,560,0,726,0,717,0,1465,0,1922,0,352,0,551,0,338,0
5/9/2026,335,0,618,0,543,0,590,0,1421,0,1456,0,577,0,776,0,766,0,1508,0,1951,0,376,7,561,18,344,5
5/10/2026,313,0,577,0,503,0,555,1,1426,8,1461,1,587,0,807,5,796,14,1563,0,2000,0,415,0,579,0,358,0
5/11/2026,293,4,531,6,455,47,498,19,1412,16,1441,10,595,5,811,7,800,16,1595,53,2046,18,455,15,607,33,384,34
5/12/2026,400,4,502,2,427,1,476,9,1375,1,1418,3,590,7,800,26,789,9,1559,9,2056,3,499,9,640,26,418,16
5/13/2026,377,0,487,0,416,0,457,0,1354,0,1400,0,574,0,781,0,769,0,1583,5,2049,0,520,0,665,25,445,1
5/14/2026,340,6,469,0,399,0,438,0,1339,0,1384,0,559,0,762,0,750,0,1563,2,2032,4,521,7,679,15,460,57
5/15/2026,321,0,456,0,385,0,426,0,1326,0,1369,0,550,0,747,0,735,0,1540,5,2015,16,504,15,679,15,462,38
5/16/2026,321,0,478,0,400,0,424,0,1314,0,1350,0,536,0,731,0,720,0,1524,0,1998,0,477,0,670,88,456,11
5/17/2026,345,0,506,5,426,0,449,0,1310,0,1344,0,524,0,717,0,705,0,1506,0,1982,0,462,0,655,25,444,2
5/18/2026,358,0,497,0,420,0,455,0,1323,0,1360,1,516,0,709,0,696,0,1491,0,1966,0,445,0,640,0,429,0
5/19/2026,345,0,486,2,417,2,448,7,1326,6,1366,0,525,6,717,0,704,0,1484,1,1957,0,433,0,626,0,414,0
5/20/2026,315,0,475,0,407,0,440,0,1319,0,1360,0,540,0,724,0,710,21,1494,0,1957,0,424,0,614,0,401,0
5/21/2026,290,0,469,0,401,0,435,0,1309,0,1352,0,535,0,722,0,707,0,1498,0,1964,0,423,0,605,0,391,0
5/22/2026,285,2,475,0,406,0,438,0,1304,0,1347,0,528,0,716,0,701,0,1492,0,1962,0,428,0,605,71,389,9
5/23/2026,301,22,482,50,413,43,445,3,1304,49,1352,2,518,0,710,8,696,6,1490,0,1958,0,435,0,609,52,392,2
5/24/2026,437,22,470,2,400,4,439,6,1307,0,1354,0,513,0,709,0,695,7,1485,0,1956,10,430,17,607,12,392,14
5/25/2026,451,89,442,0,371,0,416,0,1301,3,1350,0,510,0,712,2,698,1,1482,5,1953,13,426,3,605,17,389,48
5/26/2026,411,1,436,0,369,0,406,0,1287,0,1333,0,503,0,709,0,696,0,1483,0,1954,2,424,3,602,23,385,35
5/27/2026,350,0,435,0,369,0,404,6,1278,0,1318,1,493,14,700,1,689,0,1485,30,1957,3,424,0,600,34,381,0
5/28/2026,327,0,486,0,411,0,421,0,1274,4,1316,9,485,12,685,0,674,0,1470,6,1955,0,426,0,601,7,381,16
5/29/2026,330,4,547,0,470,2,476,4,1289,0,1336,1,490,10,691,42,679,11,1458,0,1941,0,425,25,601,5,382,19
5/30/2026,319,0,563,0,489,0,508,2,1340,0,1377,0,506,7,691,0,681,1,1460,62,1947,32,424,7,598,11,381,9
5/31/2026,319,17,536,4,465,2,501,2,1365,13,1409,34,530,80,726,25,721,24,1478,34,1963,21,426,3,596,22,377,0
6/1/2026,325,0,498,0,420,0,463,4,1360,6,1404,16,563,30,791,3,773,3,1526,0,1985,2,436,0,600,4,378,7
6/2/2026,336,0,489,7,419,0,462,0,1331,0,1382,0,572,0,773,0,764,0,1560,6,2022,0,453,0,612,4,389,68
6/3/2026,340,5,498,51,424,14,464,0,1325,0,1374,0,567,0,756,0,749,0,1551,0,2027,0,480,0,627,0,401,0
